date,H,Q,S,dH,Qs
2016-01-01,42.80142857142857,363.42857142857144,0.8390477875623363,0.0,26346.292311808807
2016-01-02,42.77571428571429,348.42857142857144,0.8087325908901839,0.02571428571428669,24346.27076932173
2016-01-03,42.74666666666667,331.3333333333333,0.7391080859728176,0.02904761904761699,21158.594998761044
2016-01-04,42.71857142857142,315.0,0.7077619362020562,0.028095238095247055,19262.448855675164
2016-01-05,42.74142857142857,328.57142857142856,0.7443209106107611,0.02285714285714846,21130.207336652922
2016-01-06,42.77285714285715,358.7142857142857,0.824383588485466,0.031428571428577357,25550.04989647961
2016-01-07,42.787142857142854,381.42857142857144,0.8722227023371539,0.014285714285705353,28744.472965250483
2016-01-08,42.80375,389.375,0.9224803321636416,0.01660714285714704,31034.083334649233
2016-01-09,42.81,392.2857142857143,0.9319324290051529,0.006250000000001421,31586.43846916574
2016-01-10,42.76875,373.0,0.8825355927741589,0.041250000000005116,28441.651055451373
2016-01-11,42.69285714285714,338.2857142857143,0.7943730576365047,0.0758928571428541,23217.84494310746
2016-01-12,42.6825,333.625,0.7775322143042762,0.010357142857145618,22412.521583763624
2016-01-13,42.74571428571429,362.14285714285717,0.8433973721256071,0.06321428571429522,26389.180861777
2016-01-14,42.75333333333333,365.8333333333333,0.8610707471372772,0.007619047619037644,27216.724175515057
2016-01-15,42.74125,360.125,0.8365591154291278,0.012083333333329449,26029.369564754226
2016-01-16,42.73571428571428,357.7142857142857,0.8366251198163267,0.005535714285720417,25857.166217390728
2016-01-17,42.678333333333335,331.8333333333333,0.7776242683389198,0.05738095238094587,22294.798822984165
2016-01-18,42.68,332.57142857142856,0.7806514383471715,0.0016666666666651508,22431.372255428487
2016-01-19,42.748333333333335,363.5,0.8644791971806497,0.06833333333333513,27150.179458334358
2016-01-20,42.7475,363.125,0.8490075354319728,0.0008333333333325754,26636.762416642716
2016-01-21,42.7475,363.125,0.8810793591989761,0.0,27642.983815508676
2016-01-22,42.67142857142857,328.85714285714283,0.8069853735047537,0.07607142857143145,22929.082927915184
2016-01-23,42.60333333333333,299.5,0.6860946406879885,0.0680952380952391,17753.933798154943
2016-01-24,42.43333333333333,265.5,0.585979322457595,0.1700000000000017,13441.896873719264
2016-01-25,42.445,253.33333333333334,0.5908840126219839,0.011666666666670267,12933.269268269985
2016-01-26,42.501666666666665,260.3333333333333,0.7318807999727303,0.05666666666666487,16462.048457626628
2016-01-27,42.538333333333334,273.8333333333333,0.6724125508628337,0.036666666666668846,15908.743023373954
2016-01-28,42.501666666666665,260.1666666666667,0.7343985178041219,0.036666666666668846,16508.103642608177
2016-01-29,42.574285714285715,263.42857142857144,0.7353195676345632,0.07261904761904958,16736.04143240669
2016-01-30,42.68571428571429,296.2857142857143,0.7820109386150564,0.11142857142857565,20018.765047115856
2016-01-31,42.65,277.3333333333333,0.7301283349367522,0.035714285714291805,17495.043110420484
2016-02-01,42.63142857142857,268.57142857142856,0.7033941252497538,0.018571428571426907,16321.959221795429
2016-02-02,42.715714285714284,313.2857142857143,0.7568966538021501,0.08428571428571274,20487.59212264188
2016-02-03,42.71333333333334,313.0,0.8069600298085425,0.0023809523809461552,21822.781478118377
2016-02-04,42.66,282.625,0.68822403617854,0.05333333333334167,16805.605094636532
2016-02-05,42.63,279.1666666666667,0.7455378358734639,0.02999999999999403,17982.37260126795
2016-02-06,42.56333333333333,315.5,0.7856803798496633,0.06666666666666998,21417.018610397943
2016-02-07,42.52666666666667,304.1666666666667,0.7461495090989961,0.03666666666666174,19608.809099121623
2016-02-08,42.49285714285714,293.85714285714283,0.6949492013000579,0.03380952380953062,17644.243973030363
2016-02-09,42.457142857142856,283.7142857142857,0.7164676823531695,0.0357142857142847,17562.710886007615
2016-02-10,42.45428571428572,282.57142857142856,0.7021931808062016,0.0028571428571382285,17143.464692176458
2016-02-11,42.42428571428571,274.0,0.6452024185372859,0.030000000000008242,15274.263975484291
2016-02-12,42.40428571428571,268.42857142857144,0.613662448248458,0.01999999999999602,14232.199765480695
2016-02-13,42.46111111111111,284.3333333333333,0.7106406339876361,0.05682539682539556,17457.882070793865
2016-02-14,42.49571428571429,294.7142857142857,0.7118014469975709,0.03460317460318407,18124.823953925348
2016-02-15,42.51571428571429,300.7142857142857,0.7017577290905381,0.01999999999999602,18232.86881502205
2016-02-16,42.527142857142856,304.2857142857143,0.7052731498929493,0.011428571428567125,18541.832617299893
2016-02-17,42.50571428571429,297.7142857142857,0.7336405003865314,0.021428571428565135,18871.078251771134
2016-02-18,42.48428571428571,275.42857142857144,0.6383625127943321,0.021428571428579346,15191.13095589566
2016-02-19,42.472857142857144,250.0,0.575065257970835,0.011428571428567125,12421.409572170036
2016-02-20,42.449999999999996,242.42857142857142,0.529136780000267,0.02285714285714846,11083.208284723307
2016-02-21,42.45285714285715,243.28571428571428,0.545613782064632,0.0028571428571524393,11468.739343137755
2016-02-22,42.462857142857146,246.85714285714286,0.578135169573529,0.00999999999999801,12330.73118702746
2016-02-23,42.449999999999996,242.57142857142858,0.5783802842758676,0.01285714285715045,12121.79314875951
2016-02-24,42.428333333333335,235.5,0.5649902961669787,0.021666666666661172,11495.970554168749
2016-02-25,42.446666666666665,241.5,0.5503897197813062,0.01833333333333087,11484.211737068825
2016-02-26,42.415,271.8333333333333,0.6520944996989885,0.03166666666666629,15315.352257730325
2016-02-27,42.410000000000004,270.14285714285717,0.646685920221295,0.0049999999999954525,15093.87109885196
2016-02-28,42.365,258.125,0.5797403800731219,0.045000000000001705,12929.369956390765
2016-02-29,42.39142857142857,265.14285714285717,0.611047621944992,0.026428571428567693,13998.08842555769
2016-03-01,42.410000000000004,257.7142857142857,0.5743674013655449,0.018571428571434012,12789.159947754495
2016-03-02,42.621428571428574,347.0,0.9132777469554539,0.21142857142856997,27380.797475922074
2016-03-03,42.64714285714285,369.0,0.9613845365045469,0.025714285714279583,30650.477239023363
2016-03-04,42.565000000000005,294.8333333333333,0.792987273904939,0.08214285714284841,20200.240620544853
2016-03-05,42.553333333333335,285.3333333333333,0.7096864622544955,0.011666666666670267,17495.758416667628
2016-03-06,42.77875,491.75,1.5518745390480648,0.2254166666666677,65934.80391544294
2016-03-07,42.864285714285714,570.5714285714286,1.6854336299194996,0.0855357142857116,83087.44767234699
2016-03-08,42.9225,625.625,1.7966584681215827,0.05821428571428555,97116.57683584404
2016-03-09,42.94555555555556,647.0,1.7490187716868775,0.02305555555555827,97771.5485523138
2016-03-10,42.973333333333336,673.5,1.9229294197980165,0.027777777777778567,111896.0321098145
2016-03-11,42.958571428571425,659.4285714285714,1.7957784948338473,0.014761904761911637,102313.81273971753
2016-03-12,42.957142857142856,659.1428571428571,1.8183604463015672,0.0014285714285691142,103555.52351056303
2016-03-13,42.97666666666667,677.8333333333334,1.8023152007364625,0.019523809523811053,105552.2292680908
2016-03-14,42.95166666666666,653.0,1.7150010492394216,0.025000000000005684,96758.98719724879
2016-03-15,42.91571428571428,618.8571428571429,1.6545789729704357,0.035952380952380736,88469.10856892071
2016-03-16,42.957499999999996,658.375,1.792678214292928,0.04178571428571587,101973.99047055321
2016-03-17,42.94166666666666,643.3333333333334,1.7115424314234196,0.015833333333333144,95134.37450823936
2016-03-18,42.95125,652.5,1.7311938829316793,0.009583333333338828,97597.78634415637
2016-03-19,42.95857142857143,659.2857142857143,1.7374736087319058,0.007321428571430033,98970.46812161789
2016-03-20,42.96,660.8571428571429,1.7570872893072564,0.0014285714285691142,100326.2704498537
2016-03-21,42.98666666666667,686.3333333333334,1.94864148886543,0.026666666666670835,115552.88137652892
2016-03-22,43.01333333333333,712.1666666666666,2.0104852607528607,0.026666666666656624,123707.57067643643
2016-03-23,43.06428571428571,762.2857142857143,2.1134716882023903,0.050952380952381304,139196.38540008906
2016-03-24,43.11714285714286,815.7142857142857,2.288782864455567,0.0528571428571496,161308.1847831382
2016-03-25,43.09875,797.0,2.1738414404126685,0.018392857142856656,149692.4606599687
2016-03-26,43.07,768.0,2.0319300773743216,0.028750000000002274,134829.12667018862
2016-03-27,43.026250000000005,724.875,1.9034514926346036,0.04374999999999574,119211.64422251112
2016-03-28,43.00625,705.375,1.869269816900398,0.020000000000003126,113921.52742910462
2016-03-29,43.08428571428571,784.0,2.1268456720793005,0.07803571428571132,144067.42139703885
2016-03-30,42.995,694.375,1.8087123268487963,0.0892857142857153,108511.8873369667
2016-03-31,42.965714285714284,666.2857142857143,1.7758434698278587,0.029285714285713027,102230.13324273491
2016-04-01,42.97714285714286,677.2857142857143,1.8295047313445274,0.01142857142857423,107058.01698067153
2016-04-02,42.98,680.0,1.7683986232774684,0.0028571428571382285,103896.95591479783
2016-04-03,42.98428571428571,684.1428571428571,1.872646149424843,0.004285714285714448,110692.00688415108
2016-04-04,43.00833333333333,707.1666666666666,1.982210754655789,0.024047619047621538,121111.49134086499
2016-04-05,43.01666666666667,715.5,1.9621197043126604,0.008333333333339965,121296.67042484523
2016-04-06,43.02285714285715,721.1428571428571,1.9861040733319153,0.006190476190475636,123747.67578461564
2016-04-07,43.03142857142858,729.5714285714286,2.036457873339338,0.008571428571428896,128368.06386143452
2016-04-08,43.02571428571429,723.8571428571429,1.9749477057208156,0.005714285714290668,123515.71230718131
2016-04-09,43.035,733.25,1.9710584274802363,0.0092857142857099,124872.07034446993
2016-04-10,42.99142857142857,691.1428571428571,1.7925101410999762,0.043571428571425486,107039.28214460594
2016-04-11,42.97428571428571,674.5714285714286,1.7590093144707324,0.017142857142857792,102520.28961788872
2016-04-12,43.00375,702.875,1.8525700951802138,0.029464285714283278,112503.61776814211
2016-04-13,42.968333333333334,668.8333333333334,1.6380657674080439,0.03541666666666288,94659.23411436212
2016-04-14,42.94,641.7142857142857,1.633355036947809,0.028333333333335986,90559.9233376814
2016-04-15,42.90571428571428,609.1428571428571,1.5716375470375274,0.034285714285715585,82715.19429272524
2016-04-16,42.896,599.8,1.5204712628038266,0.009714285714281345,78794.95652032911
2016-04-17,42.898,601.8,1.5128650034279274,0.0020000000000024443,78662.20254303687
2016-04-18,42.904,607.6,1.539389411112484,0.006000000000000227,80812.77173498408
2016-04-19,42.898,602.0,1.5334308419432898,0.006000000000000227,79758.03169582796
2016-04-20,42.886,590.6,1.5461109685152217,0.012000000000000455,78894.70312363977
2016-04-21,42.864,570.6,1.4072513260880135,0.02200000000000557,69377.2652159269
2016-04-22,42.818,528.2,1.3353711929272698,0.045999999999999375,60941.640738601505
2016-04-23,42.791999999999994,504.0,1.2428468344527133,0.026000000000003354,54120.51111434408
2016-04-24,42.791999999999994,504.2,1.2948864570532455,0.0,56408.98334223569
2016-04-25,42.766000000000005,532.0,1.2736549929828356,0.025999999999989143,58543.297021457445
2016-04-26,42.739999999999995,521.0,1.2573361680910886,0.02600000000001046,56598.2332049195
2016-04-27,42.727999999999994,509.6,1.2939443917824267,0.012000000000000455,56971.646961320854
2016-04-28,42.698,482.0,1.1020753150278844,0.02999999999999403,45895.70607927324
2016-04-29,42.70333333333334,486.8333333333333,1.121056727185125,0.005333333333339851,47154.3364815516
2016-04-30,42.684,469.6,1.1240535013383037,0.01933333333334275,45606.717293339585
2016-05-01,42.65,439.6,1.0254006204576755,0.03399999999999892,38946.19214187598
2016-05-02,42.65,440.8,1.0330796116833043,0.0,39344.96098051205
2016-05-03,42.638,430.0,1.015876657257285,0.012000000000000455,37741.84957042266
2016-05-04,42.59400000000001,393.2,0.9466752538373289,0.043999999999989825,32160.906127483577
2016-05-05,42.57,375.0,0.936950595750204,0.024000000000008015,30357.199302306613
2016-05-06,42.556,439.6,0.9702791571013293,0.014000000000002899,36852.59958869472
2016-05-07,42.55,480.0,1.0892760795751315,0.006000000000000227,45174.45757213986
2016-05-08,42.53,461.2,1.0672272781976209,0.01999999999999602,42526.53106888977
2016-05-09,42.542,472.8,1.071069907786627,0.012000000000000455,43753.120047491095
2016-05-10,42.522000000000006,453.4,0.9856257305565391,0.01999999999999602,38610.66581864653
2016-05-11,42.49166666666667,425.5,0.9872145666583266,0.03033333333333843,36293.166556973396
2016-05-12,42.488,422.4,0.9589600937183631,0.003666666666667595,34997.5938458854
2016-05-13,42.476,411.4,0.9335737474779823,0.012000000000000455,33183.841511154984
2016-05-14,42.476,411.4,0.9438783843596544,0.0,33550.119416928545
2016-05-15,42.48666666666667,421.0,0.8775192582947057,0.010666666666672597,31919.236508914946
2016-05-16,42.468,404.2,0.888700012315079,0.018666666666668164,31035.96388607803
2016-05-17,42.446000000000005,384.8,0.8823150009345972,0.021999999999998465,29334.079787872295
2016-05-18,42.436,376.4,0.8582932257484664,0.010000000000005116,27912.519662836847
2016-05-19,42.434000000000005,374.4,0.8414944385116871,0.001999999999995339,27220.796736086217
2016-05-20,42.432,372.8,0.8072144582649561,0.0020000000000024443,26000.313123557575
2016-05-21,42.426,367.4,0.8085264539444317,0.006000000000000227,25665.346297081516
2016-05-22,42.42,362.6,0.7958463751207531,0.006000000000000227,24932.78458146303
2016-05-23,42.39666666666667,378.3333333333333,0.8542768469688079,0.023333333333333428,27924.60157371639
2016-05-24,42.382,386.4,0.8373038526113454,0.01466666666667038,27953.355627275665
2016-05-25,42.364,374.4,0.8134057385883551,0.018000000000000682,26312.17897677428
2016-05-26,42.342,360.4,0.7697987989651864,0.021999999999998465,23970.426089505392
2016-05-27,42.315999999999995,344.6,0.7357579176186101,0.026000000000003354,21906.044214742633
2016-05-28,42.312,342.2,0.7273930611930922,0.003999999999997783,21506.16143867986
2016-05-29,42.322,348.2,0.7431112866014384,0.010000000000005116,22356.116639535245
2016-05-30,42.306,338.6,0.7256888218059732,0.016000000000005343,21230.05550948662
2016-05-31,42.305,338.0,0.7470669216690781,0.0009999999999976694,21816.74472688642
2016-06-01,42.3175,345.5,0.7599303688395106,0.012500000000002842,22684.833426302
2016-06-02,42.31666666666667,345.0,0.7478015470740113,0.0008333333333325754,22290.46851518213
2016-06-03,42.32285714285714,348.7142857142857,0.7750353626418082,0.00619047619046853,23350.974009432528
2016-06-04,42.332857142857144,354.7142857142857,0.7774401353633689,0.010000000000005116,23826.452166809424
2016-06-05,42.32571428571429,350.42857142857144,0.7801868717974031,0.007142857142852677,23621.740208463456
2016-06-06,42.27571428571429,320.85714285714283,0.6973681838546817,0.05000000000000426,19332.480642429993
2016-06-07,42.23833333333334,300.0,0.6342546569174449,0.03738095238094985,16439.880707300174
2016-06-08,42.20142857142857,280.7142857142857,0.6117948919470367,0.03690476190476488,14838.298510742874
2016-06-09,42.21,285.0,0.610000349783878,0.008571428571428896,15020.64861307821
2016-06-10,42.221666666666664,291.0,0.6194553658140812,0.011666666666663161,15574.594589443957
2016-06-11,42.238749999999996,300.0,0.6363469381526619,0.017083333333332007,16494.112636916998
2016-06-12,42.23142857142857,296.0,0.6403538064994309,0.007321428571422928,16376.664388939045
2016-06-13,42.23166666666666,296.3333333333333,0.6232720520843203,0.00023809523808893118,15957.759003925272
2016-06-14,42.24428571428571,303.2857142857143,0.6396712199660232,0.012619047619047308,16761.871542707388
2016-06-15,42.212857142857146,286.42857142857144,0.603983185485875,0.031428571428563146,14947.030741155588
2016-06-16,42.196666666666665,278.3333333333333,0.5844631869819227,0.01619047619048075,14055.170720541275
2016-06-17,42.18714285714286,187.42857142857142,0.3813849676475748,0.009523809523805937,6176.082785804658
2016-06-18,42.211666666666666,203.5,0.4212002049476114,0.024523809523806506,7405.710483470883
2016-06-19,42.31714285714286,280.0,0.6009502589448736,0.10547619047619605,14538.188664394384
2016-06-20,42.49571428571429,430.0,1.0414718914934786,0.1785714285714306,38692.76371276572
2016-06-21,42.68142857142857,609.4285714285714,1.6039443813449437,0.18571428571427617,84455.0956489478
2016-06-22,42.815714285714286,744.8571428571429,1.9505410874707927,0.134285714285717,125528.35346832608
2016-06-23,42.83857142857143,768.7142857142857,2.010813806102288,0.022857142857141355,133552.0482044266
2016-06-24,42.82714285714286,756.8571428571429,2.001790585293039,0.011428571428567125,130902.00505774998
2016-06-25,42.81142857142857,740.5714285714286,1.8998946782449482,0.015714285714288678,121565.4666626692
2016-06-26,42.76857142857143,696.2857142857143,1.7637565988889468,0.04285714285714448,106105.98441169721
2016-06-27,42.80833333333334,737.3333333333334,1.9215015364780343,0.039761904761910216,122410.40828225507
2016-06-28,42.80875,737.75,1.8273230764084,0.0004166666666662877,116476.49660719368
2016-06-29,42.81428571428571,743.5714285714286,1.945175387927088,0.005535714285706206,124966.95915078095
2016-06-30,42.81285714285714,742.0,1.9025316760434803,0.0014285714285691142,121969.02271313629
2016-07-01,42.82285714285714,752.5714285714286,1.9439759790432731,0.00999999999999801,126401.53936237669
2016-07-02,42.75,677.5,1.7045583597252179,0.07285714285713851,99778.02814487535
2016-07-03,42.65,577.7142857142857,1.4443339550675331,0.10000000000000142,72093.2278335606
2016-07-04,42.593333333333334,528.1666666666666,1.2530296553476343,0.05666666666666487,57180.25408027181
2016-07-05,42.69375,621.375,1.544891272709008,0.10041666666666771,82940.26877967398
2016-07-06,42.843333333333334,773.8333333333334,2.0053199288238575,0.1495833333333323,134074.08618522008
2016-07-07,42.93142857142857,796.8571428571429,2.1478497702988117,0.08809523809523512,147876.14285971332
2016-07-08,43.08833333333333,942.6666666666666,2.677200040450817,0.15690476190476232,218048.30537457342
2016-07-09,43.13285714285714,984.5714285714286,2.787788961597997,0.04452380952380963,237148.76394514367
2016-07-10,42.958571428571425,821.7142857142857,2.187919265164054,0.17428571428571615,155333.76619750322
2016-07-11,42.857142857142854,729.4285714285714,1.905110643780771,0.10142857142857054,120065.0804904707
2016-07-12,42.82333333333333,699.0,1.8190540400703352,0.03380952380952351,109859.22207439182
2016-07-13,42.82142857142857,697.2857142857143,1.8260545460630304,0.0019047619047611875,110011.5430683468
2016-07-14,42.824285714285715,699.8571428571429,1.7816375009195278,0.002857142857145334,107731.44555845884
2016-07-15,42.86875,739.875,1.9383080049785144,0.04446428571428385,123906.72687985255
2016-07-16,42.90571428571428,773.1428571428571,2.011537327196026,0.03696428571428356,134369.77389677355
2016-07-17,42.93142857142857,796.2857142857143,2.128228697681411,0.02571428571428669,146420.18859138605
2016-07-18,42.97,831.8333333333334,2.156656582058853,0.03857142857143003,154999.7712152026
2016-07-19,43.01571428571429,874.2857142857143,2.3144709527381955,0.045714285714289815,174831.1681053529
2016-07-20,42.656666666666666,1007.6666666666666,2.9385425705523,0.3590476190476224,255836.56869445258
2016-07-21,42.19,946.5,2.5768268126698186,0.46666666666666856,210726.71235578737
2016-07-22,42.215,922.3333333333334,2.4755849326425237,0.025000000000005684,197278.37304830967
2016-07-23,42.392857142857146,1089.0,3.077743285237195,0.1778571428571425,289583.6346106536
2016-07-24,42.62428571428571,1307.142857142857,3.826485186402111,0.231428571428566,432152.3041374361
2016-07-25,42.712857142857146,1390.0,4.141272706951013,0.0885714285714343,497350.2870139889
2016-07-26,42.81,1480.0,4.351704122624471,0.09714285714285609,556461.1095682364
2016-07-27,43.807500000000005,1477.5,4.37334356401545,0.9975000000000023,558283.5460079563
2016-07-28,43.68857142857143,1367.142857142857,3.87961493194724,0.11892857142857594,458264.5496072445
2016-07-29,43.61571428571428,1295.7142857142858,3.674384392452524,0.07285714285714562,411346.282910948
2016-07-30,43.446666666666665,1140.0,3.1305498991152305,0.16904761904761756,308346.6428632538
2016-07-31,43.324999999999996,1025.5,2.7839724152197722,0.1216666666666697,246668.86470020053
2016-08-01,43.26857142857143,972.4285714285714,2.6153262018625543,0.05642857142856883,219734.0284864535
2016-08-02,43.279999999999994,982.5714285714286,2.681162501880281,0.011428571428567125,227615.06906248207
2016-08-03,43.39666666666667,1091.6666666666667,3.0283425335584937,0.11666666666667425,285633.2677652372
2016-08-04,43.495000000000005,1185.0,3.2280405144692086,0.09833333333333627,330499.70003341546
2016-08-05,43.47714285714285,1167.142857142857,3.187339840945822,0.017857142857153008,321414.99223508063
2016-08-06,43.305,1007.5,2.73466821814416,0.17214285714285182,238047.3990530129
2016-08-07,43.13333333333333,847.1666666666666,2.266256721661564,0.17166666666666686,165879.11399336252
2016-08-08,43.045,762.75,1.9605760938055456,0.08833333333333115,129205.10150353557
2016-08-09,43.00428571428572,722.8571428571429,1.8498635040772822,0.04071428571428015,115532.96088093182
2016-08-10,43.02166666666667,740.0,1.8902657646035292,0.017380952380946724,120856.03192569125
2016-08-11,43.01571428571429,734.0,1.8498549444064352,0.005952380952379599,117313.36092238955
2016-08-12,42.855,571.1666666666666,1.385754376628971,0.1607142857142918,68385.31558138777
2016-08-13,42.75857142857143,482.2857142857143,1.1462497405414205,0.09642857142856798,47763.63718849443
2016-08-14,42.712857142857146,442.85714285714283,1.0148324583623027,0.04571428571428271,38830.38937825131
2016-08-15,42.69,423.14285714285717,0.96717277405077,0.02285714285714846,35359.39448317087
2016-08-16,42.71625,445.75,1.024445802664671,0.026250000000004547,39454.27630886394
2016-08-17,42.71666666666667,446.0,1.0112936148521927,0.0004166666666662877,38969.59267216034
2016-08-18,42.73714285714285,463.2857142857143,1.0800091532196314,0.02047619047618099,43230.4829554579
2016-08-19,42.684285714285714,418.42857142857144,0.9551149850409327,0.052857142857135386,34529.53525119639
2016-08-20,42.60125,347.875,0.7616795490255065,0.08303571428571388,22893.345197330233
2016-08-21,42.597500000000004,344.625,0.7479106948275162,0.0037499999999965894,22269.489684906188
2016-08-22,42.574285714285715,325.57142857142856,0.694983339024389,0.023214285714288962,19549.44448008582
2016-08-23,42.57857142857143,328.85714285714283,0.714801101372237,0.004285714285714448,20309.827499286865
2016-08-24,42.56428571428571,317.42857142857144,0.6849160070131487,0.014285714285719564,18784.38899416999
2016-08-25,42.574285714285715,325.57142857142856,0.6970430831821937,0.010000000000005116,19607.383788548537
2016-08-26,42.5775,328.0,0.718869246711494,0.003214285714285836,20372.17935640637
2016-08-27,42.575714285714284,326.57142857142856,0.7153725299436654,0.0017857142857167219,20184.787791169332
2016-08-28,42.565714285714286,318.2857142857143,0.6848387051109446,0.00999999999999801,18832.98612327039
2016-08-29,42.53000000000001,289.0,0.6149858650030792,0.035714285714277594,15355.951054780888
2016-08-30,42.526666666666664,291.6666666666667,0.6060157319501835,0.0033333333333445125,15271.596445144627
2016-08-31,42.53285714285715,307.7142857142857,0.6576505590625222,0.006190476190482741,17484.635983523734
2016-09-01,42.5,288.0,0.6033764960518908,0.03285714285714647,15013.938026558411
2016-09-02,42.49125,282.75,0.590907676408981,0.008749999999999147,14435.638171600842
2016-09-03,42.5,288.0,0.5929369667259576,0.008749999999999147,14754.16913043535
2016-09-04,42.49,281.8333333333333,0.5662886751960851,0.00999999999999801,13789.35575649475
2016-09-05,42.48,275.6666666666667,0.5466427416107074,0.010000000000005116,13019.718162587185
2016-09-06,42.48857142857143,281.0,0.5780763627917688,0.008571428571436002,14034.769166403681
2016-09-07,42.478571428571435,274.7142857142857,0.5686041283409906,0.00999999999999801,13495.997690328035
2016-09-08,42.464999999999996,276.5,0.5675964861719858,0.01357142857143856,13559.653016054272
2016-09-09,42.464285714285715,294.7142857142857,0.606465957110717,0.0007142857142810044,15442.633269496711
2016-09-10,42.472857142857144,299.7142857142857,0.6162108662335589,0.008571428571428896,15956.974047390253
2016-09-11,42.44857142857143,285.57142857142856,0.587943831297876,0.024285714285717575,14506.556528749832
2016-09-12,42.44166666666667,282.0,0.5791960587068861,0.00690476190475664,14111.996131181539
2016-09-13,42.468333333333334,297.0,0.6203789971022754,0.02666666666666373,15919.42136884207
2016-09-14,42.468333333333334,297.0,0.620545663768942,0.0,15923.698168842067
2016-09-15,42.446666666666665,284.3333333333333,0.5945129382577589,0.021666666666668277,14605.042646415408
2016-09-16,42.43666666666667,279.3333333333333,0.5660548300512894,0.00999999999999801,13661.39369038984
2016-09-17,42.455000000000005,289.0,0.5966721931051663,0.018333333333337976,14898.66599295876
2016-09-18,42.464285714285715,294.57142857142856,0.611503148902432,0.0092857142857099,15563.349171197255
2016-09-19,42.44833333333333,285.3333333333333,0.592364297782903,0.015952380952384715,14603.438560382352
2016-09-20,42.44166666666667,281.8333333333333,0.5740030835385777,0.006666666666660603,13977.20468539778
2016-09-21,42.43333333333333,277.8333333333333,0.5765267890095366,0.008333333333339965,13839.410264816124
2016-09-22,42.42285714285714,272.7142857142857,0.5584885588327767,0.010476190476190084,13159.394645905286
2016-09-23,42.41857142857143,270.7142857142857,0.5591860100031616,0.004285714285707343,13079.201006542522
2016-09-24,42.395,260.1666666666667,0.5263966642158159,0.023571428571429465,11832.554776908797
2016-09-25,42.385,256.5,0.5351788393953857,0.010000000000005116,11860.41936714478
2016-09-26,42.378571428571426,254.14285714285714,0.5257593209329331,0.006428571428571672,11544.593125655578
2016-09-27,42.37625,253.5,0.5332053344701998,0.002321428571427475,11678.476517700105
2016-09-28,42.43,287.5,0.6146012729864426,0.05375000000000085,15266.695620983235
2016-09-29,42.46142857142858,326.2857142857143,0.7280786845151485,0.031428571428577357,20525.328601910936
2016-09-30,42.51833333333334,366.8333333333333,0.821737177552531,0.0569047619047609,26044.466800220936
2016-10-01,42.51142857142857,362.0,0.8185895901594596,0.006904761904770851,25602.862893499387
2016-10-02,42.50142857142857,355.0,0.8014240078617249,0.00999999999999801,24581.277169134828
2016-10-03,42.5,354.0,0.7824396539156062,0.0014285714285691142,23931.38627880117
2016-10-04,42.495,350.5,0.7545627871578265,0.005000000000002558,22850.575796057896
2016-10-05,42.486000000000004,343.0,0.7334989641106633,0.008999999999993236,21737.38850121233
2016-10-06,42.46857142857142,330.2857142857143,0.7224871306706397,0.017428571428581563,20617.38818056412
2016-10-07,42.46,324.7142857142857,0.6932169479399922,0.00857142857142179,19448.41934264012
2016-10-08,42.465714285714284,329.2857142857143,0.737212061413504,0.005714285714283562,20973.893779231737
2016-10-09,42.480000000000004,339.0,0.8220611873608501,0.014285714285719564,24077.843353324355
2016-10-10,42.47666666666667,336.1666666666667,0.7582868994662038,0.003333333333337407,22024.291337615996
2016-10-11,42.45666666666667,322.6666666666667,0.6860163974921235,0.01999999999999602,19125.03953584442
2016-10-12,42.44625,316.0,0.7094658755374104,0.010416666666671404,19370.121120272594
2016-10-13,42.40875,308.0,0.6787186337123887,0.03750000000000142,18061.51730544712
2016-10-14,42.37714285714286,332.0,0.7496520848992015,0.0316071428571405,21503.62012491662
2016-10-15,42.385714285714286,336.2857142857143,0.7573043567153951,0.008571428571428896,22003.54299616781
2016-10-16,42.41857142857143,354.14285714285717,0.798097957889273,0.03285714285714647,24420.155709898383
2016-10-17,42.44,366.0,0.8331965581000516,0.021428571428565135,26347.674838863073
2016-10-18,42.415,351.8333333333333,0.7945056280214988,0.02499999999999858,24151.69988284873
2016-10-19,42.401428571428575,344.57142857142856,0.8083851851939114,0.013571428571424349,24066.41225168836
2016-10-20,42.395714285714284,341.42857142857144,0.8067172301949025,0.005714285714290668,23797.69730947523
2016-10-21,42.386,336.4,0.8608819423972814,0.009714285714281345,25021.49922049929
2016-10-22,42.412,350.4,0.780297251524688,0.02599999999999625,23623.155959119256
2016-10-23,42.505,409.0,0.9280406345762615,0.09300000000000352,32794.7287284021
2016-10-24,42.49,398.57142857142856,0.9232359549748985,0.015000000000000568,31793.08090891845
2016-10-25,42.477999999999994,389.8,0.9018238009174263,0.01200000000000756,30372.27128043375
2016-10-26,42.483999999999995,394.0,0.8990230314619689,0.006000000000000227,30604.182427815766
2016-10-27,42.528333333333336,424.8333333333333,0.9810730898734371,0.04433333333334133,36010.876407658434
2016-10-28,42.593333333333334,471.6666666666667,1.1290928239592832,0.06499999999999773,46012.79076198872
2016-10-29,42.65333333333333,516.1666666666666,1.3124760894252623,0.05999999999999517,58532.233664880536
2016-10-30,42.672000000000004,502.6,1.2665244078375877,0.01866666666667527,54998.36646156043
2016-10-31,42.739999999999995,447.4,1.0780920347351852,0.06799999999999073,41674.03571582109
2016-11-01,42.674,468.8,1.1202070483081346,0.0659999999999954,45373.22475092815
2016-11-02,42.65,467.0,1.168669609713752,0.02400000000000091,47154.41634841823
2016-11-03,42.681666666666665,493.0,1.2179667407757924,0.03166666666666629,51879.53691669303
2016-11-04,42.621428571428574,444.2857142857143,1.0372770729213192,0.060238095238091205,39817.21408603574
2016-11-05,42.598,426.0,1.0735144214787355,0.023428571428574685,39512.20120271494
2016-11-06,42.61857142857143,419.57142857142856,1.0227380629573637,0.02057142857142935,37075.248299179875
2016-11-07,42.67125,399.375,0.9113565457106427,0.05267857142857224,31447.268966291438
2016-11-08,42.67857142857143,404.2857142857143,0.956189956156185,0.007321428571430033,33399.98836566587
2016-11-09,42.70857142857143,425.42857142857144,0.9709179031140167,0.030000000000001137,35688.05710527343
2016-11-10,42.695,415.6666666666667,0.9541737381004474,0.013571428571431454,34267.813960644235
2016-11-11,42.67714285714286,403.14285714285717,0.9028220888598015,0.017857142857138797,31446.686280495418
2016-11-12,42.574999999999996,335.1666666666667,0.7330858951229682,0.10214285714286575,21228.994585328965
2016-11-13,42.56714285714286,330.7142857142857,0.7418797157247712,0.007857142857133681,21198.25903148655
2016-11-14,42.57,331.875,0.7376223105836078,0.0028571428571382285,21150.582133674372
2016-11-15,42.58142857142857,339.85714285714283,0.7647730520979354,0.011428571428567125,22456.5336939002
2016-11-16,42.605714285714285,355.42857142857144,0.7902954160158228,0.024285714285717575,24269.204510298936
2016-11-17,42.571666666666665,333.0,0.7335106808697561,0.03404761904761955,21103.98250143993
2016-11-18,42.596666666666664,349.0,0.7726325999831033,0.02499999999999858,23297.654366850504
2016-11-19,42.550000000000004,319.14285714285717,0.7057544648485797,0.04666666666665975,19460.433284908177
2016-11-20,42.55571428571428,322.85714285714283,0.7234356478008072,0.005714285714276457,20180.13404745383
2016-11-21,42.46857142857143,273.14285714285717,0.58479246434272,0.08714285714285097,13800.83482479021
2016-11-22,42.43,251.0,0.5604223470265641,0.03857142857143003,12153.54318655688
2016-11-23,42.56285714285714,261.57142857142856,0.5704999129694193,0.1328571428571408,12893.167633128769
2016-11-24,42.612857142857145,292.57142857142856,0.6463837522270668,0.05000000000000426,16339.399297439033
2016-11-25,42.638333333333335,308.3333333333333,0.6841033421957979,0.025476190476190652,18224.513036096057
2016-11-26,42.66571428571428,326.0,0.7389455947631431,0.027380952380944734,20813.437200336597
2016-11-27,42.735,370.75,0.8448035220924837,0.06928571428571928,27061.42226248411
2016-11-28,42.64714285714285,314.14285714285717,0.683314059515913,0.08785714285714619,18546.471156863226
2016-11-29,42.55714285714286,294.7142857142857,0.6592631232642949,0.0899999999999963,16787.02410466034
2016-11-30,42.48142857142857,276.85714285714283,0.5885825666611463,0.07571428571428385,14079.164060850808
2016-12-01,42.435,274.3333333333333,0.5836393756977893,0.04642857142857082,13833.65393853928
2016-12-02,42.41428571428571,268.7142857142857,0.5694291429457562,0.020714285714291236,13220.387603559371
2016-12-03,42.415,268.8333333333333,0.5657193568426124,0.0007142857142881098,13140.076645254727
2016-12-04,42.4275,272.375,0.5790152149524737,0.012500000000002842,13626.080856519555
2016-12-05,42.392,263.2,0.5407411030844071,0.03549999999999898,12296.712239868899
2016-12-06,42.38285714285714,260.85714285714283,0.5668177462083445,0.009142857142862226,12774.970753629164
2016-12-07,42.41,268.0,0.5734064734385158,0.027142857142855803,13277.34157376352
2016-12-08,42.402,265.8,0.5741187783816565,0.007999999999995566,13184.706639788148
2016-12-09,42.410000000000004,267.85714285714283,0.5741962248947736,0.008000000000002672,13288.541204707617
2016-12-10,42.41285714285714,268.42857142857144,0.5918089988751404,0.0028571428571382285,13725.369572540572
2016-12-11,42.415,269.0,0.5823724626493255,0.002142857142857224,13535.267827910566
2016-12-12,42.41857142857143,270.0,0.5659787722214858,0.0035714285714334437,13203.152798382824
2016-12-13,42.4,265.3333333333333,0.5746737290839717,0.018571428571434012,13174.280304504235
2016-12-14,42.403333333333336,266.0,0.5807355262543531,0.003333333333337407,13346.696158588045
2016-12-15,42.392857142857146,263.42857142857144,0.5656514621722494,0.010476190476190084,12874.356570803178
2016-12-16,42.37166666666666,258.1666666666667,0.5723993041313075,0.02119047619048331,12767.709918231294
2016-12-17,42.365,256.3333333333333,0.5464008925751301,0.006666666666660603,12101.249848039923
2016-12-18,42.34428571428571,251.57142857142858,0.5339484969180706,0.020714285714291236,11605.78248364046
2016-12-19,42.26,231.5,0.4814548885050791,0.08428571428571274,9629.86809792319
2016-12-20,42.18666666666667,216.5,0.4471873594921593,0.07333333333333059,8364.907871716536
2016-12-21,42.16571428571428,212.57142857142858,0.43489087447505115,0.020952380952387273,7987.2803533301285
2016-12-22,42.178333333333335,214.66666666666666,0.4445625174472371,0.012619047619054413,8245.389923597397
2016-12-23,42.193333333333335,217.66666666666666,0.442623177366867,0.015000000000000568,8324.148522832249
2016-12-24,42.19833333333333,218.66666666666666,0.4409668054257765,0.0049999999999954525,8331.09766154811
2016-12-25,42.215714285714284,222.14285714285714,0.4557912257075725,0.01738095238095383,8748.066108037685
2016-12-26,42.23666666666667,226.33333333333334,0.4497567274287558,0.020952380952387273,8795.082756214806
2016-12-27,42.25,229.0,0.45386466025670275,0.013333333333328312,8979.984621975018
2016-12-28,42.24166666666667,227.33333333333334,0.44762499256062543,0.00833333333333286,8792.071053878783
2016-12-29,42.224000000000004,223.8,0.46116803470131024,0.01766666666666339,8917.29269275564
2016-12-30,42.196,218.2,0.4490213694044834,0.028000000000005798,8465.166386270635
2016-12-31,42.184,215.8,0.43114924064841736,0.012000000000000455,8038.829329798621
2017-01-01,42.172000000000004,212.8,0.46017336089092503,0.01199999999999335,8460.710599471677
2017-01-02,42.132,202.4,0.4490756141419161,0.04000000000000625,7853.146931720779
2017-01-03,42.096000000000004,194.2,0.41177720928847616,0.03599999999999426,6909.1603813862275
2017-01-04,42.07333333333333,188.66666666666666,0.39396182233735383,0.022666666666673052,6421.892873556738
2017-01-05,42.05833333333334,185.66666666666666,0.3828181378819557,0.014999999999993463,6141.01544064718
2017-01-06,42.052,184.4,0.3871134382740299,0.006333333333337521,6167.553236731968
2017-01-07,42.046,183.2,0.3889833732172846,0.006000000000000227,6157.015543302325
2017-01-08,42.053999999999995,202.8,0.43965800903963703,0.007999999999995566,7703.652461751798
2017-01-09,42.05,202.0,0.43926064636784384,0.003999999999997783,7666.328208928706
2017-01-10,42.052,202.4,0.43905800903963704,0.0020000000000024443,7677.965464959389
2017-01-11,42.052,202.4,0.430458009039637,0.0,7527.574168959387
2017-01-12,42.062,204.4,0.44104950811848465,0.00999999999999801,7789.004881293738
2017-01-13,42.07,206.0,0.4446477413088892,0.008000000000002672,7914.018358912134
2017-01-14,42.074,206.8,0.4510506287352668,0.003999999999997783,8059.1561299399555
2017-01-15,42.071999999999996,206.4,0.4366520724484556,0.0020000000000024443,7786.798941890412
2017-01-16,42.05142857142857,202.57142857142858,0.43998939240965684,0.020571428571422246,7700.7697727068
2017-01-17,42.036,200.2,0.4214747536372828,0.015428571428572013,7290.3668265951
2017-01-18,42.03,199.0,0.4298919737691079,0.006000000000000227,7391.390640196534
2017-01-19,42.025999999999996,198.2,0.4125076318240463,0.0040000000000048885,7063.978691018245
2017-01-20,42.022000000000006,197.4,0.4011154608515156,0.003999999999990678,6841.168586388507
2017-01-21,42.007999999999996,195.6,0.42715309631170395,0.014000000000010004,7218.818983172388
2017-01-22,42.0,194.0,0.41459034122789795,0.007999999999995566,6949.197463525535
2017-01-23,41.977999999999994,190.6,0.38088657030811934,0.02200000000000557,6272.379097982861
2017-01-24,41.964,188.8,0.3943345604626942,0.013999999999995794,6432.511537326816
2017-01-25,41.952,187.2,0.38609860826128994,0.012000000000000455,6244.789777906764
2017-01-26,41.93,184.2,0.391425185506688,0.021999999999998465,6229.484856316679
2017-01-27,41.922,183.2,0.3971833732172846,0.008000000000002672,6286.809079302325
2017-01-28,41.898,180.8,0.39608406683947,0.023999999999993804,6187.276738187383
2017-01-29,41.88666666666666,179.66666666666666,0.3753623444351177,0.011333333333340079,5826.824745135219
2017-01-30,41.902,181.2,0.38217007533405306,0.015333333333337862,5983.132405005828
2017-01-31,41.9,181.0,0.37148294104452023,0.0020000000000024443,5809.398825230625
2017-02-01,41.902,181.2,0.386770638231528,0.0020000000000024443,6055.157345548569
2017-02-02,41.90833333333333,181.83333333333334,0.39541851121981814,0.006333333333330415,6212.182978667832
2017-02-03,41.912,182.2,0.37443147820265177,0.003666666666667595,5894.3302843844
2017-02-04,41.912,182.2,0.3793191729426262,0.0,5971.272765996657
2017-02-05,41.92,183.0,0.3815822571625496,0.008000000000002672,6033.273384448505
2017-02-06,41.922000000000004,183.2,0.3838705099298916,0.0020000000000024443,6076.08668901509
2017-02-07,41.964,188.8,0.4193405443080417,0.041999999999994486,6840.417147726956
2017-02-08,42.010000000000005,195.8,0.4560515581878706,0.04600000000000648,7715.07893605119
2017-02-09,42.04,200.6,0.46937840187485025,0.02999999999999403,8135.191360750604
2017-02-10,42.053999999999995,212.4,0.47593063331965046,0.013999999999995794,8733.974387076902
2017-02-11,42.06333333333333,217.0,0.4911969519375305,0.009333333333337634,9209.353412486373
2017-02-12,42.065999999999995,217.8,0.4669971674266732,0.0026666666666628203,8787.915336861743
2017-02-13,42.05,213.6,0.4819169939144533,0.015999999999998238,8893.797399370993
2017-02-14,42.028000000000006,208.6,0.43505898850612434,0.02199999999999136,7841.085552205419
2017-02-15,42.058,215.8,0.5248751288541911,0.02999999999999403,9786.359762501857
2017-02-16,42.18,253.14285714285714,0.5943562308491763,0.12199999999999989,12999.487775427653
2017-02-17,42.315000000000005,300.5,0.7049849895273846,0.13500000000000512,18303.666280097394
2017-02-18,42.385,326.8333333333333,0.8150022848484485,0.06999999999999318,23014.36052046443
2017-02-19,42.48166666666666,364.0,0.9172420977979409,0.09666666666666401,28846.897078906124
2017-02-20,42.42,340.3333333333333,0.7851121135695388,0.06166666666666032,23086.064677089573
2017-02-21,42.535714285714285,385.42857142857144,0.9146367332643072,0.115714285714283,30458.343986912787
2017-02-22,42.642857142857146,428.14285714285717,1.032114514662294,0.1071428571428612,38179.50830260945
2017-02-23,42.720000000000006,459.0,1.1419964854775408,0.07714285714286007,45288.839822474125
2017-02-24,42.72333333333333,460.3333333333333,1.166129441100789,0.0033333333333231963,46380.23303501346
2017-02-25,42.663333333333334,436.3333333333333,1.0744131246810555,0.05999999999999517,40504.51526997605
2017-02-26,42.671666666666674,439.6666666666667,1.0959544855762242,0.008333333333339965,41632.24223448115
2017-02-27,42.59,418.6666666666667,1.039722211095303,0.08166666666667055,37609.66359750818
2017-02-28,42.55833333333334,430.0,1.0410974301504288,0.03166666666666629,38678.851724948734
2017-03-01,42.505,410.5,0.9723557542724444,0.053333333333334565,34486.73600793164
2017-03-02,42.608333333333334,449.8333333333333,1.0958362763743914,0.10333333333333172,42590.33438305655
2017-03-03,42.58833333333333,441.8333333333333,1.0259764502636215,0.020000000000003126,39166.03540294359
2017-03-04,42.57666666666667,436.8333333333333,1.0433631871843998,0.011666666666663161,39379.03075598849
2017-03-05,42.625,456.5,1.1178586647232827,0.04833333333333201,44090.13431054983
2017-03-06,42.75833333333333,513.3333333333334,1.3127807316193818,0.13333333333333286,58224.45100878283
2017-03-07,42.835,547.0,1.444300311732995,0.07666666666666799,68258.78817275073
2017-03-08,42.824999999999996,542.5,1.3996688245588018,0.010000000000005116,65605.27714472015
2017-03-09,42.805,533.8333333333334,1.3086968167145567,0.01999999999999602,60361.285016688846
2017-03-10,42.718333333333334,496.0,1.1841437728006459,0.086666666666666,50745.770897108
2017-03-11,42.711666666666666,493.1666666666667,1.215295122581,0.006666666666667709,51783.239055127386
2017-03-12,42.653333333333336,468.3333333333333,1.137918876198016,0.05833333333333002,46044.74940647651
2017-03-13,42.775,520.8333333333334,1.2688572228825528,0.12166666666666259,57098.57502971488
2017-03-14,42.76166666666666,514.6666666666666,1.2212659437717388,0.013333333333335418,54306.27697488667
2017-03-15,42.78,522.5,1.2653398595846534,0.018333333333337976,57122.502621089596
2017-03-16,42.75833333333333,544.0,1.3838013456966145,0.021666666666668277,65040.877329894
2017-03-17,42.781666666666666,557.8333333333334,1.393153683161677,0.023333333333333428,67145.54943660673
2017-03-18,42.788333333333334,560.0,1.393061795567584,0.006666666666667709,67401.90191674198
2017-03-19,42.781666666666666,558.0,1.3983681471051443,0.006666666666667709,67417.00641371554
2017-03-20,42.80166666666667,564.5,1.3800629831194267,0.020000000000003126,67309.53586308718
2017-03-21,42.82833333333334,573.8333333333334,1.4556690520928164,0.026666666666670835,72170.90706752017
2017-03-22,42.778333333333336,556.8333333333334,1.403348917100531,0.05000000000000426,67515.6777412734
2017-03-23,42.81666666666666,569.3333333333334,1.4336693423980027,0.03833333333332689,70522.76842029471
2017-03-24,42.86333333333334,585.5,1.4346722143453527,0.04666666666667396,72576.05024153124
2017-03-25,42.778333333333336,557.0,1.4701298004381484,0.08500000000000085,70749.70262012581
2017-03-26,42.76,550.8333333333334,1.4762774111208323,0.018333333333337976,70258.99455006266
2017-03-27,42.751666666666665,547.8333333333334,1.4141187031524929,0.00833333333333286,66934.19775257632
2017-03-28,42.864285714285714,586.0,1.4394291579179068,0.11261904761904873,72878.87403704679
2017-03-29,42.76166666666666,551.1666666666666,1.459110968240848,0.10261904761905072,69484.03159640377
2017-03-30,42.76666666666667,552.8333333333334,1.3858928307608371,0.005000000000009663,66196.89388272524
2017-03-31,42.81666666666667,569.3333333333334,1.4897487191460332,0.04999999999999716,73281.33539428105
2017-04-01,42.84,645.0,1.7469291244410046,0.023333333333333428,97352.86624684831
2017-04-02,42.846666666666664,662.6666666666666,1.677676008522888,0.006666666666660603,96054.33326237283
2017-04-03,42.855,669.1666666666666,1.7871233740888839,0.00833333333333286,103324.32499632292
2017-04-04,42.845,661.5,1.7148848436513104,0.00999999999999801,98011.84240010954
2017-04-05,42.88666666666666,693.6666666666666,1.8668755362012401,0.0416666666666643,111887.07813604169
2017-04-06,42.89166666666667,697.5,1.8912959272517729,0.005000000000009663,113977.05775990085
2017-04-07,42.885,692.5,1.8761336481238817,0.006666666666674814,112252.82843454811
2017-04-08,42.92166666666666,721.1666666666666,1.9246731056277149,0.03666666666666174,119924.07160393617
2017-04-09,42.94,735.1666666666666,1.8908489970758147,0.018333333333337976,120103.70293586043
2017-04-10,42.965,755.0,1.9832573898414223,0.025000000000005684,129371.84605413566
2017-04-11,42.96,751.0,2.009114707368799,0.005000000000002558,130364.22054821484
2017-04-12,43.001666666666665,784.3333333333334,2.161837801121249,0.0416666666666643,146499.96516590304
2017-04-13,43.01666666666667,796.3333333333334,2.143277525421777,0.015000000000007674,147464.35223709964
2017-04-14,43.01500000000001,795.0,2.1355109688539806,0.0016666666666651508,146683.97742864222
2017-04-15,43.027142857142856,804.7142857142857,2.1724330353168613,0.012142857142848129,151043.43441114365
2017-04-16,43.053333333333335,825.6666666666666,2.251673936609844,0.026190476190478762,160629.01462029843
2017-04-17,43.10833333333333,870.5,2.3981647105728774,0.05499999999999261,180368.8456798388
2017-04-18,43.08166666666667,848.5,2.346400748160598,0.026666666666656624,172015.57740795272
2017-04-19,43.055,827.0,2.226553840949267,0.026666666666670835,159093.5062865798
2017-04-20,43.074999999999996,843.0,2.217906612607672,0.01999999999999602,161541.6717106023
2017-04-21,43.080000000000005,847.0,2.304675314679059,0.005000000000009663,168657.9832684653
2017-04-22,43.095,884.6666666666666,2.424173938658275,0.014999999999993463,185292.21983613298
2017-04-23,43.074999999999996,915.5,2.4417636797665274,0.020000000000003126,193141.55365858853
2017-04-24,43.096666666666664,936.0,2.5652914717874324,0.021666666666668277,207456.1474400384
2017-04-25,43.074999999999996,915.6666666666666,2.5391276678655124,0.021666666666668277,200879.53066444502
2017-04-26,43.10333333333333,942.1666666666666,2.6147653119267225,0.028333333333335986,212850.2636398334
2017-04-27,43.1,939.0,2.5097647330865818,0.0033333333333303017,203616.20888942116
2017-04-28,43.04333333333333,887.0,2.3717229569115066,0.05666666666667197,181761.25790423577
2017-04-29,42.98333333333333,834.0,2.1628224547119257,0.060000000000002274,155847.79531265007
2017-04-30,42.946666666666665,802.3333333333334,2.081697341903149,0.03666666666666174,144306.59045647335
2017-05-01,42.873333333333335,741.0,1.8635934880736524,0.07333333333333059,119311.72773084663
2017-05-02,42.835,710.0,1.765690655996714,0.038333333333333997,108314.52760146244
2017-05-03,42.791666666666664,697.6666666666666,1.753818390709289,0.043333333333336554,105717.36648253081
2017-05-04,42.82333333333333,746.0,1.7648880483563778,0.03166666666666629,113754.80022398134
2017-05-05,42.830000000000005,751.6666666666666,1.9117704265021132,0.006666666666674814,124158.01857875324
2017-05-06,42.821666666666665,744.8333333333334,1.8583752008736019,0.008333333333339965,119593.13432693944
2017-05-07,42.78666666666667,715.6666666666666,1.8194981293303842,0.03499999999999659,112506.11952976324
2017-05-08,42.785,714.0,1.7983824368439725,0.0016666666666722563,110941.49317592994
2017-05-09,42.80166666666667,728.1666666666666,1.8592265986025556,0.016666666666672825,116970.63853384173
2017-05-10,42.794999999999995,722.6666666666666,1.8530487197596575,0.006666666666674814,115701.3971838414
2017-05-11,42.75,684.8333333333334,1.7300694008091788,0.0449999999999946,102367.5144181188
2017-05-12,42.73500000000001,671.8333333333334,1.645937033274057,0.014999999999993463,95540.71940823922
2017-05-13,42.73499999999999,672.0,1.6529422752117802,1.4210854715202004e-14,95971.15085261613
2017-05-14,42.72666666666667,664.8333333333334,1.6490617719622165,0.008333333333325754,94724.74668034488
2017-05-15,42.708333333333336,666.1666666666666,1.642783683701225,0.01833333333333087,94553.37192605468
2017-05-16,42.699999999999996,694.6666666666666,1.7489351039830712,0.008333333333339965,104969.68579298074
2017-05-17,42.68,680.1666666666666,1.7016040981335456,0.01999999999999602,99997.14707255519
2017-05-18,42.651666666666664,660.1666666666666,1.6050716557583273,0.028333333333335986,91550.71912980579
2017-05-19,42.615,635.1666666666666,1.5420507939751953,0.03666666666666174,84625.28029208836
2017-05-20,42.61,631.8333333333334,1.5534433927624225,0.005000000000002558,84803.09618825775
2017-05-21,42.62166666666666,639.3333333333334,1.5603100889688257,0.011666666666663161,86189.03281849559
2017-05-22,42.6,625.5,1.5079564684292794,0.021666666666661172,81494.79301461724
2017-05-23,42.57833333333333,612.1666666666666,1.5033423470495393,0.021666666666668277,79513.5807462666
2017-05-24,42.58833333333334,618.0,1.5466171182953117,0.010000000000005116,82581.93035480184
2017-05-25,42.56666666666667,605.0,1.4588811303489448,0.021666666666668277,76258.63444560005
2017-05-26,42.58833333333334,618.0,1.4997837849619782,0.021666666666668277,80081.25515480182
2017-05-27,42.574999999999996,610.0,1.5210972131191742,0.013333333333342523,80167.90752023297
2017-05-28,42.54,589.6666666666666,1.4387744001330862,0.03499999999999659,73301.52711846036
2017-05-29,42.544285714285714,592.1428571428571,1.4276475514014317,0.004285714285714448,73040.08032689885
2017-05-30,42.56666666666667,605.0,1.4722144636822783,0.022380952380956387,76955.59444560004
2017-05-31,42.56666666666666,605.0,1.472295869274873,7.105427357601002e-15,76959.84967873618
2017-06-01,42.52166666666667,579.6666666666666,1.4039540610217642,0.0449999999999946,70314.51202896523
2017-06-02,42.51,573.2857142857143,1.3956367893734452,0.011666666666670267,69128.52194989815
2017-06-03,42.498333333333335,567.1666666666666,1.3945556453342807,0.011666666666663161,68337.68919944482
2017-06-04,42.51,573.5,1.3855292104695958,0.011666666666663161,68653.52659045266
2017-06-05,42.54666666666667,576.5,1.3755933574717805,0.036666666666668846,68517.7548983264
2017-06-06,42.550000000000004,564.5,1.3522831946468727,0.003333333333337407,65954.637795873
2017-06-07,42.58166666666667,591.1666666666666,1.4560909948260168,0.03166666666666629,74372.4685245295
2017-06-08,42.595,603.0,1.5438788348315864,0.013333333333328312,80434.85219165779
2017-06-09,42.605,612.5,1.5022863369986386,0.00999999999999801,79500.99295396796
2017-06-10,42.60666666666666,614.0,1.4962551150822885,0.0016666666666651508,79375.73535306938
2017-06-11,42.59666666666667,604.5,1.4747857709566166,0.009999999999990905,77026.29107413895
2017-06-12,42.586666666666666,595.3333333333334,1.4665628046806098,0.010000000000005116,75435.2976717956
2017-06-13,42.59166666666667,600.6666666666666,1.478284728605037,0.005000000000002558,76719.42953125275
2017-06-14,42.56,572.6666666666666,1.3771569519137785,0.03166666666666629,68139.5225295707
2017-06-15,42.59166666666667,600.1666666666666,1.498353764436487,0.03166666666666629,77696.23544259537
2017-06-16,42.641666666666666,647.8333333333334,1.644866577948714,0.04999999999999716,92067.78799420779
2017-06-17,42.68333333333334,688.6666666666666,1.7468392207670194,0.041666666666671404,103938.33110701427
2017-06-18,42.73333333333333,739.5,1.9042962184020695,0.04999999999999005,121670.81742311976
2017-06-19,42.74333333333334,749.6666666666666,1.9218142004366185,0.010000000000012221,124478.2119393203
2017-06-20,42.76500000000001,773.5,1.9970946282670459,0.021666666666668277,133466.632844938
2017-06-21,42.748333333333335,755.1666666666666,1.9555406975875738,0.016666666666672825,127591.99057107788
2017-06-22,42.75,757.0,1.9358972429726542,0.0016666666666651508,126616.97199717787
2017-06-23,42.75333333333333,760.6666666666666,1.9435938248814653,0.0033333333333303017,127736.09592132972
2017-06-24,42.77,779.0,2.0046558268875247,0.016666666666672825,134924.563222161
2017-06-25,42.76666666666667,775.3333333333334,1.9931426450380882,0.0033333333333303017,133518.2340199275
2017-06-26,42.76333333333333,771.6666666666666,1.986565681361513,0.0033333333333445125,132448.30710773478
2017-06-27,42.78,790.0,2.0511867104662804,0.016666666666672825,140005.80010958645
2017-06-28,42.77166666666667,780.8333333333334,1.9930247610516654,0.00833333333333286,134457.42247958956
2017-06-29,42.76,768.0,1.970034797782757,0.011666666666670267,130722.0530138344
2017-06-30,42.79666666666666,808.3333333333334,2.086521932925809,0.03666666666666174,145722.69179553853
2017-07-01,42.754999999999995,762.6666666666666,1.9409318907335689,0.0416666666666643,127896.54238075408
2017-07-02,42.681666666666665,687.1666666666666,1.6983991957731,0.07333333333333059,100835.99833208387
2017-07-03,42.635,641.5,1.5999845952930425,0.046666666666666856,88680.10618487406
2017-07-04,42.61333333333334,620.3333333333334,1.5481385295411652,0.021666666666661172,82975.27114011193
2017-07-05,42.59666666666667,604.3333333333334,1.4980409345380066,0.01666666666666572,78219.30857234131
2017-07-06,42.62,627.1666666666666,1.5363237418709834,0.023333333333326323,83249.08186551135
2017-07-07,42.62833333333334,635.1666666666666,1.5913517562279893,0.008333333333339965,87330.83821898208
2017-07-08,42.52333333333333,543.8333333333334,1.3034001707793477,0.10500000000000398,61243.124504443374
2017-07-09,42.49666666666667,522.6666666666666,1.2433858306326828,0.02666666666666373,56149.31469404294
2017-07-10,42.49666666666667,522.6666666666666,1.249065679081418,0.0,56405.807562230315
2017-07-11,42.455,500.5,1.1699117416781366,0.041666666666671404,50590.727427736
2017-07-12,42.42666666666667,506.5,1.1796263565777685,0.02833333333332888,51622.33676601368
2017-07-13,42.36,442.3333333333333,1.0269934773903464,0.06666666666666998,39249.2259215133
2017-07-14,42.31,398.1666666666667,0.9262619691270464,0.04999999999999716,31864.893757121
2017-07-15,42.28,375.0,0.8298640842622995,0.030000000000001137,26887.596330098506
2017-07-16,42.27166666666667,369.1666666666667,0.8199477214189107,0.00833333333333286,26153.05252237758
2017-07-17,42.263333333333335,363.3333333333333,0.8061744302980788,0.00833333333333286,25307.42771591729
2017-07-18,42.295,386.8333333333333,0.8825718074000192,0.03166666666666629,29497.667975646404
2017-07-19,42.34166666666667,425.6666666666667,0.9900419457416127,0.046666666666666856,36411.36666370674
2017-07-20,42.237142857142864,346.57142857142856,0.7904128167110728,0.1045238095238048,23667.940717809684
2017-07-21,42.23166666666666,342.3333333333333,0.7636021674847556,0.005476190476201737,22585.51946899711
2017-07-22,42.251666666666665,355.1666666666667,0.777121077519953,0.020000000000003126,23847.048233208287
2017-07-23,42.26,361.0,0.7867783497102931,0.00833333333333286,24539.931438803927
2017-07-24,42.24333333333333,349.5,0.7772062652895517,0.01666666666666572,23469.142151695538
2017-07-25,42.23166666666666,342.0,0.7763893594508247,0.011666666666670267,22941.373904540527
2017-07-26,42.27333333333333,370.3333333333333,0.8561346703411807,0.041666666666671404,27393.569819972694
2017-07-27,42.30166666666667,391.3333333333333,0.8694072420985988,0.028333333333335986,29395.702144044142
2017-07-28,42.29333333333333,384.8333333333333,0.8833480950658777,0.008333333333339965,29370.970821702413
2017-07-29,42.31333333333333,401.3333333333333,0.9425063455253274,0.020000000000003126,32681.596032359834
2017-07-30,42.35333333333333,435.6666666666667,0.9926023252893309,0.03999999999999915,37363.139687610885
2017-07-31,42.39,470.5,1.1070050581426931,0.036666666666668846,45001.08401957025
2017-08-01,42.449999999999996,554.6666666666666,1.3370987220618022,0.05999999999999517,64078.04947711216
2017-08-02,42.483333333333334,591.3333333333334,1.4428910282730902,0.033333333333338544,73719.03410370612
2017-08-03,42.666666666666664,684.5,1.8079794794011947,0.18333333333333002,106925.35279537019
2017-08-04,42.635714285714286,668.0,1.683245220210272,0.030952380952378178,97148.8345334799
2017-08-05,42.81,785.0,2.0515351442943746,0.17428571428571615,139143.31962662167
2017-08-06,42.74666666666667,717.0,1.7662166797612586,0.06333333333333258,109415.00385119427
2017-08-07,42.495,513.5,1.2021304030497002,0.25166666666667226,53334.19831386422
2017-08-08,42.38166666666667,427.5,0.9983486840887587,0.11333333333332973,36875.006995502394
2017-08-09,42.345,402.6666666666667,0.9119436475167279,0.036666666666668846,31726.884274565975
2017-08-10,42.33833333333333,398.1666666666667,0.8863262688125381,0.006666666666667709,30491.04176918141
2017-08-11,42.33833333333333,398.1666666666667,0.8999929354792048,0.0,30961.196969181416
2017-08-12,42.34,399.1666666666667,0.883360563887278,0.0016666666666722563,30465.33912734445
2017-08-13,42.335,396.1666666666667,0.8834822900162861,0.005000000000002558,30240.538608509454
2017-08-14,42.34,399.3333333333333,0.8843857028301668,0.005000000000002558,30513.42927332755
2017-08-15,42.330000000000005,393.0,0.8734083456291253,0.00999999999999801,29656.755057506074
2017-08-16,42.315,383.6666666666667,0.8517796750085497,0.015000000000007674,28235.474090923413
2017-08-17,42.29666666666667,372.0,0.8331757238417069,0.01833333333333087,26778.934304851533
2017-08-18,42.27666666666667,360.0,0.8044180241267377,0.01999999999999602,25020.618222438054
2017-08-19,42.26666666666667,354.0,0.7889450437950405,0.00999999999999801,24130.357531497593
2017-08-20,42.193333333333335,314.5,0.687283645507094,0.07333333333333769,18675.421042635164
2017-08-21,42.17,302.0,0.6650679671311168,0.023333333333333428,17353.485452758807
2017-08-22,42.16833333333333,301.1666666666667,0.6679169436291524,0.0016666666666722563,17379.73320678545
2017-08-23,42.154999999999994,294.5,0.6452978754597277,0.013333333333335418,16419.475381497683
2017-08-24,42.13666666666666,285.3333333333333,0.598108756749056,0.01833333333333087,14745.055558383126
2017-08-25,42.12285714285714,278.42857142857144,0.5964161436433505,0.013809523809520385,14347.523075174417
2017-08-26,42.125,279.5,0.594388153942058,0.002142857142857224,14353.76065191597
2017-08-27,42.135,284.5,0.6098626666004573,0.00999999999999801,14990.912235172522
2017-08-28,42.14666666666667,290.3333333333333,0.6269962507093997,0.011666666666670267,15728.075549795149
2017-08-29,42.14833333333333,291.1666666666667,0.6239331146281422,0.0016666666666651508,15696.160578077248
2017-08-30,42.17166666666667,303.3333333333333,0.6907651948628807,0.023333333333333428,18103.57422696638
2017-08-31,42.16166666666667,298.3333333333333,0.6372884904811655,0.00999999999999801,16426.748130642525
2017-09-01,42.152857142857144,293.7142857142857,0.6372490343882505,0.008809523809524933,16171.414124324832
2017-09-02,42.105,270.1666666666667,0.5629648984019799,0.04785714285714704,13140.95184445838
2017-09-03,42.115,274.6666666666667,0.5989204615647475,0.010000000000005116,14213.10125748534
2017-09-04,42.12166666666666,277.8333333333333,0.612841545953336,0.006666666666660603,14711.13874230064
2017-09-05,42.095,265.5,0.5581376748452122,0.02666666666666373,12803.231750809291
2017-09-06,42.07833333333333,257.6666666666667,0.5535071051396145,0.01666666666666572,12322.396577460157
2017-09-07,42.056666666666665,245.33333333333334,0.49868348517134325,0.021666666666668277,10570.49409847993
2017-09-08,42.015,230.0,0.48032637253323446,0.0416666666666643,9545.045674980436
2017-09-09,41.995,222.0,0.4658459318146713,0.020000000000003126,8935.297648950847
2017-09-10,42.03,252.5,0.5434132123385682,0.035000000000003695,11855.102640378203
2017-09-11,42.01166666666666,252.0,0.5428478010198449,0.018333333333337976,11819.316602044879
2017-09-12,41.983333333333334,236.66666666666666,0.5098416964563243,0.02833333333332888,10425.24300913892
2017-09-13,42.00833333333333,251.16666666666666,0.529003579041274,0.02499999999999858,11479.800868058881
2017-09-14,41.99166666666667,241.5,0.5000364051675107,0.01666666666666572,10433.559615663211
2017-09-15,41.99,240.83333333333334,0.5056751899078934,0.0016666666666651508,10522.089351603447
2017-09-16,41.985,237.5,0.514645516606636,0.005000000000002558,10560.526000768172
2017-09-17,42.02666666666667,261.3333333333333,0.5305244501331985,0.041666666666671404,11978.817664447515
2017-09-18,42.01166666666666,216.33333333333334,0.44685637042628756,0.015000000000007674,8352.281790911828
2017-09-19,42.00666666666667,213.33333333333334,0.4566969452893607,0.0049999999999954525,8417.838095573497
2017-09-20,42.025,222.5,0.46216903062564557,0.01833333333333087,8884.73744474741
2017-09-21,42.035000000000004,227.66666666666666,0.47229724597891104,0.010000000000005116,9290.275747303573
2017-09-22,42.035714285714285,228.14285714285714,0.48577382344024256,0.0007142857142810044,9575.35153962049
2017-09-23,42.02166666666667,220.83333333333334,0.4641294701788044,0.014047619047616422,8855.59029101159
2017-09-24,42.01833333333334,219.33333333333334,0.4598057434226679,0.0033333333333303017,8713.502760156927
2017-09-25,42.02,220.0,0.44964975631278986,0.0016666666666651508,8546.94256799351
2017-09-26,42.02,220.5,0.45955438899344525,0.0,8755.062575591925
2017-09-27,42.04,230.5,0.47041348304658565,0.01999999999999602,9368.378597569363
2017-09-28,42.025,222.83333333333334,0.44363585849879206,0.015000000000000568,8541.232456505544
2017-09-29,42.01833333333333,219.5,0.43795580197991085,0.006666666666667709,8305.744193388613
2017-09-30,42.038333333333334,229.66666666666666,0.4582091201893063,0.020000000000003126,9092.335213740444
2017-10-01,42.050000000000004,236.16666666666666,0.5088015174703334,0.011666666666670267,10381.99320367866
2017-10-02,42.06666666666667,232.5,0.4999828314737768,0.01666666666666572,10043.655118645229
2017-10-03,42.145,250.5,0.5270740876061094,0.07833333333333314,11407.569892876549
2017-10-04,42.15333333333333,256.3333333333333,0.5496549015163343,0.008333333333325754,12173.31703486256
2017-10-05,42.14833333333333,252.83333333333334,0.5365378557477942,0.0049999999999954525,11720.562151239415
2017-10-06,42.151666666666664,254.83333333333334,0.5606215732432321,0.0033333333333303017,12343.541551040189
2017-10-07,42.13666666666666,268.5,0.605777813483101,0.015000000000000568,14053.07602830637
2017-10-08,42.11333333333334,271.3333333333333,0.6089466886808546,0.023333333333326323,14275.659012083008
2017-10-09,42.16142857142857,303.85714285714283,0.7072088362794965,0.04809523809523597,18566.535432546378
2017-10-10,42.291666666666664,408.5,1.1165234160642024,0.1302380952380915,39407.02405593639
2017-10-11,42.419999999999995,525.0,1.3689555727112914,0.1283333333333303,62095.824778184186
2017-10-12,42.38142857142857,432.42857142857144,1.1466576621364515,0.03857142857142293,42841.227002857166
2017-10-13,42.348333333333336,402.6666666666667,1.032917982246794,0.0330952380952354,35935.629769558866
2017-10-14,42.361666666666665,414.5,1.047707987585856,0.013333333333328312,37521.356617814745
2017-10-15,42.35166666666667,405.8333333333333,0.9684159332141236,0.00999999999999801,33956.536282220026
2017-10-16,42.335,392.1666666666667,0.9252058124777646,0.01666666666666572,31348.933585346596
2017-10-17,42.33166666666667,388.8333333333333,0.9172632055236155,0.0033333333333303017,30815.640842206965
2017-10-18,42.43333333333333,482.5,1.2014231267713054,0.10166666666665947,50084.927308842176
2017-10-19,42.445,493.3333333333333,1.24350978377489,0.011666666666670267,53003.36102362091
2017-10-20,42.387142857142855,437.7142857142857,1.01402540388006,0.05785714285714505,38348.93422271525
2017-10-21,42.35166666666667,405.6666666666667,0.9418719751419412,0.03547619047618866,33012.23597993499
2017-10-22,42.36,413.1666666666667,0.9379354747399601,0.00833333333333286,33482.0454030772
2017-10-23,42.37,422.0,0.9699225298596073,0.00999999999999801,35364.15137670517
2017-10-24,42.36833333333333,420.5,0.9618024396325929,0.0016666666666651508,34943.43679477966
2017-10-25,42.34666666666667,401.5,0.9470920471914576,0.021666666666661172,32854.24428025279
2017-10-26,42.336666666666666,393.0,0.9640454709925176,0.010000000000005116,32734.356776645134
2017-10-27,42.373333333333335,425.5,1.0380699840853784,0.036666666666668846,38162.77443892759
2017-10-28,42.48166666666666,526.5,1.3906722024011255,0.10833333333332718,63261.122218346245
2017-10-29,42.565,586.5,1.5148723938560547,0.0833333333333357,76764.03773730417
2017-10-30,42.60125,605.625,1.5824887849637834,0.03625000000000256,82805.30816201495
2017-10-31,42.55833333333333,581.3333333333334,1.4571005770210865,0.04291666666667027,73186.08210215352
2017-11-01,42.525,514.3333333333334,1.205169933794376,0.03333333333333144,53555.823585928
2017-11-02,42.475,429.1666666666667,1.044543938529707,0.04999999999999716,38731.68924068154
2017-11-03,42.525,472.6666666666667,1.1638956918393564,0.04999999999999716,47531.63782161237
2017-11-04,42.54,486.1666666666667,1.1747365435366337,0.015000000000000568,49344.5735639476
2017-11-05,42.59166666666667,534.0,1.3578618399628308,0.051666666666669414,62648.48642746911
2017-11-06,42.63333333333333,574.6666666666666,1.4796081468218836,0.0416666666666643,73464.32001948271
2017-11-07,42.63333333333333,575.0,1.4833225866241877,0.0,73691.46610348966
2017-11-08,42.58166666666667,524.6666666666666,1.3211057106861168,0.05166666666666231,59887.3071922545
2017-11-09,42.54666666666667,492.0,1.2181599665412788,0.035000000000003695,51782.51838570992
2017-11-10,42.54333333333333,489.8333333333333,1.2355335361379773,0.003333333333337407,52289.75610301702
2017-11-11,42.56285714285714,508.14285714285717,1.2238649530197194,0.019523809523811053,53732.00741625639
2017-11-12,42.61666666666667,560.3333333333334,1.3673312997192166,0.05380952380952664,66196.3367470465
2017-11-13,42.556666666666665,501.1666666666667,1.2223558685553522,0.060000000000002274,52928.9869931416
2017-11-14,42.6,542.3333333333334,1.313755773999791,0.043333333333336554,61559.44255577261
2017-11-15,42.61666666666667,560.1666666666666,1.425985162174406,0.01666666666666572,69015.40027298177
2017-11-16,42.67666666666667,618.8333333333334,1.5765979611314194,0.060000000000002274,84296.27850740583
2017-11-17,42.60166666666667,544.1666666666666,1.262367643332988,0.07500000000000284,59351.47711894376
2017-11-18,42.7125,654.875,1.6614017108750487,0.11083333333333201,94004.10248336331
2017-11-19,42.75,608.2857142857143,1.4513997244395347,0.03750000000000142,76279.59804338997
2017-11-20,42.71333333333333,526.6666666666666,1.2976024268436994,0.036666666666668846,59046.1008310957
2017-11-21,42.815,605.5,1.4747982240987725,0.10166666666666657,77154.3640533721
2017-11-22,42.76833333333334,548.8333333333334,1.326859350918845,0.04666666666665975,62918.60893309091
2017-11-23,42.76833333333334,641.6666666666666,1.656219283597072,0.0,91820.79708262168
2017-11-24,42.81,675.3333333333334,1.5924983354762106,0.0416666666666643,92920.36687703434
2017-11-25,42.79666666666666,663.8333333333334,1.8132474068864786,0.013333333333342523,103999.16767145538
2017-11-26,42.835,695.3333333333334,1.9299365576338132,0.0383333333333411,115944.41258565508
2017-11-27,42.82,749.5,2.0352702802467224,0.015000000000000568,131797.59048388095
2017-11-28,42.82333333333333,766.1666666666666,2.073393344474728,0.0033333333333303017,137252.0045455247
2017-11-29,42.84166666666667,784.0,2.0902027910821674,0.018333333333337976,141585.32058120743
2017-11-30,42.876666666666665,759.5,2.1502599154752224,0.03499999999999659,141101.7758614165
2017-12-01,42.93333333333334,777.6666666666666,2.163766503624728,0.05666666666667197,145384.3368851469
2017-12-02,42.93,774.8333333333334,2.142650652511541,0.003333333333337407,143441.03352277665
2017-12-03,42.879999999999995,733.0,2.0085117459790083,0.05000000000000426,127201.45908694578
2017-12-04,42.998333333333335,833.0,2.28435563628893,0.1183333333333394,164407.81637047784
2017-12-05,42.971666666666664,816.6666666666666,2.304560736412674,0.026666666666670835,162609.80556127828
2017-12-06,43.035,890.0,2.6635799661421706,0.06333333333333258,204818.64507646835
2017-12-07,43.06,905.0,2.6010463489920257,0.025000000000005684,203381.0161203845
2017-12-08,43.046666666666674,897.0,2.6388496487035003,0.013333333333328312,204512.95885424025
2017-12-09,43.080000000000005,917.5,2.8005581422927635,0.03333333333333144,222005.84505583195
2017-12-10,43.01166666666666,809.8333333333334,2.0793991721943303,0.06833333333334224,145494.72831876844
2017-12-11,42.98555555555556,506.6666666666667,1.2553524975845407,0.02611111111110631,54954.31093426086
2017-12-12,42.925000000000004,547.0,1.3883703937094574,0.06055555555555259,65615.49550302394
2017-12-13,42.97833333333333,529.0,1.2304734195112588,0.05333333333332746,56239.525922813795
2017-12-14,42.93833333333333,440.0,1.0502443839310869,0.03999999999999915,39926.0904995242
2017-12-15,43.04666666666666,546.8333333333334,1.3174627947218196,0.10833333333332718,62245.374184544984
2017-12-16,43.03666666666667,536.6666666666666,1.3136080695256218,0.009999999999990905,60909.37896776403
2017-12-17,43.06,560.6666666666666,1.3390588456418646,0.023333333333333428,64866.15297704495
2017-12-18,43.07444444444444,575.8888888888889,1.3889367940293527,0.014444444444436044,69109.05027315971
2017-12-19,43.01,534.1428571428571,1.2915564334206315,0.06444444444444031,59605.255599137374
2017-12-20,43.02444444444445,565.8888888888889,1.4027403324231882,0.014444444444450255,68583.90252510046
2017-12-21,43.01777777777778,560.3333333333334,1.4008669253468016,0.006666666666667709,67819.89028342965
2017-12-22,42.958000000000006,507.4,1.241129752634946,0.05977777777777504,54410.334032474355
2017-12-23,42.8875,455.75,1.107972754984031,0.07050000000000267,43628.42157845519
2017-12-24,42.784285714285716,456.57142857142856,1.061135894840735,0.10321428571428726,41859.446234329924
2017-12-25,42.69333333333333,404.1666666666667,0.921770582998367,0.09095238095238756,32188.22875830298
2017-12-26,42.595,359.1666666666667,0.81630509649967,0.09833333333332916,25331.57975457776
2017-12-27,42.51714285714286,330.42857142857144,0.7371705352277905,0.07785714285714107,21045.502672233484
2017-12-28,42.515,329.5,0.7387101094537073,0.002142857142857224,21030.190364015703
2017-12-29,42.501666666666665,325.5,0.7214424525821787,0.013333333333335418,20289.270382459126
2017-12-30,42.53666666666667,337.1666666666667,0.7571251036506097,0.035000000000003695,22055.962819466644
2017-12-31,42.57333333333333,350.3333333333333,0.8058850855220201,0.03666666666666174,24393.17447664892
2018-01-01,42.56166666666667,345.8333333333333,0.7447963018463147,0.011666666666663161,22254.513499167886
2018-01-02,42.54333333333333,342.3333333333333,0.7599573607967987,0.018333333333337976,22477.71483470339
2018-01-03,42.51,329.57142857142856,0.737654131659238,0.03333333333333144,21004.68032316447
2018-01-04,42.57833333333333,346.8333333333333,0.8003015880380496,0.06833333333333513,23982.157507783413
2018-01-05,42.605,359.6666666666667,0.8105675343108243,0.02666666666666373,25188.54824221573
2018-01-06,42.61833333333333,373.0,0.8489948623834436,0.013333333333335418,27360.727229003714
2018-01-07,42.593333333333334,378.1666666666667,0.9381031710180215,0.02499999999999858,30651.207768574433
2018-01-08,42.583333333333336,371.1666666666667,0.8888498953716688,0.00999999999999801,28504.349524694975
2018-01-09,42.58166666666667,371.3333333333333,0.8342331045489214,0.0016666666666651508,26764.867539863953
2018-01-10,42.55166666666667,357.6666666666667,0.8676850558578292,0.030000000000001137,26813.55067014098
2018-01-11,42.52666666666667,347.1666666666667,0.7850075667564957,0.02499999999999858,23546.45896637444
2018-01-12,42.55166666666667,354.0,0.8543161612043259,0.02499999999999858,26129.77238013103
2018-01-13,42.58166666666667,370.5,0.8616103622893213,0.030000000000001137,27581.181629315925
2018-01-14,42.61666666666667,382.3333333333333,0.8943478408332995,0.03499999999999659,29543.52883495088
2018-01-15,42.66,405.3333333333333,0.9670644651319306,0.04333333333332945,33867.371220492314
2018-01-16,42.70166666666666,424.3333333333333,0.9939866622856645,0.0416666666666643,36441.93660738195
2018-01-17,42.72,441.3333333333333,1.0214150072557033,0.018333333333337976,38947.77992466867
2018-01-18,42.72333333333333,436.3333333333333,1.043584521091167,0.0033333333333303017,39342.30157752012
2018-01-19,42.76833333333334,464.1666666666667,1.097676831381637,0.04500000000000881,44021.231645729174
2018-01-20,42.718333333333334,441.5,1.0761171975693606,0.05000000000000426,41049.13617160181
2018-01-21,42.67857142857143,421.2857142857143,0.9501415993525472,0.03976190476190311,34584.28551554188
2018-01-22,42.67166666666666,434.6666666666667,1.023404026338681,0.006904761904770851,38434.14288995443
2018-01-23,42.644285714285715,422.2857142857143,0.9831488328877886,0.027380952380944734,35870.66269734409
2018-01-24,42.71333333333333,463.0,1.1362190480531813,0.06904761904761614,45452.397823081024
2018-01-25,42.675714285714285,440.42857142857144,1.0359910652772626,0.03761904761904589,39422.5976067404
2018-01-26,42.709999999999994,456.57142857142856,1.0887813553805834,0.03428571428570848,42949.99804274346
2018-01-27,42.76714285714286,459.57142857142856,1.0864744967953839,0.057142857142864045,43140.61180212583
2018-01-28,42.75333333333333,457.8333333333333,1.0905082982134358,0.01380952380952749,43137.01865076924
2018-01-29,42.779999999999994,465.14285714285717,1.085394699816693,0.02666666666666373,43620.21433155891
2018-01-30,42.7975,478.875,1.1703734689454972,0.0175000000000054,48423.96820292617
2018-01-31,42.79375,474.5,1.162076521692331,0.0037499999999965894,47641.41874451616
2018-02-01,42.80375,482.125,1.2123926212473386,0.00999999999999801,50502.94207363064
2018-02-02,42.72,446.75,1.121146290550737,0.08375000000000199,43275.349898226006
2018-02-03,42.857777777777784,496.3333333333333,1.2574438721523784,0.1377777777777851,53923.21705828487
2018-02-04,42.88444444444444,530.1111111111111,1.3595802621376638,0.026666666666656624,62270.951334324425
2018-02-05,42.919999999999995,546.0,1.3903520263648435,0.03555555555555401,65589.02263254568
2018-02-06,42.904545454545456,540.4545454545455,1.3786606281690867,0.015454545454538504,64376.93403070865
2018-02-07,42.8825,512.75,1.2691179891318531,0.02204545454545581,56223.95750732371
2018-02-08,42.95636363636363,551.8181818181819,1.4219329026345728,0.07386363636363313,67793.62426553605
2018-02-09,42.96857142857142,579.5714285714286,1.5145832085187363,0.012207792207789225,75842.71089276977
2018-02-10,42.798,480.1333333333333,1.20852394074581,0.17057142857142082,50133.827066407626
2018-02-11,42.8025,465.3333333333333,1.193737614531835,0.0045000000000001705,47993.98204472952
2018-02-12,42.910000000000004,505.14285714285717,1.3908934866327327,0.1075000000000017,60704.63220836584
2018-02-13,42.85818181818182,482.8181818181818,1.2009716515192017,0.05181818181818443,50099.12201102516
2018-02-14,42.712,423.5,1.0672901454331667,0.14618181818181597,39052.57333745775
2018-02-15,42.83666666666667,457.8888888888889,1.1673242722494477,0.12466666666666981,46181.215929023754
2018-02-16,42.82333333333333,462.8888888888889,1.1859632243246154,0.013333333333342523,47430.93880834895
2018-02-17,42.776250000000005,462.25,1.1679875439790406,0.04708333333332604,46647.55372645252
2018-02-18,42.755,513.0,1.3171683994152197,0.02125000000000199,58381.118400960666
2018-02-19,42.711666666666666,463.0,1.197439610555719,0.043333333333336554,47901.41622898254
2018-02-20,42.695,446.875,1.1150217220328775,0.01666666666666572,43050.98868768941
2018-02-21,42.72625,472.0,1.2246782200524453,0.03125,49943.35755631477
2018-02-22,42.73222222222223,466.0,1.176591040846685,0.005972222222226264,47372.37912298558
2018-02-23,42.67416666666667,444.5833333333333,1.1060909896259419,0.05805555555555486,42487.167093511685
2018-02-24,42.56428571428571,391.0,0.9491643143052003,0.10988095238096207,32065.048531584
2018-02-25,42.76714285714286,538.1428571428571,1.4736586360199362,0.20285714285714818,68518.55826786363
2018-02-26,42.663333333333334,527.25,1.3801981953162006,0.1038095238095238,62874.10066871234
2018-02-27,42.56909090909091,490.27272727272725,1.2757012233298666,0.0942424242424238,54038.14715062842
2018-02-28,42.595454545454544,545.7272727272727,1.412666656338606,0.026363636363633702,66608.41434938695
2018-03-01,42.59733333333334,558.4666666666667,1.425561405523712,0.0018787878787946966,68785.50466985551
2018-03-02,42.525555555555556,526.0,1.308537917362079,0.0717777777777826,59468.337607603986
2018-03-03,42.46142857142858,498.57142857142856,1.263575790627774,0.06412698412697893,54430.51280039092
2018-03-04,42.613076923076925,562.8461538461538,1.5006809571894695,0.15164835164834756,72977.97642372786
2018-03-05,42.649,581.5,1.5431543751926395,0.03592307692307628,77530.54485667852
2018-03-06,42.642857142857146,585.7142857142857,1.6245983995724473,0.006142857142855007,82213.96243779197
2018-03-07,42.628,554.1,1.5156590526616704,0.014857142857145789,72561.02524529745
2018-03-08,42.737857142857145,560.1428571428571,1.4905905195217102,0.10985714285714465,72139.12984237938
2018-03-09,42.65714285714286,522.5714285714286,1.3824960881285777,0.0807142857142864,62419.93537833468
2018-03-10,42.67142857142857,527.0,1.4020571394206875,0.014285714285712459,63839.58731781429
2018-03-11,42.68,604.0,1.7013861467153475,0.008571428571428896,88787.85689802845
2018-03-12,42.675,599.75,1.9329814671795575,0.005000000000002558,100164.00685889719
2018-03-13,42.67666666666667,597.0,1.6915303640374082,0.0016666666666722563,87250.48940134075
2018-03-14,42.66166666666667,595.1666666666666,1.6370947885128375,0.015000000000000568,84183.34305282254
2018-03-15,42.72375,624.875,1.7193549494927962,0.06208333333333371,92826.59823915649
2018-03-16,42.71714285714285,621.7142857142857,1.7640201084487452,0.006607142857149029,94756.3057477309
2018-03-17,42.74571428571429,639.7142857142857,1.7683536283926602,0.028571428571439128,97739.22916317392
2018-03-18,42.77285714285715,655.1428571428571,1.7774882218629717,0.027142857142855803,100613.55273486486
2018-03-19,42.82,684.8333333333334,1.9405080927808547,0.047142857142851824,114819.08764660607
2018-03-20,42.86142857142857,711.2857142857143,2.0639105315554254,0.04142857142856826,126837.79862335567
2018-03-21,42.945,788.5,2.375877882108064,0.08357142857143174,161860.00694764682
2018-03-22,42.97833333333333,835.5,2.594472818943648,0.03333333333333144,187287.72827564893
2018-03-23,43.01,867.4285714285714,2.6035157051248787,0.03166666666666629,195122.64171931116
2018-03-24,43.03142857142857,889.7142857142857,2.739680318472281,0.02142857142857224,210602.82680366852
2018-03-25,43.098333333333336,955.1666666666666,2.9717827512766934,0.06690476190476602,245250.53204496094
2018-03-26,43.11,967.0,2.9478952940295,0.011666666666663161,246293.1143418119
2018-03-27,43.115,972.0,2.8624167268978127,0.005000000000002558,240388.04665825985
2018-03-28,43.10125,958.25,2.783487105497372,0.013750000000001705,230452.69122802286
2018-03-29,43.074999999999996,931.6666666666666,2.7067143257989876,0.026250000000004547,217879.6763695153
2018-03-30,43.08571428571429,942.2857142857143,2.7168483575472466,0.010714285714293226,221188.0949450534
2018-03-31,43.089999999999996,946.8571428571429,2.6662231680542354,0.004285714285707343,218119.60377705775
2018-04-01,43.10999999999999,967.0,2.8318593740179137,0.01999999999999602,236598.45246794788
2018-04-02,43.11166666666667,968.6666666666666,3.010180136340177,0.0016666666666793617,251930.4041146912
2018-04-03,43.13333333333333,990.8333333333334,2.9870632970679556,0.021666666666661172,255716.51473539358
2018-04-04,43.18714285714286,1047.142857142857,3.0440844665709905,0.05380952380952664,275407.8888132867
2018-04-05,43.294444444444444,1160.0,3.541295846662091,0.10730158730158479,354922.83493586147
2018-04-06,43.343333333333334,1213.3333333333333,3.6718663577623705,0.048888888888889426,384929.0940169448
2018-04-07,43.347500000000004,1235.0,3.791845628635107,0.0041666666666699825,404605.0959578805
2018-04-08,43.32,1260.0,3.857834128471206,0.02750000000000341,419979.2545618894
2018-04-09,43.29571428571428,1235.7142857142858,3.6846128556194553,0.024285714285717575,393390.32339653664
2018-04-10,43.269999999999996,1210.0,3.7599734339077444,0.02571428571428669,393082.6626744513
2018-04-11,43.26,1200.0,3.5563358792857778,0.00999999999999801,368720.9039643494
2018-04-12,43.23833333333334,1178.3333333333333,3.491844583480109,0.021666666666661172,355497.713354943
2018-04-13,43.21,1150.0,3.284660363331696,0.028333333333335986,326363.8537006373
2018-04-14,43.208333333333336,1148.3333333333333,3.427971878829531,0.0016666666666651508,340109.65792995074
2018-04-15,43.21,1150.0,3.328106061835146,0.0016666666666651508,330680.6183039401
2018-04-16,43.173333333333325,1121.6666666666667,3.3162547421521986,0.03666666666667595,321384.8795714539
2018-04-17,43.145,1095.0,3.128587604939066,0.028333333333321775,295989.41612807516
2018-04-18,43.125,1075.0,3.046981797416603,0.020000000000003126,283003.6693440541
2018-04-19,43.093333333333334,1043.3333333333333,2.926409437712854,0.03166666666666629,263798.25235318753
2018-04-20,43.05833333333334,1005.0,2.8023038740869293,0.03499999999999659,243329.64999471625
2018-04-21,42.98142857142857,918.1428571428571,2.5081955541203707,0.07690476190476403,198968.9903135789
2018-04-22,42.99142857142857,929.4285714285714,2.548719466599143,0.00999999999999801,204668.87265908055
2018-04-23,43.05833333333334,1004.5,2.7634067224969705,0.06690476190476602,239832.75335744506
2018-04-24,43.144285714285715,1092.857142857143,3.140997322431434,0.0859523809523779,296581.9414620401
2018-04-25,43.25142857142857,1191.4285714285713,3.517461080089124,0.1071428571428541,362085.43360661436
2018-04-26,43.25333333333333,1193.3333333333333,3.508710738052518,0.0019047619047611875,361762.11193616677
2018-04-27,43.245000000000005,1185.0,3.3141390091782807,0.008333333333325754,339314.8083157091
2018-04-28,43.18666666666667,1131.6666666666667,3.1854212083171523,0.05833333333333712,311457.7440644179
2018-04-29,43.10166666666667,1051.6666666666667,2.893210316716068,0.08500000000000085,262888.6622180888
2018-04-30,43.086666666666666,1036.6666666666667,2.802902842436053,0.015000000000000568,251050.4017913124
2018-05-01,43.12875,1078.75,3.002696877750168,0.042083333333330586,279863.3597938267
2018-05-02,43.17285714285714,1121.4285714285713,3.1221264209523847,0.044107142857143344,302507.28910667787
2018-05-03,43.21857142857142,1158.5714285714287,3.2756335228173694,0.04571428571428271,327892.7874246032
2018-05-04,43.22571428571428,1165.7142857142858,3.283634394094907,0.007142857142859782,330720.15072319546
2018-05-05,43.21714285714285,1157.142857142857,3.2528646335042595,0.008571428571428896,325212.11215880304
2018-05-06,43.193333333333335,1135.0,2.855020900223856,0.023809523809518396,279974.7695595522
2018-05-07,43.178333333333335,1126.6666666666667,3.2216855326276836,0.015000000000000568,313611.7564881093
2018-05-08,43.19166666666666,1135.0,3.2055376919549965,0.013333333333328312,314347.8482238748
2018-05-09,43.22333333333333,1163.3333333333333,3.2732042096380263,0.03166666666666629,328996.3015191373
2018-05-10,43.22666666666667,1166.6666666666667,3.2654766792736605,0.003333333333337407,329160.049270785
2018-05-11,43.21333333333333,1153.3333333333333,3.237576738345758,0.013333333333335418,322618.0468226781
2018-05-12,43.23666666666666,1176.6666666666667,3.334480093417086,0.023333333333326323,338996.5842171547
2018-05-13,43.26666666666667,1206.6666666666667,3.463113496786884,0.030000000000015348,361050.3607210134
2018-05-14,43.25833333333333,1198.3333333333333,3.4529817282475803,0.008333333333339965,357507.9162158414
2018-05-15,43.25333333333333,1193.3333333333333,3.425538803199986,0.005000000000002558,353186.75276513136
2018-05-16,43.303333333333335,1243.3333333333333,3.6389867861880973,0.05000000000000426,390914.5165194702
2018-05-17,43.38166666666667,1321.6666666666667,3.7777174064628647,0.07833333333333314,431385.1060788075
2018-05-18,43.385714285714286,1325.7142857142858,3.843425696317692,0.0040476190476184115,440232.5679859936
2018-05-19,43.43166666666667,1371.6666666666667,4.026204037139052,0.04595238095238585,477153.4928494234
2018-05-20,43.51,1442.5,4.195788638359028,0.07833333333332604,522929.52957596246
2018-05-21,43.55833333333334,1488.3333333333333,4.327481971111008,0.04833333333333911,556479.5616291068
2018-05-22,43.544999999999995,1468.3333333333333,4.330147912030612,0.013333333333342523,549339.8847118516
2018-05-23,43.46666666666667,1356.6666666666667,4.0727272240644075,0.07833333333332604,477388.7942959337
2018-05-24,43.573750000000004,1468.75,4.436942295105041,0.10708333333333542,563047.9772488298
2018-05-25,43.68833333333333,1593.3333333333333,4.675353504157663,0.1145833333333286,643627.8647963605
2018-05-26,43.70428571428572,1614.2857142857142,4.815373114330151,0.015952380952384715,671620.7255689732
2018-05-27,43.722857142857144,1632.857142857143,4.933047326936206,0.018571428571426907,695948.6791157864
2018-05-28,43.73857142857143,1648.5714285714287,4.969685957726818,0.015714285714288678,707865.0288953243
2018-05-29,43.77166666666667,1686.6666666666667,5.041995131743865,0.0330952380952354,734759.86655877
2018-05-30,43.79333333333333,1706.6666666666667,5.126363241843253,0.021666666666661172,755913.0181892389
2018-05-31,43.84375,1766.25,5.360602065283654,0.05041666666667055,818049.3175705468
2018-06-01,43.84571428571429,1751.4285714285713,5.297463063503484,0.001964285714286973,801630.2734998505
2018-06-02,43.803333333333335,1671.6666666666667,4.9380934097635985,0.04238095238095241,713218.7073589761
2018-06-03,43.78666666666667,1641.6666666666667,4.7966527557079575,0.01666666666666572,680357.2268696168
2018-06-04,43.76857142857143,1614.2857142857142,4.854413438559342,0.01809523809524194,677065.8469048938
2018-06-05,43.78285714285715,1637.142857142857,4.8165000197474805,0.014285714285719564,681289.7993646928
2018-06-06,43.776666666666664,1626.6666666666667,4.7405195241968014,0.006190476190482741,666251.5760087153
2018-06-07,43.71333333333334,1550.0,4.529159727379279,0.06333333333332547,606545.0706906331
2018-06-08,43.66857142857143,1498.5714285714287,4.4221009201468116,0.04476190476190567,572558.4656517401
2018-06-09,43.74666666666667,1588.3333333333333,4.780244693006652,0.07809523809523711,656002.5397106889
2018-06-10,43.77166666666667,1618.3333333333333,4.751277644409291,0.02499999999999858,664342.6453518848
2018-06-11,43.754999999999995,1596.6666666666667,4.722180467970651,0.016666666666672825,651434.2399174874
2018-06-12,43.775,1626.6666666666667,4.780494610704613,0.020000000000003126,671869.8345668692
2018-06-13,43.723333333333336,1563.3333333333333,4.545591454139157,0.05166666666666231,613982.1288934842
2018-06-14,43.72,1558.3333333333333,4.50259577340353,0.003333333333337407,606229.4949310513
2018-06-15,43.715,1555.0,4.52284769879441,0.0049999999999954525,607653.6340284267
2018-06-16,43.708333333333336,1543.3333333333333,4.46200970268293,0.006666666666667709,594982.2217945525
2018-06-17,43.67714285714286,1507.142857142857,4.376306840985138,0.031190476190474214,569870.1730992533
2018-06-18,43.66833333333333,1498.3333333333333,4.325339911815584,0.008809523809532038,559941.2036239983
2018-06-19,43.67333333333334,1503.3333333333333,4.352971067050317,0.005000000000009663,565398.7059570315
2018-06-20,43.705714285714286,1538.5714285714287,4.187176908395871,0.03238095238094729,556612.1934593992
2018-06-21,43.71333333333333,1550.0,4.477488802962356,0.00761904761904475,599625.3004927188
2018-06-22,43.675000000000004,1505.0,4.354620157579347,0.03833333333332689,566239.9683303577
2018-06-23,43.681666666666665,1511.6666666666667,4.453250953657419,0.006666666666660603,581630.2005552883
2018-06-24,43.70666666666667,1543.3333333333333,4.470377733575593,0.025000000000005684,596098.0485059039
2018-06-25,43.685,1516.6666666666667,4.3453110447896774,0.021666666666668277,569409.5593092394
2018-06-26,43.701666666666675,1538.3333333333333,4.457694393268233,0.016666666666672825,592481.0771980674
2018-06-27,43.64166666666667,1480.0,4.207272761778801,0.060000000000002274,537992.3825941788
2018-06-28,43.625,1466.6666666666667,4.189876803439003,0.016666666666672825,530941.1885317905
2018-06-29,43.663333333333334,1493.3333333333333,4.318411027580653,0.038333333333333997,557178.6644225662
2018-06-30,43.667142857142856,1500.0,4.329631646535931,0.003809523809522375,561120.2613910566
2018-07-01,43.481,1290.0,3.7091646178038857,0.18614285714285472,413408.6516419499
2018-07-02,43.324999999999996,1145.0,3.112712389897966,0.1560000000000059,307934.411307826
2018-07-03,43.291666666666664,1111.6666666666667,3.0216445794218836,0.03333333333333144,290222.91856431315
2018-07-04,43.281666666666666,1271.6666666666667,3.537856955957596,0.00999999999999801,388711.41946497303
2018-07-05,43.549375,1526.25,4.6045473278598985,0.26770833333333144,607192.4470302291
2018-07-06,44.61291666666667,2670.4166666666665,7.935391370742451,1.0635416666666728,1830885.2386231814
2018-07-07,45.15125,2962.0833333333335,9.559742243405726,0.5383333333333269,2446567.4739013673
2018-07-08,45.15470588235294,2851.176470588235,9.256493071297044,0.003455882352945139,2280259.749171902
2018-07-09,45.5975,3616.25,13.620975182888591,0.442794117647054,4255791.970042443
2018-07-10,45.556666666666665,3477.5,14.539334596255465,0.04083333333333172,4368430.315452532
2018-07-11,45.113076923076925,2816.153846153846,13.290258377872924,0.44358974358974024,3233728.418160259
2018-07-12,44.78615384615385,2536.923076923077,13.232979359865672,0.3269230769230731,2900538.781731935
2018-07-13,44.53916666666667,2345.0,11.21236269532747,0.24698717948718496,2271714.3809749084
2018-07-14,44.303333333333335,2150.0,9.574996987479778,0.235833333333332,1778651.440394244
2018-07-15,44.775416666666665,2939.1666666666665,11.31348457116536,0.4720833333333303,2872991.525940016
2018-07-16,44.808461538461536,2953.846153846154,12.305459432770279,0.033044871794871256,3140504.6990513788
2018-07-17,44.81461538461539,2870.769230769231,15.895071421720363,0.006153846153850395,3942525.481201799
2018-07-18,45.10333333333333,3312.5,17.64876645144983,0.2887179487179452,5051076.9584049415
2018-07-19,45.20666666666667,3489.1666666666665,21.047146462351602,0.10333333333333883,6344956.961126363
2018-07-20,45.215,3505.0,16.765039201451817,0.00833333333333286,5076990.351454057
2018-07-21,45.29916666666667,3637.5,15.270205747737544,0.08416666666666828,4799120.262398955
2018-07-22,45.30461538461539,3580.769230769231,14.972874362958704,0.005448717948716819,4632284.835220837
2018-07-23,45.21666666666667,3392.5,14.191794796339783,0.08794871794871995,4159785.3563447464
2018-07-24,44.81214285714286,2902.8571428571427,12.598961487825472,0.40452380952380906,3159905.9340254017
2018-07-25,44.37166666666667,2335.0,10.36029700928766,0.4404761904761898,2090127.7598417297
2018-07-26,44.291666666666664,2251.6666666666665,9.766507614214008,0.0800000000000054,1900015.45729965
2018-07-27,44.024166666666666,1970.8333333333333,8.500520477836934,0.2674999999999983,1447468.6269660732
2018-07-28,43.699999999999996,1599.1666666666667,6.726809467096987,0.32416666666667027,929429.8104498567
2018-07-29,43.44333333333333,1320.0,5.065936893216177,0.2566666666666677,577759.9707975186
2018-07-30,43.26166666666666,1137.5,4.164366249196318,0.18166666666666487,409273.91497101414
2018-07-31,43.176923076923075,1070.7692307692307,3.591341365207182,0.08474358974358864,332251.01260294585
2018-08-01,43.048333333333325,980.8333333333334,3.5158047008174584,0.12858974358974962,297943.35356607474
2018-08-02,42.923333333333325,903.1666666666666,3.199392086427564,0.125,249660.08231545394
2018-08-03,42.925000000000004,933.0,2.8879607449922973,0.0016666666666793617,232801.98120672308
2018-08-04,42.97,994.1666666666666,2.9045473801729575,0.0449999999999946,249489.00176733636
2018-08-05,43.23625,1313.75,4.188445727075641,0.26624999999999943,475422.0975889019
2018-08-06,43.278333333333336,1365.0,4.47664950007179,0.04208333333333769,527958.1354404667
2018-08-07,43.59307692307693,1670.7692307692307,5.48220484845661,0.3147435897435926,791380.728942497
2018-08-08,43.778333333333336,1816.6666666666667,6.289009813687504,0.18525641025640738,987122.9803563907
2018-08-09,43.77,1771.6666666666667,5.862248145505222,0.00833333333333286,897346.0481287754
2018-08-10,43.72333333333333,1707.7777777777778,5.5237773598361635,0.04666666666667396,815044.3969985456
2018-08-11,43.59583333333333,1552.5,4.954964383337764,0.12749999999999773,664639.1025233943
2018-08-12,43.695,1671.6666666666667,5.582981114915097,0.09916666666666885,806361.1283894173
2018-08-13,43.651666666666664,1613.3333333333333,5.146522087798398,0.043333333333336554,717384.0068623943
2018-08-14,43.971666666666664,2042.5,6.826702256181165,0.3200000000000003,1204721.8005528026
2018-08-15,44.15333333333333,2273.3333333333335,7.776849326165257,0.18166666666666487,1527497.6372480753
2018-08-16,43.41391304347826,1220.8695652173913,4.130262926752508,0.7394202898550688,435673.06303258176
2018-08-17,43.28333333333333,1178.3333333333333,3.850918562593856,0.13057971014492864,392054.31702055526
2018-08-18,43.30833333333334,1260.0,3.937045723494021,0.025000000000005684,428602.54564245313
2018-08-19,43.555454545454545,1520.0,5.5300836089790515,0.24712121212120763,726254.820200001
2018-08-20,43.4075,1398.75,8.72648476583149,0.1479545454545459,1054613.1369202673
2018-08-21,43.24142857142857,1251.4285714285713,13.904017998755917,0.16607142857142776,1503350.0969443426
2018-08-22,43.18666666666667,1196.6666666666667,11.08045005700662,0.05476190476190368,1145629.8922940285
2018-08-23,43.164,1180.0,7.542601687948621,0.022666666666665947,768983.3272897379
2018-08-24,43.75391304347826,1964.3478260869565,8.49437558773857,0.589913043478262,1441662.4701855683
2018-08-25,44.385416666666664,2675.0,12.500823366447547,0.6315036231884008,2889190.296453357
2018-08-26,44.48352941176471,2619.4117647058824,9.977184446507838,0.09811274509804235,2258008.2130599227
2018-08-27,44.57181818181818,2663.6363636363635,10.471510660320348,0.0882887700534738,2409894.4242558335
2018-08-28,44.56,2650.0,11.391736321597309,0.011818181818178175,2608251.94819292
2018-08-29,44.57125,2662.5,10.633427287503208,0.011249999999996874,2446113.6132172383
2018-08-30,44.44166666666666,2480.8333333333335,9.425695740523418,0.12958333333333627,2020341.3278067517
2018-08-31,44.093333333333334,2005.0,7.077839512786768,0.34833333333332916,1226108.2944790774
2018-09-01,43.81777777777778,1655.5555555555557,6.450148267669256,0.275555555555556,922629.2082074105
2018-09-02,43.54,1326.1538461538462,4.489926431231129,0.27777777777777857,514454.3889746377
2018-09-03,43.22416666666667,1047.0,3.4845958322751645,0.3158333333333303,315219.32666427724
2018-09-04,43.28625,1240.0,4.100461009852921,0.06208333333333371,439306.9907516026
2018-09-05,43.18222222222222,1157.7777777777778,3.641574214581024,0.10402777777778027,364273.95183296903
2018-09-06,43.37833333333333,1328.3333333333333,4.73955032770663,0.19611111111110802,543948.7120102346
2018-09-07,43.330000000000005,1281.6666666666667,4.245115068648587,0.0483333333333249,470087.06224187
2018-09-08,43.43,1380.0,4.344704611455188,0.09999999999999432,518027.82023302495
2018-09-09,43.40833333333333,1358.3333333333333,4.319365159932672,0.021666666666668277,506920.6951696984
2018-09-10,43.379999999999995,1330.0,4.204087435404442,0.028333333333335986,483100.0953771952
2018-09-11,43.324999999999996,1276.6666666666667,3.899753219843346,0.054999999999999716,430158.37916160055
2018-09-12,43.31666666666666,1268.3333333333333,3.8073550910957477,0.00833333333333286,417225.2003026364
2018-09-13,43.31666666666666,1266.6666666666667,3.734573912215231,0.0,408711.76895283494
2018-09-14,43.370000000000005,1338.5714285714287,4.207877123022693,0.05333333333334167,486651.80953303375
2018-09-15,43.39000000000001,1380.0,4.139192345885258,0.020000000000003126,493524.18178459106
2018-09-16,43.517272727272726,1557.2727272727273,4.8660807687270875,0.1272727272727181,654723.2047546081
2018-09-17,44.07565217391304,2317.391304347826,8.013529233884457,0.5583794466403162,1604489.728067217
2018-09-18,44.52666666666667,2674.5833333333335,9.474422198160346,0.4510144927536288,2189387.3792396854
2018-09-19,44.689375,2795.0,9.755021615717393,0.16270833333332746,2355720.659936362
2018-09-20,44.74416666666667,2844.1666666666665,9.865632442663816,0.05479166666667368,2424341.053930436
2018-09-21,44.781666666666666,2881.6666666666665,10.093647576985795,0.037499999999994316,2513075.9991276152
2018-09-22,44.81333333333333,2913.3333333333335,10.207121787957854,0.03166666666666629,2569255.039490448
2018-09-23,44.79416666666666,2814.1666666666665,9.828875736862775,0.01916666666667055,2389832.1621637624
2018-09-24,44.74666666666667,2730.8333333333335,9.454301917126125,0.047499999999992326,2230685.8115344066
2018-09-25,44.876666666666665,2986.6666666666665,10.440555378464278,0.12999999999999545,2694164.43430195
2018-09-26,45.0925,3153.3333333333335,11.106195666769844,0.21583333333333599,3025860.797020111
2018-09-27,45.134166666666665,3164.1666666666665,11.020911566556125,0.0416666666666643,3012940.8877113797
2018-09-28,45.0825,3121.6666666666665,10.957663330024934,0.05166666666666231,2955413.292067685
2018-09-29,45.02916666666667,3129.1666666666665,11.00378164583678,0.053333333333334565,2974982.405768432
2018-09-30,45.10916666666666,3223.3333333333335,11.376465521601562,0.07999999999999119,3168300.1419039485
2018-10-01,45.225833333333334,3355.0,11.97807191610812,0.11666666666667425,3472107.6624660934
2018-10-02,45.294999999999995,3415.0,12.167234883080058,0.0691666666666606,3590015.6556620696
2018-10-03,45.306666666666665,3417.5,12.155586467387174,0.011666666666670267,3589204.327398346
2018-10-04,45.232499999999995,3285.0,11.679596894918467,0.07416666666667027,3314949.9091033395
2018-10-05,44.965,2976.6666666666665,10.513654390835354,0.2674999999999912,2703943.6908525997
2018-10-06,44.87583333333333,2873.3333333333335,10.147221228900996,0.08916666666667084,2519108.553402046
2018-10-07,44.61,2558.0,8.763858930742087,0.26583333333333314,1936910.9789140257
2018-10-08,44.2315,2104.5,7.060601156047452,0.3785000000000025,1283820.635482721
2018-10-09,44.02230769230769,1862.3076923076924,6.044470069053219,0.20919230769230523,972575.6923170506
2018-10-10,43.91583333333333,1739.1666666666667,5.645929845626433,0.10647435897435997,848380.0023232104
2018-10-11,43.9275,1883.3333333333333,6.166017063854249,0.011666666666670267,1003334.2966303634
2018-10-12,43.90833333333333,1921.6666666666667,6.239623295108544,0.01916666666667055,1035977.1349334618
2018-10-13,43.67333333333334,1624.1666666666667,5.068209636973282,0.23499999999999233,711211.7219371868
2018-10-14,43.48166666666666,1387.5,4.263369512101826,0.1916666666666771,511092.73711076693
2018-10-15,43.41833333333333,1318.3333333333333,4.027183895671134,0.06333333333333258,458712.35445252486
2018-10-16,43.29,1180.0,3.3906534099113834,0.1283333333333303,345683.89644728537
2018-10-17,43.300000000000004,1254.2857142857142,3.6552882792196493,0.010000000000005116,396124.63518711313
2018-10-18,43.48166666666666,1475.0,4.707207002082508,0.18166666666665776,599886.4603453949
2018-10-19,43.473333333333336,1470.0,4.50543269854592,0.008333333333325754,572225.9961769201
2018-10-20,43.49714285714286,1488.5714285714287,4.454257186068134,0.0238095238095255,572873.4705044156
2018-10-21,43.348333333333336,1335.0,3.8782486952225987,0.1488095238095255,447332.71750175545
2018-10-22,43.23833333333334,1200.0,3.4140352342544222,0.10999999999999943,353967.1730874985
2018-10-23,43.34428571428571,1328.5714285714287,3.826092869015189,0.10595238095237391,439191.7345872979
2018-10-24,43.42166666666666,1420.0,4.172692778116959,0.077380952380949,511939.33156161354
2018-10-25,43.321666666666665,1300.0,3.761357184703568,0.09999999999999432,422475.63898590475
2018-10-26,43.315,1291.6666666666667,3.703903402061403,0.006666666666667709,413355.6196700526
2018-10-27,43.225,1183.3333333333333,3.3948794442852623,0.0899999999999963,347092.4743837252
2018-10-28,43.166666666666664,1113.3333333333333,3.139177326451868,0.05833333333333712,301963.74538605806
2018-10-29,43.104285714285716,1044.2857142857142,2.990948609277989,0.06238095238094843,269862.18377746135
2018-10-30,43.126666666666665,1066.6666666666667,3.148329215149761,0.02238095238094928,290150.020468202
2018-10-31,43.11166666666667,1051.6666666666667,2.9713572436035296,0.014999999999993463,269989.40458279115
2018-11-01,43.115,1055.0,2.985660119071575,0.0033333333333303017,272148.8911736122
2018-11-02,43.13333333333333,1075.0,3.084503960417891,0.01833333333333087,286488.7278436138
2018-11-03,43.089999999999996,1025.3333333333333,2.8994794103656747,0.043333333333336554,256861.40158900266
2018-11-04,42.958333333333336,880.6666666666666,2.448868381202941,0.1316666666666606,186333.4155783793
2018-11-05,42.9,819.1666666666666,2.231564711010131,0.05833333333333712,157941.22398645303
2018-11-06,42.88166666666667,800.0,2.182680934708815,0.01833333333333087,150866.9062070733
2018-11-07,42.870000000000005,788.0,2.1395495738709567,0.011666666666663161,145667.38154777113
2018-11-08,42.848333333333336,767.0,2.0487012649353233,0.021666666666668277,135764.97438574597
2018-11-09,42.81166666666667,731.8333333333334,1.9252439757546103,0.036666666666668846,121733.94668455434
2018-11-10,42.75,677.0,1.7743713689939504,0.061666666666667425,103787.94961228935
2018-11-11,42.73,661.1666666666666,1.79137746750418,0.020000000000003126,102332.0795556828
2018-11-12,42.73375,664.5,1.7685281388872744,0.003750000000003695,101536.15233230732
2018-11-13,42.6775,618.375,1.6600347046204718,0.05624999999999858,88691.67018458073
2018-11-14,42.67166666666666,614.0,1.6013973473780052,0.005833333333342239,84953.48871946422
2018-11-15,42.67333333333334,615.1666666666666,1.6441957274654186,0.0016666666666793617,87389.66059307799
2018-11-16,42.73857142857143,669.8571428571429,1.7343332281806714,0.06523809523809376,100375.67528564918
2018-11-17,42.69499999999999,633.5,1.6085393549939628,0.043571428571439696,88042.43647198156
2018-11-18,42.71142857142858,648.0,1.6067857027141663,0.016428571428583894,89959.43249499859
2018-11-19,42.70666666666667,643.5,1.6388151713531565,0.004761904761906521,91115.50142296134
2018-11-20,42.70285714285715,639.1428571428571,1.6237875263508297,0.003809523809522375,89668.70199228686
2018-11-21,42.65833333333333,604.5,1.562651428612541,0.04452380952381674,81615.40893471868
2018-11-22,42.62,574.5,1.510057296043459,0.038333333333333997,74954.41199224997
2018-11-23,42.71416666666667,624.9166666666666,1.609149653818596,0.0941666666666734,86882.4954286967
2018-11-24,42.63916666666667,446.75,1.0862911657695478,0.07500000000000284,41929.96996577193
2018-11-25,42.64,447.6666666666667,1.0850684949023388,0.0008333333333325754,41968.71327323063
2018-11-26,42.653333333333336,456.75,1.1154410940048856,0.013333333333335418,44018.8749809336
2018-11-27,42.579166666666666,405.5,0.9730415637141706,0.07416666666667027,34090.70579303871
2018-11-28,42.58416666666667,409.0,1.0052170188791607,0.005000000000002558,35521.95692634423
2018-11-29,42.62166666666666,434.3333333333333,1.0742728457026758,0.037499999999994316,40313.592516976896
2018-11-30,42.58,548.0,1.3929560090968869,0.0416666666666643,65952.56675391214
2018-12-01,42.525,508.9166666666667,1.2552385473569174,0.054999999999999716,55193.34102270261
2018-12-02,42.559999999999995,534.25,1.3137517164082568,0.03499999999999659,60641.728228032014
2018-12-03,42.53769230769231,518.0,1.2480010013321672,0.02230769230768459,55854.53441482141
2018-12-04,42.60333333333333,564.0,1.4384227181166584,0.06564102564102114,70093.76368473753
2018-12-05,42.615,572.0833333333334,1.434527249795962,0.011666666666670267,70905.81290291483
2018-12-06,42.60583333333333,565.9166666666666,1.446776438960825,0.00916666666667254,70740.42333827734
2018-12-07,42.695,635.0833333333334,1.6444598792265905,0.08916666666667084,90233.48692501811
2018-12-08,42.67666666666667,620.25,1.5797401846598762,0.01833333333333087,84657.6445998489
2018-12-09,42.73500000000001,666.6666666666666,1.7179496696726326,0.05833333333333712,98953.90097314364
2018-12-10,42.71333333333333,586.75,1.4687870557598348,0.021666666666675383,74460.45354915598
2018-12-11,42.715833333333336,500.6666666666667,1.225667278671026,0.0025000000000048317,53019.42487383978
2018-12-12,42.66,461.0,1.118920820523709,0.0558333333333394,44567.06384978754
2018-12-13,42.67076923076923,469.61538461538464,1.1529720412497864,0.010769230769234639,46781.574503239026
2018-12-14,42.65333333333333,456.5,1.0982042108670325,0.017435897435902348,43314.93120333315
2018-12-15,42.64666666666667,452.75,1.075954291259366,0.006666666666660603,42088.74958376738
2018-12-16,42.600833333333334,420.25,0.9986360962693664,0.04583333333333428,36260.07720110219
2018-12-17,42.6175,432.4166666666667,1.0217512781997078,0.01666666666666572,38173.44515456365
2018-12-18,42.57222222222222,400.77777777777777,0.9045675247145678,0.04527777777777686,31322.640591796287
2018-12-19,42.55714285714286,392.7142857142857,0.9009787880651215,0.015079365079365914,30570.673639569155
2018-12-20,42.49875,361.75,0.8255033585541416,0.0583928571428558,25801.272572281407
2018-12-21,42.4825,393.6666666666667,0.9269726915642508,0.01624999999999943,31528.93676363655
2018-12-22,42.43416666666667,364.0,0.8264207121272505,0.04833333333333201,25990.600828117178
2018-12-23,42.428333333333335,362.1666666666667,0.8146100835505868,0.005833333333335133,25490.127046398127
2018-12-24,42.468333333333334,383.6666666666667,0.8752498540417504,0.03999999999999915,29013.48236165918
2018-12-25,42.498333333333335,403.3333333333333,0.9576605148366061,0.030000000000001137,33372.553621026054
2018-12-26,42.425000000000004,357.3333333333333,0.8277308897326904,0.07333333333333059,25555.03239725119
2018-12-27,42.47,384.1666666666667,0.8948972528371666,0.0449999999999946,29703.429616171234
2018-12-28,42.42333333333334,356.1666666666667,0.8122803616792386,0.04666666666665975,24996.141113882877
2018-12-29,42.48166666666666,391.1666666666667,0.9205878160589398,0.05833333333332291,31112.92230178078
2018-12-30,42.50333333333333,404.0,0.9396466950216316,0.021666666666668277,32798.93167774707
2018-12-31,42.48166666666666,391.0,0.8905806331390985,0.021666666666668277,30085.95118095828
2019-01-01,42.472857142857144,385.42857142857144,0.9021943690786394,0.008809523809517827,30044.000461669748
2019-01-02,42.44833333333333,369.3333333333333,0.8674985198058326,0.02452380952381361,27682.22476641204
2019-01-03,42.42666666666667,356.5,0.8273360514649365,0.021666666666661172,25483.27412280239
2019-01-04,42.410000000000004,348.5,0.7822687801983141,0.01666666666666572,23554.42587928332
2019-01-05,42.36666666666667,333.5,0.751148197388216,0.043333333333336554,21643.884618823013
2019-01-06,42.35,353.1666666666667,0.8161442397313756,0.01666666666666572,24903.49887346731
2019-01-07,42.33428571428572,343.14285714285717,0.7793578337105951,0.015714285714281573,23106.04477598489
2019-01-08,42.31666666666667,331.3333333333333,0.7504347202304226,0.017619047619049866,21482.844822980354
2019-01-09,42.29833333333333,319.0,0.7190489494779077,0.018333333333337976,19818.1395259303
2019-01-10,42.29571428571428,317.42857142857144,0.7184558799430507,0.0026190476190492973,19704.247799452976
2019-01-11,42.29666666666666,318.0,0.7371451275668354,0.000952380952377041,20253.209808924315
2019-01-12,42.278333333333336,307.1666666666667,0.7184260219302584,0.018333333333323765,19066.451881211517
2019-01-13,42.25666666666667,325.5,0.7566349718784603,0.021666666666668277,21278.99664113232
2019-01-14,42.27333333333333,339.0,0.8019229482385705,0.01666666666666572,23488.002384728436
2019-01-15,42.28333333333333,343.6666666666667,0.7949094520683965,0.00999999999999801,23603.087378376487
2019-01-16,42.265,335.1666666666667,0.7779660409025196,0.01833333333333087,22528.651798871528
2019-01-17,42.26166666666666,333.6666666666667,0.7837981047880315,0.003333333333337407,22595.958803313206
2019-01-18,42.25142857142857,329.7142857142857,0.7541170750404719,0.010238095238094047,21482.770124901508
2019-01-19,42.27,337.5,0.8252676642956424,0.018571428571434012,24064.805090860933
2019-01-20,42.291666666666664,347.8333333333333,0.7966882466408807,0.021666666666661172,23942.71253864906
2019-01-21,42.29666666666666,350.3333333333333,0.8161776465876898,0.0049999999999954525,24704.717949033464
2019-01-22,42.285000000000004,344.5,0.818897142384833,0.011666666666656056,24374.309663656077
2019-01-23,42.28666666666667,345.3333333333333,0.8037445759482181,0.0016666666666651508,23981.166163651797
2019-01-24,42.236666666666665,324.6666666666667,0.7690467422136406,0.05000000000000426,21572.683975183278
2019-01-25,42.19,309.6666666666667,0.7442692938130051,0.046666666666666856,19913.073809825717
2019-01-26,42.19,309.8333333333333,0.703895695831198,0.0,18843.00621912284
2019-01-27,42.17333333333333,305.5,0.7268008158728524,0.01666666666666572,19184.052895127115
2019-01-28,42.145,299.8333333333333,0.6935499047855282,0.02833333333332888,17966.82641341198
2019-01-29,42.126666666666665,297.0,0.7059084788698812,0.018333333333337976,18114.176294584246
2019-01-30,42.135,298.1666666666667,0.6918755183827937,0.00833333333333286,17823.820354370182
2019-01-31,42.41833333333333,463.8333333333333,1.2094253077392116,0.28333333333333144,48467.96109271046
2019-02-01,42.68375,667.875,1.752589892497678,0.26541666666667396,101132.14819264301
2019-02-02,42.695,679.1666666666666,1.891513066007013,0.011249999999996874,110993.98671329152
2019-02-03,42.68833333333333,672.5,1.8161141454704721,0.006666666666667709,105523.49630841632
2019-02-04,42.63857142857143,624.2857142857143,1.6340402858829415,0.04976190476190112,88137.33180860721
2019-02-05,42.61333333333334,600.3333333333334,1.5880709266153825,0.025238095238094616,82371.33327842796
2019-02-06,42.58714285714286,575.8571428571429,1.4215780701763008,0.026190476190478762,70729.27653658426
2019-02-07,42.77,629.0,1.5638593241604315,0.18285714285714505,84988.87328709314
2019-02-08,42.8025,603.9166666666666,1.557942326147806,0.03249999999999886,81290.93787067068
2019-02-09,42.8075,608.625,1.4962777068582083,0.0049999999999954525,78682.06247068026
2019-02-10,42.894615384615385,676.6923076923077,1.765309533024741,0.08711538461538737,103210.96737833932
2019-02-11,42.91307692307692,768.8461538461538,2.0620470609291295,0.018461538461536975,136978.29663941896
2019-02-12,42.85666666666666,735.3333333333334,2.0030103239830965,0.05641025641025976,127256.8543115533
2019-02-13,42.879999999999995,740.1666666666666,2.0321400494137754,0.023333333333333428,129956.1690160307
2019-02-14,42.909285714285716,724.8571428571429,1.9503510690450843,0.029285714285720132,122145.91806036045
2019-02-15,42.8175,698.625,1.870209155885511,0.09178571428571303,112888.06890023651
2019-02-16,42.912666666666674,798.3333333333334,2.215817615599145,0.09516666666667106,152838.23585356664
2019-02-17,42.903333333333336,799.25,2.2683489134185217,0.009333333333337634,156641.28788589872
2019-02-18,42.973846153846154,960.4615384615385,2.875347595044715,0.0705128205128176,238607.49093825588
2019-02-19,43.215833333333336,1195.0,3.5418060308979915,0.2419871794871824,365684.38907815586
2019-02-20,43.0825,996.25,2.9419423505518982,0.13333333333333286,253230.6297661052
2019-02-21,43.095,956.0833333333334,2.77098991284817,0.012499999999995737,228899.2843447708
2019-02-22,43.153333333333336,945.6666666666666,2.760255062304786,0.05833333333333712,225528.29601864994
2019-02-23,43.02333333333333,804.0,2.323952100965612,0.13000000000000256,161434.72706483683
2019-02-24,43.05142857142857,797.3571428571429,2.2700590581268707,0.02809523809523995,156388.1303265136
2019-02-25,43.00666666666667,630.4,1.703757804249492,0.04476190476190567,92797.82667062321
2019-02-26,42.904999999999994,572.3571428571429,1.4837457437097714,0.10166666666667368,73373.68580510921
2019-02-27,42.97,608.2941176470588,1.5576455900873278,0.06500000000000483,81864.57454522589
2019-02-28,42.893846153846155,566.9230769230769,1.4311913624832582,0.07615384615384357,70102.83550044149
2019-03-01,42.80083333333334,673.5833333333334,1.8094056586885214,0.09301282051281845,105303.06676209111
2019-03-02,42.778333333333336,762.3333333333334,2.0323729415847858,0.022500000000000853,133863.46322124687
2019-03-03,42.77666666666667,760.6666666666666,2.069404176956707,0.0016666666666651508,136004.5535562779
2019-03-04,42.836666666666666,940.6666666666666,2.688084450184889,0.05999999999999517,218470.3003705466
2019-03-05,42.87285714285714,971.5714285714286,2.8638083253427604,0.03619047619047677,240398.87147781262
2019-03-06,42.824999999999996,929.5,2.6872312817889923,0.04785714285714704,215808.31956293582
2019-03-07,42.76428571428572,868.8571428571429,2.4040613219963847,0.06071428571427617,180471.0975681437
2019-03-08,42.74,845.0,2.2929837850966748,0.024285714285717575,167406.16018233803
2019-03-09,42.71857142857142,824.7142857142857,2.2382248222492813,0.021428571428579346,159485.41315145954
2019-03-10,42.807500000000005,911.375,2.540598991494727,0.0889285714285819,200053.878267471
2019-03-11,42.9175,1008.4166666666666,2.8895164937510565,0.10999999999999233,251755.48145434706
2019-03-12,42.951666666666675,1033.3333333333333,3.0036932537305483,0.034166666666678225,268169.7336930634
2019-03-13,42.93166666666667,1020.0,2.9862126854024265,0.020000000000003126,263168.9515391451
2019-03-14,42.91285714285714,1004.4285714285714,2.9245518123384637,0.01880952380953005,253800.2936680672
2019-03-15,42.94,1025.0,3.0220444495072054,0.027142857142855803,267632.2564483581
2019-03-16,42.915,1006.6666666666666,3.0138429330486223,0.02499999999999858,262132.00294483698
2019-03-17,42.905,997.8333333333334,2.8639054418918555,0.00999999999999801,246905.30708073417
2019-03-18,42.88833333333333,984.5,2.834484562471259,0.016666666666672825,241103.52447145528
2019-03-19,42.85166666666667,953.8333333333334,2.706926856270655,0.03666666666666174,223081.09053749221
2019-03-20,42.88166666666667,979.1666666666666,2.7779964012646094,0.030000000000001137,235018.49554698597
2019-03-21,42.89833333333333,993.0,2.887407684895789,0.01666666666666572,247725.71980717123
2019-03-22,42.94,1028.3333333333333,2.997029541803171,0.0416666666666643,266280.08073012816
2019-03-23,42.973333333333336,1048.3333333333333,3.112352229054982,0.033333333333338544,281904.41549888405
2019-03-24,43.04666666666666,1103.3333333333333,3.455627641766149,0.07333333333332348,329418.0718342835
2019-03-25,43.1,1138.3333333333333,3.611005497247343,0.05333333333334167,355149.61266527063
2019-03-26,43.13833333333333,1163.3333333333333,3.648837467454021,0.03833333333332689,366751.95152873854
2019-03-27,43.1,1133.3333333333333,3.592935696640952,0.03833333333332689,351820.263415082
2019-03-28,43.098333333333336,1136.6666666666667,3.557891602947129,0.0016666666666651508,349413.41854223167
2019-03-29,43.129999999999995,1158.5714285714287,3.5654663820814454,0.03166666666665918,356905.22225571395
2019-03-30,43.156666666666666,1175.0,3.561780597816765,0.026666666666670835,361591.96629035805
2019-03-31,43.14833333333333,1171.6666666666667,3.4881441444270482,0.00833333333333286,353111.808028639
2019-04-01,43.175000000000004,1188.3333333333333,3.5145485816426145,0.026666666666670835,360845.73197441053
2019-04-02,43.21,1208.5714285714287,3.5986167072053283,0.03499999999999659,375769.61291878455
2019-04-03,43.20333333333334,1201.6666666666667,3.628982950871778,0.006666666666660603,376775.5258913115
2019-04-04,43.175000000000004,1185.0,3.618483938072965,0.028333333333335986,370474.8595156625
2019-04-05,43.18833333333333,1195.0,3.713227646691696,0.013333333333328312,383383.3280656243
2019-04-06,43.16166666666667,1165.0,3.5291296127168734,0.02666666666666373,355228.07029762963
2019-04-07,43.145,1135.0,3.398161963127365,0.01666666666666572,333237.35475212196
2019-04-08,43.14166666666667,1131.6666666666667,3.359558346144791,0.0033333333333303017,328484.17685265315
2019-04-09,43.14,1130.0,3.344118380882024,0.0016666666666722563,326492.9657622738
2019-04-10,43.169999999999995,1160.0,3.47690014388316,0.02999999999999403,348468.8400205459
2019-04-11,43.18833333333333,1176.6666666666667,3.4851246551870076,0.018333333333337976,354311.712944932
2019-04-12,43.166666666666664,1156.6666666666667,3.410342196688824,0.021666666666668277,340815.9577682943
2019-04-13,43.166666666666664,1156.6666666666667,3.370211956104954,0.0,336805.50204530475
2019-04-14,43.17166666666666,1165.0,3.4466137228717177,0.0049999999999954525,346922.3508893756
2019-04-15,43.13166666666667,1156.6666666666667,3.352663563451595,0.03999999999999204,335051.7858770986
2019-04-16,43.10666666666666,1143.3333333333333,3.316743914143592,0.025000000000005684,327641.2308147606
2019-04-17,43.08714285714286,1125.7142857142858,3.141297912357512,0.019523809523803948,305528.0200380271
2019-04-18,43.04333333333333,1096.6666666666667,3.193463488980683,0.04380952380952863,302587.0525078977
2019-04-19,43.01428571428572,1080.0,3.1273410741434136,0.029047619047609885,291818.45031047025
2019-04-20,43.041666666666664,1096.6666666666667,3.1825617902917718,0.027380952380944734,301554.094753726
2019-04-21,43.041666666666664,1096.6666666666667,3.1892058550089466,0.0,302183.63317380776
2019-04-22,43.046666666666674,1101.6666666666667,3.1395584640593115,0.005000000000009663,298835.7328430215
2019-04-23,43.1,1138.3333333333333,3.225120733635725,0.05333333333332746,317197.07439454086
2019-04-24,43.175000000000004,1225.0,3.588575458752116,0.07500000000000284,379814.826554324
2019-04-25,43.15166666666667,1206.6666666666667,3.6570913199618413,0.023333333333333428,381273.71265394177
2019-04-26,43.14833333333333,1205.0,3.671425875919372,0.003333333333337407,382239.4907937176
2019-04-27,43.195,1245.0,3.6371061284999584,0.046666666666666856,391236.23203048354
2019-04-28,43.18,1178.3333333333333,3.511059244158322,0.015000000000000568,357453.91952927044
2019-04-29,43.196666666666665,1183.3333333333333,3.517472342511614,0.01666666666666572,359626.37229838746
2019-04-30,43.166666666666664,1156.6666666666667,3.3945571041396985,0.030000000000001137,339238.45875930495
2019-05-01,43.126666666666665,1116.6666666666667,3.216276945148147,0.03999999999999915,310306.3996678933
2019-05-02,43.11142857142857,1101.4285714285713,3.198247441282627,0.015238095238096605,304356.1919322535
2019-05-03,43.09,1080.0,3.0620609010323165,0.021428571428565135,285727.0267971275
2019-05-04,43.14166666666667,1131.6666666666667,3.3193317735047017,0.051666666666669414,324550.98348619574
2019-05-05,43.173333333333325,1161.6666666666667,3.3708931959029536,0.03166666666665208,338329.8082863877
2019-05-06,43.21,1190.0,3.486539887284403,0.03666666666667595,358472.0850510332
2019-05-07,43.24285714285714,1221.4285714285713,3.574972280219302,0.032857142857139365,377271.9318348004
2019-05-08,43.23499999999999,1215.0,3.575005854826221,0.007857142857147892,375289.8146162374
2019-05-09,43.21666666666667,1200.0,3.4986789869260444,0.018333333333323765,362743.0373644923
2019-05-10,43.14000000000001,1130.0,3.2943427966225234,0.07666666666666089,321633.2759198502
2019-05-11,43.11166666666667,1101.6666666666667,3.254547041987946,0.028333333333335986,309780.8056445807
2019-05-12,43.12833333333333,1188.3333333333333,3.4895061148980084,0.016666666666658614,358274.5718288083
2019-05-13,43.16833333333333,1218.3333333333333,3.6360074849411688,0.03999999999999915,382740.6918948472
2019-05-14,43.20333333333334,1253.3333333333333,3.789132576651854,0.0350000000000108,410317.588460476
2019-05-15,43.205000000000005,1255.0,3.7318834775712513,0.0016666666666651508,404655.58924000594
2019-05-16,43.20666666666667,1256.6666666666667,3.6585501442379176,0.0016666666666651508,397230.74046077614
2019-05-17,43.166666666666664,1218.3333333333333,3.5693924271208406,0.04000000000000625,375728.52444844815
2019-05-18,43.17428571428571,1224.2857142857142,3.6623187512527413,0.00761904761904475,387393.7992467985
2019-05-19,43.18833333333333,1238.3333333333333,3.730571110036544,0.014047619047623527,399141.26420502993
2019-05-20,43.196666666666665,1225.0,3.6296926295029777,0.00833333333333286,384166.6679065952
2019-05-21,43.19,1176.6666666666667,3.457457045067601,0.006666666666667709,351498.9130297527
2019-05-22,43.16,1150.0,3.342971878829531,0.030000000000001137,332157.6858805022
2019-05-23,43.155,1145.0,3.399368185315961,0.0049999999999954525,336292.6958369374
2019-05-24,43.14333333333334,1133.3333333333333,3.3345582696137956,0.011666666666663161,326519.94576058286
2019-05-25,43.14166666666667,1143.3333333333333,3.3446597572418804,0.0016666666666651508,330398.8694593819
2019-05-26,43.25666666666667,1302.2222222222222,3.945318080844552,0.11499999999999488,443895.62791198224
2019-05-27,43.37571428571429,1407.142857142857,4.326337465880018,0.1190476190476204,525983.7481375044
2019-05-28,43.35,1388.3333333333333,4.25952960629149,0.02571428571428669,510939.0953338768
2019-05-29,43.32666666666666,1366.6666666666667,4.122913014748125,0.023333333333340533,486833.5687814586
2019-05-30,43.330000000000005,1290.0,3.811179695333811,0.0033333333333445125,424778.8441231253
2019-05-31,43.35666666666666,1316.6666666666667,3.9086750230873957,0.026666666666656624,444650.8706264222
2019-06-01,43.333333333333336,1293.3333333333333,3.8962291716003907,0.023333333333326323,435380.23255131405
2019-06-02,43.318333333333335,1278.3333333333333,3.748448623939693,0.015000000000000568,414008.6536168912
2019-06-03,43.25333333333333,1206.6666666666667,3.5910916504378356,0.06500000000000483,374392.851108047
2019-06-04,43.275,1231.6666666666667,3.658802993541911,0.021666666666668277,389355.17936075607
2019-06-05,43.287142857142854,1245.7142857142858,3.685272337695783,0.012142857142855235,396644.80877124355
2019-06-06,43.291428571428575,1250.0,3.759865692238263,0.0042857142857215536,406065.4947617324
2019-06-07,43.306666666666665,1266.6666666666667,3.726280845340746,0.0152380952380895,407804.1757140913
2019-06-08,43.25428571428571,1207.142857142857,3.5104368459815416,0.052380952380957524,366128.5332163148
2019-06-09,43.075714285714284,1016.8571428571429,2.843384505478649,0.1785714285714235,249809.688946249
2019-06-10,43.150999999999996,1209.0,3.5250743607844846,0.0752857142857124,368220.8075490814
2019-06-11,43.285000000000004,1326.25,3.9530398361615133,0.13400000000000745,452970.92874607554
2019-06-12,43.25,1215.0,3.543718048102136,0.035000000000003695,372005.3458175699
2019-06-13,43.281666666666666,1241.6666666666667,3.5649272869217685,0.03166666666666629,382445.39934096736
2019-06-14,43.24857142857143,1201.4285714285713,3.245255889674702,0.0330952380952354,336868.68793985585
2019-06-15,43.21333333333333,1160.0,3.289183631979227,0.03523809523809973,329655.14033148607
2019-06-16,43.23333333333333,1181.6666666666667,3.35190914906047,0.01999999999999602,342216.5164824778
2019-06-17,43.185,1125.0,3.1948033929697446,0.0483333333333249,310534.8897966592
2019-06-18,43.25,1201.6666666666667,3.403453615192024,0.06499999999999773,353360.16814369673
2019-06-19,43.21666666666667,1178.3333333333333,3.3791735868633723,0.03333333333333144,344026.9045313862
2019-06-20,43.205714285714286,1225.7142857142858,3.5350946958125635,0.010952380952382157,374372.58844888624
2019-06-21,43.17714285714286,1187.142857142857,3.421377892060407,0.028571428571424917,350927.79777901416
2019-06-22,43.23625,1268.75,3.6704882183379106,0.05910714285713681,402358.9184942018
2019-06-23,43.6165,1768.5,5.753169465485365,0.38025000000000375,879075.0892550191
2019-06-24,44.36375,2576.25,9.025559695810498,0.7472500000000011,2008981.2815710674
2019-06-25,45.00458333333333,3318.75,11.846041506843187,0.640833333333326,3396733.9416722157
2019-06-26,45.26791666666667,3522.5,12.594947766401416,0.2633333333333425,3833196.7830176726
2019-06-27,45.22125,3398.75,12.36006024663819,0.04666666666667396,3629556.4115457977
2019-06-28,45.21291666666667,3391.25,12.308599588974099,0.008333333333325754,3606468.9139677673
2019-06-29,45.330000000000005,3520.0,12.556781723624896,0.11708333333333343,3818868.9120425927
2019-06-30,45.380434782608695,3570.4347826086955,13.061300636027704,0.05043478260868994,4029222.709179279
2019-07-01,45.39666666666667,3586.6666666666665,12.792798501272502,0.016231884057972934,3964334.741962333
2019-07-02,45.42333333333334,3525.0,12.52492509726816,0.026666666666670835,3814591.187623991
2019-07-03,45.4375,3540.8333333333335,12.608767090742022,0.014166666666660888,3857374.8985365257
2019-07-04,45.29454545454546,3346.3636363636365,11.723327282073422,0.14295454545454334,3389516.5922427094
2019-07-05,45.22083333333333,3260.8333333333335,11.537648186870962,0.07371212121212523,3250570.8495762777
2019-07-06,45.142500000000005,3183.3333333333335,11.279737149619374,0.07833333333332604,3102378.9056313126
2019-07-07,45.09583333333333,3141.6666666666665,11.085382012643892,0.04666666666667396,3009016.0935120583
2019-07-08,45.104166666666664,3148.3333333333335,11.035693861188312,0.00833333333333286,3001885.301345
2019-07-09,45.19833333333333,3353.3333333333335,11.879314223321524,0.09416666666666629,3441769.9512944985
2019-07-10,45.25666666666667,3439.1666666666665,12.338577984099587,0.05833333333333712,3666334.4165072874
2019-07-11,45.32692307692308,3598.4615384615386,12.392250550517009,0.0702564102564125,3852838.395159634
2019-07-12,45.31916666666667,3379.1666666666665,12.226902264066263,0.007756410256412494,3569766.3850167864
2019-07-13,44.93857142857143,2997.8571428571427,11.918031091318351,0.3805952380952391,3086947.1205419526
2019-07-14,44.47615384615385,2588.4615384615386,11.222589936688356,0.46241758241757935,2509854.5444869436
2019-07-15,44.3125,2514.1666666666665,9.611034112616741,0.16365384615384926,2087747.2740790588
2019-07-16,44.12,2345.0,9.123070903454488,0.19250000000000256,1848407.149607107
2019-07-17,43.935,2165.8333333333335,9.608664121072287,0.18499999999999517,1798050.099648015
2019-07-18,43.97083333333333,2261.6666666666665,14.704091782744891,0.035833333333329165,2873297.167082614
2019-07-19,44.22714285714285,2636.4285714285716,14.997340798263911,0.2563095238095201,3416205.6958459127
2019-07-20,44.373333333333335,2750.8333333333335,10.984246426990936,0.1461904761904833,2610647.8167957896
2019-07-21,44.46083333333333,2783.3333333333335,10.500378546540906,0.08749999999999858,2525131.032872157
2019-07-22,44.50230769230769,2710.769230769231,11.556641710172869,0.04147435897435514,2706686.3887742236
2019-07-23,44.07666666666666,2305.8333333333335,9.259165345849299,0.4256410256410277,1844647.956861481
2019-07-24,44.1625,2488.3333333333335,10.003869960019548,0.08583333333334053,2150752.010444523
2019-07-25,44.33166666666667,2727.5,10.88635864561165,0.16916666666666913,2565435.7329902593
2019-07-26,44.3025,2719.1666666666665,10.536337221188964,0.02916666666666856,2475364.9213972506
2019-07-27,44.530833333333334,3003.3333333333335,11.734532033567682,0.22833333333333172,3044970.2483264105
2019-07-28,44.78,3207.5,12.795273289279388,0.24916666666666742,3545928.496111418
2019-07-29,44.51769230769231,2729.230769230769,10.527210227759467,0.2623076923076937,2482374.476254636
2019-07-30,44.17416666666667,2397.5,9.43288917110713,0.34352564102563576,1953966.3944598152
2019-07-31,44.107499999999995,2340.0,9.05560327858104,0.06666666666667709,1830825.6484504007
2019-08-01,44.401428571428575,2715.0,11.705038073553313,0.2939285714285802,2745721.011141842
2019-08-02,44.39416666666667,2706.6666666666665,10.25463176963469,0.007261904761904248,2398107.1671196898
2019-08-03,44.0375,2195.8333333333335,8.096096787448282,0.35666666666666913,1535991.482514688
2019-08-04,43.54071428571428,1499.2857142857142,6.29508541671,0.49678571428572127,815454.5733056134
2019-08-05,43.51,1474.1666666666667,5.137121668296117,0.03071428571428214,654304.9126475399
2019-08-06,43.482499999999995,1455.8333333333333,5.054468721939322,0.02750000000000341,635771.2937204156
2019-08-07,43.92529411764706,2223.529411764706,8.169309816002114,0.4427941176470682,1569430.136133978
2019-08-08,44.78916666666667,3406.6666666666665,13.070970608238355,0.8638725490196038,3847257.2049464444
2019-08-09,45.397083333333335,4079.5833333333335,15.866421486181219,0.607916666666668,5592532.7797632115
2019-08-10,45.60041666666667,4158.333333333333,16.291077156643333,0.20333333333333314,5853058.200838816
2019-08-11,45.193749999999994,3548.75,14.079440351634739,0.4066666666666734,4316925.365095431
2019-08-12,43.625,1466.6666666666667,5.202902932902701,1.5687499999999943,659311.8596574303
2019-08-13,43.505833333333335,992.6666666666666,3.79569889849771,0.11916666666666487,325543.43000811397
2019-08-14,43.30833333333334,828.9166666666666,2.944998765268535,0.197499999999998,210916.09957050806
2019-08-15,43.00083333333333,584.0833333333334,1.9674375899673253,0.30750000000000455,99286.34449018308
2019-08-16,42.78666666666667,459.5,1.63082662870443,0.21416666666666373,64745.12182086884
2019-08-17,42.74166666666667,434.8333333333333,1.9699902067624517,0.045000000000001705,74011.74407198261
2019-08-18,42.71666666666667,436.0,1.5803666944914603,0.02499999999999858,59533.04552817111
2019-08-19,42.70333333333334,515.1666666666666,1.5002597668363942,0.013333333333328312,66777.16232579463
2019-08-20,42.66833333333333,498.5,1.301997206717868,0.0350000000000108,56077.54049222127
2019-08-21,42.60666666666667,473.1666666666667,1.1599055595342087,0.06166666666666032,47418.79512265371
2019-08-22,42.56166666666667,446.0,1.0826099914607719,0.045000000000001705,41717.72645494597
2019-08-23,42.535,433.8333333333333,1.0228667078924425,0.026666666666670835,38340.317385274
2019-08-24,42.6,457.5,1.1145211341629835,0.06500000000000483,44054.79139119441
2019-08-25,42.55833333333333,452.0,1.1166563421300626,0.041666666666671404,43608.556797936915
2019-08-26,42.498333333333335,431.3333333333333,1.0503770811419773,0.05999999999999517,39144.6127583343
2019-08-27,42.516666666666666,481.0,1.218352528237352,0.01833333333333087,50632.78170949918
2019-08-28,42.48666666666667,461.3333333333333,1.1233090930913217,0.02999999999999403,44774.20180334561
2019-08-29,42.49166666666667,466.8333333333333,1.146638855836512,0.0049999999999954525,46248.990266852205
2019-08-30,42.455000000000005,446.5,1.0858077363320797,0.03666666666666174,41887.856529124445
2019-08-31,42.47833333333333,445.5,1.0871217909691986,0.023333333333326323,41844.62228055362
2019-09-01,42.644999999999996,554.375,1.4641315730759492,0.1666666666666643,70128.97408719182
2019-09-02,42.660000000000004,562.0,1.480041729266856,0.015000000000007674,71866.09023966487
2019-09-03,42.92083333333334,772.0,2.161339124500778,0.2608333333333377,144163.0486755015
2019-09-04,43.29083333333333,1203.6666666666667,3.8080482080662317,0.36999999999999034,396024.8278846223
2019-09-05,43.29083333333333,1291.6666666666667,4.134280677115062,0.0,461385.723566041
2019-09-06,43.074999999999996,1085.0,4.055599032132817,0.21583333333333599,380188.0756682589
2019-09-07,43.04833333333334,1058.3333333333333,4.750572282647004,0.026666666666656624,434392.32952524204
2019-09-08,42.97416666666667,964.25,4.54563843600647,0.07416666666667027,378702.5928698223
2019-09-09,42.968333333333334,975.0,3.499358447969776,0.005833333333335133,294785.95565697394
2019-09-10,42.98,996.3333333333334,3.2091357526546926,0.011666666666663161,276252.6748229245
2019-09-11,43.135384615384616,1236.1538461538462,3.873652120489187,0.15538461538461945,413720.34918376704
2019-09-12,43.19083333333333,1309.1666666666667,4.175200879389566,0.05544871794871398,472265.3218695126
2019-09-13,43.13583333333333,1238.3333333333333,3.9489891236828725,0.054999999999999716,422510.2443210779
2019-09-14,43.11666666666667,1211.6666666666667,3.881223280937734,0.019166666666663446,406317.5028348096
2019-09-15,43.29666666666666,1402.25,4.7321548544577405,0.1799999999999926,573321.3820989149
2019-09-16,44.15,2447.5,9.698880570573873,0.8533333333333388,2050964.0809758336
2019-09-17,44.53923076923077,2883.846153846154,10.775857898831749,0.38923076923077105,2684959.173153098
2019-09-18,44.98916666666667,3447.5,13.01626548529599,0.4499358974358998,3877076.902512205
2019-09-19,45.30583333333333,3874.1666666666665,14.866733813368088,0.3166666666666629,4976312.075881073
2019-09-20,45.33583333333333,3744.1666666666665,14.064552431517159,0.030000000000001137,4549826.453386075
2019-09-21,45.32750000000001,3725.0,14.024881969924408,0.008333333333325754,4513768.013200471
2019-09-22,45.34166666666667,3754.1666666666665,14.01846553530197,0.014166666666660888,4547029.481030547
2019-09-23,45.36833333333333,3824.1666666666665,14.068901896187286,0.02666666666666373,4648477.737715449
2019-09-24,45.02,3224.1666666666665,11.621193948865747,0.34833333333332916,3237292.755947633
2019-09-25,44.36333333333334,2261.6666666666665,8.062371003812393,0.6566666666666663,1575451.793112972
2019-09-26,43.95666666666667,1743.3333333333333,5.909561334239374,0.4066666666666663,890121.7664084715
2019-09-27,43.718333333333334,1485.0,4.872506684819202,0.23833333333333684,625162.0976890429
2019-09-28,44.01666666666667,2085.8333333333335,7.34203563360267,0.2983333333333391,1323152.293745339
2019-09-29,43.969166666666666,2000.8333333333333,6.721489654617447,0.04750000000000654,1161957.3595730274
2019-09-30,43.97666666666667,2012.5,6.802604969886489,0.007500000000000284,1182836.9521638628
2019-10-01,43.81,1783.3333333333333,5.979340104877854,0.1666666666666643,921296.7233595797
2019-10-02,43.565,1510.0,5.110761401637451,0.24500000000000455,666770.3755032285
2019-10-03,43.453333333333326,1425.0,4.583011373279285,0.11166666666667169,564260.3602781455
2019-10-04,43.379999999999995,1376.6666666666667,4.597728704378188,0.07333333333333059,546872.2430135593
2019-10-05,43.41166666666667,1438.3333333333333,4.80365138616022,0.03166666666667339,596959.3650609029
2019-10-06,43.49333333333333,1530.0,5.192154439929832,0.08166666666666345,686361.2797232043
2019-10-07,43.58833333333334,1613.3333333333333,5.629561433841144,0.09500000000000597,784715.8273859848
2019-10-08,43.57333333333333,1603.3333333333333,5.321077633572279,0.015000000000007674,737118.2424235006
2019-10-09,43.52666666666667,1561.6666666666667,5.172650898638715,0.04666666666665975,697935.4404515247
2019-10-10,43.48,1513.3333333333333,4.994277180905715,0.04666666666667396,653011.729957784
2019-10-11,43.715,1721.6666666666667,6.169226476447263,0.23500000000000654,917684.7768244833
2019-10-12,43.86666666666667,1888.3333333333333,6.7534545451524295,0.15166666666666373,1101839.6159507092
2019-10-13,43.80833333333333,1811.6666666666667,6.244205515809959,0.05833333333333712,977393.0009787014
2019-10-14,43.76500000000001,1765.0,5.773713361303113,0.043333333333322344,880468.1927452795
2019-10-15,43.80166666666667,1806.6666666666667,5.881166893081701,0.03666666666666174,918026.6273424814
2019-10-16,43.89666666666667,1931.6666666666667,6.6765633570141105,0.09499999999999886,1114291.7180322271
2019-10-17,43.9375,1978.75,6.715910350367381,0.04083333333333172,1148178.897140209
2019-10-18,43.895,1890.0,6.31491449708724,0.042499999999996874,1031200.2777163581
2019-10-19,43.83833333333333,1811.6666666666667,5.839465023953168,0.05666666666667197,914039.7812693416
2019-10-20,43.75,1698.3333333333333,5.578720201336726,0.08833333333333115,818599.0874633458
2019-10-21,43.53,1480.0,4.801423796972063,0.21999999999999886,613967.6637664117
2019-10-22,43.37375,1302.5,4.4975860066724245,0.15625,506140.33884688804
2019-10-23,43.095,971.8333333333334,3.0273204487653422,0.2787500000000023,254193.19972921026
2019-10-24,42.97333333333333,840.3333333333334,2.506754296344762,0.1216666666666697,182002.3943352522
2019-10-25,42.95166666666666,819.0,2.382107669736984,0.021666666666668277,168561.75008286058
2019-10-26,42.919999999999995,788.5,2.2717693359195503,0.03166666666666629,154767.46648658966
2019-10-27,42.87166666666667,743.6666666666666,2.1095948187106246,0.0483333333333249,135547.37396765003
2019-10-28,42.826666666666675,759.5,2.0935703597406268,0.0449999999999946,137381.7618624677
2019-10-29,42.796666666666674,755.0,2.170582729113555,0.030000000000001137,141591.45258553541
2019-10-30,42.74571428571429,729.7142857142857,2.02171220250284,0.050952380952381304,127463.52462646017
2019-10-31,42.73833333333334,726.1666666666666,1.9827063711761561,0.007380952380955819,124396.58389268898
2019-11-01,42.73500000000001,724.6666666666666,2.0071790332083346,0.0033333333333303017,125671.88788401367
2019-11-02,42.71333333333333,714.1666666666666,2.025013308224433,0.021666666666675383,124951.42117068042
2019-11-03,42.669999999999995,695.6666666666666,1.9294870632585355,0.043333333333336554,115972.97762939223
2019-11-04,42.63333333333333,680.3333333333334,1.832570122669998,0.03666666666666174,107719.93786664063
2019-11-05,42.61666666666667,673.3333333333334,1.9458711038839194,0.01666666666666572,113202.99733955092
2019-11-06,42.615,672.8333333333334,1.9344520686989404,0.0016666666666651508,112455.11521926179
2019-11-07,42.595,664.1666666666666,1.8381931141762309,0.020000000000003126,105482.87366388884
2019-11-08,42.58166666666667,658.8333333333334,1.8771086396119745,0.013333333333328312,106851.03051436036
2019-11-09,42.568333333333335,653.3333333333334,1.8450462946039867,0.013333333333335418,104149.17323780585
2019-11-10,42.55166666666667,646.6666666666666,1.8442596567606522,0.01666666666666572,103042.47554253116
2019-11-11,42.57714285714286,656.8571428571429,1.8462605272535868,0.025476190476190652,104779.82144750803
2019-11-12,42.55833333333333,649.3333333333334,1.8339645369910038,0.01880952380953005,102889.8120400841
2019-11-13,42.583333333333336,659.3333333333334,1.8798921875530377,0.025000000000005684,107090.69031302138
2019-11-14,42.56166666666667,650.6666666666666,1.7810783674962056,0.021666666666668277,100127.9512325547
2019-11-15,42.55142857142857,501.7142857142857,1.564973419781874,0.010238095238094047,67838.6466548098
2019-11-16,42.589999999999996,524.6666666666666,1.4577652891995425,0.03857142857142293,66082.2498777623
2019-11-17,42.61142857142857,533.5714285714286,1.4172438245625878,0.02142857142857224,65335.750165949335
2019-11-18,42.623333333333335,474.5,1.2308531566445673,0.011904761904766303,50461.040692326
2019-11-19,42.65,487.1666666666667,1.2881166870798773,0.02666666666666373,54218.37709921654
2019-11-20,42.60166666666667,465.0,1.2329577572577815,0.04833333333333201,49535.31085558863
2019-11-21,42.574999999999996,451.1666666666667,1.1631072013085235,0.026666666666670835,45338.8491927673
2019-11-22,42.515,424.8333333333333,1.080170757532103,0.05999999999999517,39648.31575767036
2019-11-23,42.516666666666666,425.8333333333333,1.0775420507435465,0.0016666666666651508,39644.92713095657
2019-11-24,42.483333333333334,410.3333333333333,1.0412035669459498,0.03333333333333144,36913.58181822137
2019-11-25,42.60166666666667,441.8333333333333,1.1596977639594381,0.11833333333333229,44270.766320493174
2019-11-26,42.545,392.1666666666667,1.0005278860023663,0.05666666666666487,33901.08646699538
2019-11-27,42.589999999999996,413.3333333333333,0.9879777440228895,0.0449999999999946,35282.66119454543
2019-11-28,42.6,418.5,1.0232948356487852,0.010000000000005116,37000.70398532304
2019-11-29,42.62,428.1666666666667,1.0313412957848265,0.01999999999999602,38153.02735974556
2019-11-30,42.645,439.8333333333333,1.1237259496571985,0.025000000000005684,42703.384048493
2019-12-01,42.605,420.5,1.0634004201601013,0.04000000000000625,38634.613344920675
2019-12-02,42.58166666666667,409.6666666666667,1.0208973965573878,0.023333333333326323,36134.86753062806
2019-12-03,42.60333333333333,419.5,1.1307217538365237,0.021666666666661172,40982.78382345404
2019-12-04,42.611666666666665,451.3333333333333,1.1649357545055052,0.00833333333333286,45426.90273409308
2019-12-05,42.568333333333335,459.8333333333333,1.1185321400578843,0.04333333333332945,44438.83451164372
2019-12-06,42.56857142857143,461.7142857142857,1.2397983017330805,0.0002380952380960366,49458.17554397053
2019-12-07,42.515,435.6666666666667,1.1305166521228098,0.0535714285714306,42554.455612545964
2019-12-08,42.55166666666667,413.8333333333333,1.0706468846682944,0.036666666666668846,38281.1934906918
2019-12-09,42.54333333333333,391.5,0.9899479867509627,0.008333333333339965,33485.58462064337
2019-12-10,42.54857142857143,393.57142857142856,0.9902816482162072,0.0052380952380985946,33674.10304117147
2019-12-11,42.51166666666666,378.5,0.9701227368269792,0.03690476190476488,31725.34178881061
2019-12-12,42.46,412.5,1.050840669617703,0.05166666666666231,37451.96146517494
2019-12-13,42.475,419.0,1.0642122482037972,0.015000000000000568,38526.18612457459
2019-12-14,42.52,438.0,1.1021747026403668,0.045000000000001705,41709.81770695993
2019-12-15,42.5,429.6666666666667,1.139214013583165,0.020000000000003126,42291.269669050555
2019-12-16,42.50833333333333,433.6666666666667,1.1071451497344358,0.00833333333333286,41483.40018636963
2019-12-17,42.5,429.3333333333333,1.0969854773055905,0.00833333333333286,40692.018089364494
2019-12-18,42.556666666666665,457.6666666666667,1.1403523691111004,0.05666666666666487,45092.269520338785
2019-12-19,42.461666666666666,413.5,1.0542609588637166,0.09499999999999886,37664.94872074869
2019-12-20,42.42333333333333,397.0,0.981890814146671,0.038333333333333997,33679.64043788213
2019-12-21,42.38833333333333,382.1666666666667,0.9776273975341727,0.035000000000003695,32280.47456466036
2019-12-22,42.345,362.8333333333333,0.8874181251395843,0.04333333333332945,27819.4933213758
2019-12-23,42.30428571428571,344.14285714285717,0.8381330731214076,0.04071428571428726,24921.000902873475
2019-12-24,42.401666666666664,387.6666666666667,0.9071583832953521,0.09738095238095212,30384.725753447845
2019-12-25,42.403333333333336,388.8333333333333,0.937155055446926,0.0016666666666722563,31483.911518750567
2019-12-26,42.38666666666666,381.1666666666667,0.8920251924384824,0.016666666666672825,29376.88725753806
2019-12-27,42.443333333333335,405.6666666666667,0.995676990752962,0.05666666666667197,34898.08025509502
2019-12-28,42.65,523.0,1.327125279599044,0.20666666666666345,59969.07543429793
2019-12-29,42.53,442.1666666666667,1.2027533113299576,0.11999999999999744,45949.025303400645
2019-12-30,42.571666666666665,461.0,1.2244883901903807,0.0416666666666643,48771.86237663894
2019-12-31,42.635714285714286,520.0,1.3964522376728414,0.06404761904762069,62739.806134165425
2020-01-01,42.641666666666666,508.5,1.3977497341075706,0.005952380952379599,61409.29591817566
2020-01-02,42.61333333333334,490.3333333333333,1.2834978034593023,0.02833333333332888,54375.12774399265
2020-01-03,42.50428571428571,421.14285714285717,1.0786569871117253,0.1090476190476295,39248.81442109481
2020-01-04,42.441250000000004,385.875,0.9436608918054628,0.06303571428570365,31461.276668437407
2020-01-05,42.45,391.5,1.0094759875230666,0.008749999999999147,34146.130963560245
2020-01-06,42.42666666666667,381.5,0.914783029697413,0.023333333333333428,30152.712311674248
2020-01-07,42.446666666666665,385.6666666666667,0.9053761094081337,0.01999999999999602,30168.58056725407
2020-01-08,42.58,464.6666666666667,1.1050806117405292,0.13333333333333286,44365.89233566938
2020-01-09,42.54375,440.5,1.0630197239553745,0.03624999999999545,40457.68027796239
2020-01-10,42.50625,419.875,1.0302279119681088,0.03750000000000142,37373.78400804948
2020-01-11,42.38666666666666,366.1666666666667,0.8756274281205366,0.11958333333333826,27702.049817963794
2020-01-12,42.346666666666664,354.6666666666667,0.8395868665291615,0.03999999999999915,25727.628268426404
2020-01-13,42.365,359.8333333333333,0.8665145806990436,0.018333333333337976,26939.59170810099
2020-01-14,42.36166666666667,358.6666666666667,0.8568701077603564,0.0033333333333303017,26553.376395364136
2020-01-15,42.38666666666666,366.1666666666667,0.8672064292231637,0.024999999999991473,27435.63636004739
2020-01-16,42.35333333333333,356.1666666666667,0.8465782136828333,0.03333333333333144,26051.58205401909
2020-01-17,42.33166666666667,350.3333333333333,0.8426136099559302,0.021666666666661172,25504.90283703406
2020-01-18,42.324999999999996,349.3333333333333,0.8303697464280488,0.006666666666674814,25062.551834589944
2020-01-19,42.27666666666667,339.3333333333333,0.7829401800622636,0.0483333333333249,22954.553375137468
2020-01-20,42.285000000000004,340.8333333333333,0.8162572375697149,0.00833333333333286,24037.143131952966
2020-01-21,42.26166666666666,335.8333333333333,0.772997192976034,0.023333333333340533,22429.2865513926
2020-01-22,42.24166666666667,331.0,0.7592656595355156,0.01999999999999602,21713.78303766049
2020-01-23,42.21333333333333,324.3333333333333,0.7419496695680863,0.028333333333335986,20791.210420504744
2020-01-24,42.225,327.1666666666667,0.7564915730616574,0.011666666666670267,21383.89859404848
2020-01-25,42.275,338.8333333333333,0.7760561283626514,0.04999999999999716,22719.198369042293
2020-01-26,42.263333333333335,336.1666666666667,0.8244276531168843,0.011666666666663161,23945.336299249284
2020-01-27,42.265,354.5,0.8426706054705,0.0016666666666651508,25809.989440834855
2020-01-28,42.32833333333333,380.8333333333333,0.9347354327352986,0.06333333333333258,30756.534678722266
2020-01-29,42.30833333333333,373.8333333333333,0.8809080390609676,0.020000000000003126,28452.624935238004
2020-01-30,42.285000000000004,365.0,0.85461826348382,0.023333333333326323,26951.24155722575
2020-01-31,42.291666666666664,367.8333333333333,0.8760018940163147,0.006666666666660603,27840.040993353694
2020-02-01,42.25,353.3333333333333,0.8560762733713309,0.0416666666666643,26134.29647347999
2020-02-02,42.20333333333333,339.8333333333333,0.8148688862987589,0.046666666666666856,23925.85429194964
2020-02-03,42.181666666666665,334.8333333333333,0.797409285120296,0.021666666666668277,23068.731654816118
2020-02-04,42.19166666666667,337.0,0.7845250522851196,0.010000000000005116,22842.859042375374
2020-02-05,42.138333333333335,326.6666666666667,0.7683219720628237,0.053333333333334565,21685.11933950114
2020-02-06,42.15833333333333,330.0,0.7737157930472142,0.01999999999999602,22060.18469136217
2020-02-07,42.165,331.0,0.7874769469079954,0.006666666666667709,22520.58071845362
2020-02-08,42.25833333333333,357.1666666666667,0.8833828570971624,0.09333333333333371,27260.488263732757
2020-02-09,42.38,403.1666666666667,1.0498647625291266,0.1216666666666697,36570.56919203459
2020-02-10,42.385,405.1666666666667,1.038900930820234,0.0049999999999954525,36368.181544665444
2020-02-11,42.292857142857144,368.14285714285717,0.9116993437317878,0.09214285714285353,28998.915948577865
2020-02-12,42.20166666666666,339.6666666666667,0.8587769090128555,0.0911904761904836,25202.69770418208
2020-02-13,42.135714285714286,326.0,0.768061522318906,0.06595238095237477,21633.528062243236
2020-02-14,42.071666666666665,313.1666666666667,0.7070880744378493,0.06404761904762069,19132.106282909554
2020-02-15,42.22375,348.125,0.8038384012310018,0.15208333333333712,24177.851432226074
2020-02-16,42.298571428571435,370.14285714285717,0.8655781279543889,0.07482142857143259,27681.48530162523
2020-02-17,42.32,378.25,0.9091598460380713,0.021428571428565135,29712.071096401003
2020-02-18,42.27833333333333,362.6666666666667,0.8444776189311289,0.041666666666671404,26461.19950263557
2020-02-19,42.19571428571429,420.0,1.0096292515157286,0.08261904761904049,36637.42627900276
2020-02-20,42.25833333333333,464.0,1.1417204890721808,0.06261904761904447,45771.117718708105
2020-02-21,42.178333333333335,423.3333333333333,1.018529901035829,0.0799999999999983,37253.749660286485
2020-02-22,42.144285714285715,405.2857142857143,0.9664154737849435,0.03404761904761955,33840.66691494989
2020-02-23,42.22833333333333,448.8333333333333,1.0930653331247584,0.0840476190476167,42388.199166311635
2020-02-24,42.10333333333333,384.1666666666667,0.9052857610222511,0.125,30048.244979850562
2020-02-25,42.23428571428571,452.0,1.832691961526653,0.1309523809523796,71571.75263510807
2020-02-26,42.30142857142857,484.85714285714283,1.9487063584034243,0.06714285714286206,81634.53863834195
2020-02-27,42.37833333333333,520.5,1.7923433011686987,0.07690476190475692,80603.82906551778
2020-02-28,42.31818181818182,491.8181818181818,1.2215531258172765,0.06015151515151018,51907.568025637695
2020-02-29,42.321666666666665,494.5,1.2924502954538764,0.0034848484848453154,55219.68038320778
2020-03-01,42.58125,660.25,1.7442610112836827,0.2595833333333317,99502.41594528445
2020-03-02,42.595,668.5,2.059266893659743,0.013750000000001705,118939.96095075691
2020-03-03,42.571666666666665,648.1666666666666,2.1687041052088856,0.023333333333333428,121450.89981826593
2020-03-04,42.62,692.6666666666666,2.3529587258688793,0.04833333333333201,140816.10909183932
2020-03-05,42.61333333333334,685.0,2.752561386636263,0.006666666666660603,162907.59310668058
2020-03-06,42.635,705.5,2.179207682321554,0.021666666666661172,132834.0401174468
2020-03-07,42.655,726.375,1.9564043995978504,0.020000000000003126,122781.59243348158
2020-03-08,42.580000000000005,655.3333333333334,2.0065683790156346,0.07499999999999574,113613.50687456845
2020-03-09,42.586666666666666,661.3333333333334,1.7462396151923236,0.006666666666660603,99778.73462039724
2020-03-10,42.6,673.4285714285714,2.1515865968154526,0.013333333333335418,125188.40634033244
2020-03-11,42.55285714285714,632.1428571428571,1.9118124883917957,0.04714285714285893,104417.73579456448
2020-03-12,42.54833333333333,628.0,1.6401261196003107,0.004523809523810485,88991.93114861718
2020-03-13,42.55142857142857,631.2857142857143,1.7806945894849522,0.0030952380952413705,97124.57762524257
2020-03-14,42.531666666666666,614.3333333333334,1.5970492676054497,0.01976190476190709,84768.81984566912
2020-03-15,42.53,613.1666666666666,1.5934206223212148,0.0016666666666651508,84415.60036108439
2020-03-16,42.51625,605.5,1.5703004516271135,0.013750000000001705,82150.58218696277
2020-03-17,42.55166666666667,630.8333333333334,1.7635475806461616,0.03541666666666998,96120.39733553841
2020-03-18,42.526666666666664,610.6666666666666,1.585573887552897,0.025000000000005684,83657.41522551094
2020-03-19,42.56444444444444,642.7777777777778,1.6875459979737175,0.03777777777777658,93719.55454346839
2020-03-20,42.49666666666667,587.6666666666666,1.643791091348198,0.06777777777777061,83462.50638854994
2020-03-21,42.531666666666666,614.3333333333334,1.5970720358903057,0.03499999999999659,84770.0283498
2020-03-22,42.555,634.0,1.6591517088632797,0.023333333333333428,90884.34864742919
2020-03-23,42.68666666666667,756.7777777777778,2.056304294895436,0.1316666666666677,134452.69010431503
2020-03-24,42.82,869.0,2.8028288164863517,0.13333333333333286,210440.87206790168
2020-03-25,42.876666666666665,921.6666666666666,2.9068154962597803,0.05666666666666487,231475.53159815885
2020-03-26,42.90833333333333,954.3333333333334,2.720870166827966,0.03166666666666629,224347.71708369986
2020-03-27,42.906666666666666,951.5,3.0049967024362885,0.0016666666666651508,247039.57690860634
2020-03-28,42.98125,1030.25,3.199539371560334,0.07458333333333655,284802.517804323
2020-03-29,42.919999999999995,965.8333333333334,2.760422508850434,0.06125000000000824,230351.73751855106
2020-03-30,42.96333333333333,1013.1666666666666,2.924592576179599,0.043333333333336554,256011.81509657926
2020-03-31,42.97833333333333,1028.3333333333333,3.2253747362423386,0.015000000000000568,286568.0945656593
2020-04-01,42.95285714285715,1000.8571428571429,2.881968142330279,0.025476190476183547,249215.47782376243
2020-04-02,43.01142857142857,1061.4285714285713,3.094224716184698,0.05857142857141895,283763.392143457
2020-04-03,42.93,976.8333333333334,3.076331016568058,0.08142857142856741,259637.41566871764
2020-04-04,42.903333333333336,948.1666666666666,2.6995090177094645,0.02666666666666373,221148.09794518768
2020-04-05,42.915,960.6666666666666,3.0608720847499806,0.011666666666663161,254057.280429584
2020-04-06,42.83833333333333,888.8333333333334,2.4976062342708185,0.07666666666666799,191804.17028207437
2020-04-07,42.76428571428572,825.0,2.468247000901325,0.07404761904761159,175936.64622424645
2020-04-08,42.806666666666665,857.5,2.390457018359618,0.0423809523809453,177104.17957622738
2020-04-09,42.76666666666667,827.5,2.2895679379213334,0.03999999999999204,163694.94928962368
2020-04-10,42.90888888888889,958.3333333333334,2.8028119330560144,0.14222222222221603,232072.82805703802
2020-04-11,43.06,1117.142857142857,3.5290208397966376,0.15111111111111342,340625.1246238455
2020-04-12,43.135,1220.0,4.2550472231903935,0.07499999999999574,448516.017702053
2020-04-13,43.163333333333334,1255.0,4.5171785778609825,0.028333333333335986,489806.7075546221
2020-04-14,43.19166666666666,1290.0,4.68817329701805,0.02833333333332888,522525.04299244384
2020-04-15,43.181666666666665,1278.3333333333333,4.699313069785446,0.00999999999999801,519029.72993166297
2020-04-16,43.14875,1235.0,3.716264564829142,0.03291666666666515,396540.2941255288
2020-04-17,43.16166666666667,1251.6666666666667,4.494385747443696,0.01291666666666913,486040.8522715511
2020-04-18,43.166666666666664,1260.0,3.807011585243336,0.0049999999999954525,414446.50921593053
2020-04-19,43.19571428571429,1295.7142857142858,3.938612706508869,0.029047619047624096,440926.5671757518
2020-04-20,43.21875,1323.75,4.624681428948055,0.023035714285711606,528934.064391647
2020-04-21,43.275,1390.0,4.287034577020916,0.05624999999999858,514855.7045619039
2020-04-22,43.32714285714286,1451.4285714285713,5.004802895326987,0.05214285714286149,627619.4423982168
2020-04-23,43.47,1600.0,5.081943022428321,0.1428571428571388,702527.8034204912
2020-04-24,43.52166666666667,1650.0,6.3326848682231685,0.051666666666669414,902787.5548138949
2020-04-25,43.504999999999995,1635.0,6.244011534458115,0.016666666666672825,882054.0454036912
2020-04-26,43.51666666666667,1645.0,5.2554654805653715,0.011666666666677372,746948.7978217952
2020-04-27,43.52428571428572,1627.142857142857,6.02250672636156,0.00761904761904475,846674.9684836437
2020-04-28,43.52166666666667,1595.0,5.063001852097519,0.0026190476190492973,697722.159233855
2020-04-29,43.42333333333334,1451.6666666666667,4.518632791111135,0.09833333333332916,566744.9991923231
2020-04-30,43.324999999999996,1338.3333333333333,4.377302354665172,0.09833333333334338,506156.22587464325
2020-05-01,43.245,1266.6666666666667,4.104031871423806,0.0799999999999983,449145.2480086214
2020-05-02,43.211666666666666,1240.0,3.7339516664993586,0.03333333333333144,400040.64574207534
2020-05-03,43.20666666666667,1236.6666666666667,4.1217359100168105,0.0049999999999954525,440399.2385134763
2020-05-04,43.17166666666666,1205.0,3.6068921705563763,0.0350000000000108,375520.7576609655
2020-05-05,43.18857142857143,1218.5714285714287,4.048809177224278,0.01690476190476886,426277.1390201251
2020-05-06,43.23166666666666,1255.0,4.247597082294209,0.04309523809523341,460575.4468273256
2020-05-07,43.22666666666667,1250.0,3.770344793382004,0.0049999999999954525,407197.23768525646
2020-05-08,43.26333333333333,1281.6666666666667,3.8862569549059174,0.03666666666666174,430348.5501584617
2020-05-09,43.324285714285715,1334.2857142857142,4.4721811953814585,0.06095238095238642,515563.2703320211
2020-05-10,43.291666666666664,1305.0,4.208003741091717,0.032619047619050434,474460.8378155733
2020-05-11,43.26,1278.3333333333333,3.8739984595766486,0.03166666666666629,427875.38186332164
2020-05-12,43.22833333333333,1251.6666666666667,3.776459496469283,0.03166666666666629,408401.4357861742
2020-05-13,43.18714285714286,1218.5714285714287,3.814975744832057,0.041190476190472225,401658.0863050382
2020-05-14,43.09166666666667,1131.6666666666667,3.394558346144791,0.09547619047619094,331906.3368526531
2020-05-15,43.1425,1178.75,3.512602621248762,0.05083333333332973,357737.50135845895
2020-05-16,43.09,1130.0,3.337202630512499,0.052499999999994884,325817.76722219633
2020-05-17,43.10166666666667,1141.6666666666667,3.516754785392264,0.011666666666663161,346892.69203109294
2020-05-18,43.10999999999999,1150.0,3.408998153148879,0.008333333333325754,338718.0564968726
2020-05-19,43.074999999999996,1115.0,3.283728428610676,0.03499999999999659,316341.2618986381
2020-05-20,43.080000000000005,1120.0,3.5284595594875134,0.005000000000009663,341441.9746524877
2020-05-21,43.07,1110.0,3.265988910854554,0.010000000000005116,313221.4005065952
2020-05-22,43.07666666666666,1116.6666666666667,3.2897191826991534,0.006666666666660603,317392.10674681433
2020-05-23,43.068333333333335,1108.3333333333333,3.5389627410559616,0.008333333333325754,338891.0720835189
2020-05-24,42.955000000000005,1003.6666666666666,2.891749515638807,0.11333333333332973,250763.26439774732
2020-05-25,42.905,949.0,2.702109143957596,0.05000000000000426,221555.65630600156
2020-05-26,42.878750000000004,923.0,2.712073439924264,0.026249999999997442,216280.26302832828
2020-05-27,42.861428571428576,907.0,2.6088604596740916,0.017321428571428044,204442.82815026827
2020-05-28,42.84666666666667,893.0,2.5104978180388153,0.014761904761904532,193697.96125034842
2020-05-29,42.873333333333335,917.8333333333334,2.734125376576445,0.02666666666666373,216818.32966281334
2020-05-30,42.864285714285714,909.2857142857143,2.565998060351407,0.00904761904762097,201590.67275963022
2020-05-31,42.901428571428575,946.2857142857143,2.860016861057042,0.03714285714286092,233832.3636874651
2020-06-01,42.92666666666667,973.3333333333334,2.825593606998717,0.025238095238094616,237621.11997416415
2020-06-02,42.93333333333334,981.5,2.931809283022871,0.006666666666667709,248622.1180951923
2020-06-03,42.94,989.1666666666666,2.987629694853466,0.006666666666660603,255334.78424095662
2020-06-04,42.919999999999995,965.6666666666666,2.806542057362758,0.020000000000003126,234159.9073971814
2020-06-05,42.892857142857146,937.0,2.687567915509375,0.027142857142848698,217576.8982223094
2020-06-06,42.803333333333335,857.0,2.4507980190954304,0.08952380952381134,181468.8491643173
2020-06-07,42.76666666666667,828.8333333333334,2.2843688679185945,0.03666666666666174,163586.39587429207
2020-06-08,42.74142857142857,808.0,2.2320366242679746,0.02523809523810172,155821.15518409642
2020-06-09,42.73833333333334,812.1666666666666,2.2828101226202544,0.003095238095234265,160187.5256764104
2020-06-10,42.75333333333333,828.6666666666666,2.225461029196199,0.014999999999993463,159335.8882151544
2020-06-11,42.751666666666665,826.8333333333334,2.263811467720257,0.0016666666666651508,161723.06915558683
2020-06-12,42.800000000000004,885.1818181818181,2.521077775438352,0.04833333333333911,192811.29486108143
2020-06-13,42.818333333333335,904.3333333333334,2.577586431413919,0.01833333333333087,201398.16926666774
2020-06-14,42.82,907.7142857142857,2.697482789592464,0.0016666666666651508,211554.1725334418
2020-06-15,42.90571428571429,1028.5714285714287,3.1400237049143596,0.08571428571428896,279049.4209075893
2020-06-16,43.07,1227.142857142857,3.8332748522780427,0.16428571428571104,406423.5138234727
2020-06-17,43.38125,1532.5,5.181779610010752,0.31125000000000114,686109.0746023037
2020-06-18,43.70625,1886.25,6.786732084708178,0.32499999999999574,1106047.3013090612
2020-06-19,43.818,1932.0,6.645434444967764,0.11175000000000068,1109287.815639355
2020-06-20,43.77875,1788.75,6.120426504987922,0.039249999999995566,945899.6754928734
2020-06-21,43.77166666666667,1780.0,6.18608026612205,0.0070833333333339965,951369.6562874424
2020-06-22,43.78,1790.0,6.178751602647427,0.00833333333333286,955581.0078590405
2020-06-23,43.81,1826.6666666666667,6.362034892089045,0.030000000000001137,1004081.7948090616
2020-06-24,43.836666666666666,1856.6666666666667,6.522508647540563,0.02666666666666373,1046314.7472038671
2020-06-25,43.84428571428572,1865.7142857142858,6.290084480770647,0.007619047619051855,1013947.2409642723
2020-06-26,44.37083333333334,2552.0833333333335,8.988058322017215,0.5265476190476193,1981866.860004796
2020-06-27,45.17916666666667,3550.4166666666665,13.271138375512914,0.80833333333333,4071001.3235188397
2020-06-28,45.70208333333333,4133.333333333333,15.355761133490008,0.52291666666666,5483849.415991952
2020-06-29,45.91083333333333,4372.5,16.728272543766952,0.208750000000002,6319673.714674454
2020-06-30,46.145833333333336,4708.75,18.26445220785636,0.23500000000000654,7430636.6784354495
2020-07-01,46.20636363636363,4713.636363636364,18.14992818394369,0.060530303030297716,7391706.752323482
2020-07-02,46.14083333333334,4556.666666666667,16.97565447258879,0.06553030303029317,6683247.263240317
2020-07-03,45.9975,4336.666666666667,16.140700066141147,0.14333333333333798,6047726.626382295
2020-07-04,45.8475,4167.5,15.309354714883932,0.15000000000000568,5512469.970897688
2020-07-05,45.7775,4121.666666666667,15.306365612089285,0.06999999999999318,5450780.470852341
2020-07-06,45.8375,4224.166666666667,15.565248330497765,0.05999999999999517,5680817.55268511
2020-07-07,45.82583333333333,4205.0,15.566610632601716,0.011666666666670267,5655536.442151795
2020-07-08,45.4385,3619.5,13.34143472850179,0.38733333333333064,4172197.5071837767
2020-07-09,44.92,2985.625,10.86626661732455,0.518499999999996,2803040.4040718065
2020-07-10,44.598571428571425,2678.5714285714284,11.04139151818279,0.3214285714285765,2555293.4656365886
2020-07-11,44.525,2595.0,12.37462955018945,0.07357142857142662,2774490.942188876
2020-07-12,44.30384615384616,2334.6153846153848,11.267231298385155,0.2211538461538396,2272721.8922982686
2020-07-13,43.935833333333335,1875.8333333333333,6.983675278416611,0.36801282051282413,1131858.219723537
2020-07-14,43.824999999999996,1730.8333333333333,7.894160835765167,0.11083333333333911,1180524.388023666
2020-07-15,43.89416666666667,1908.3333333333333,7.000202033071463,0.06916666666667481,1154193.3112128228
2020-07-16,43.96666666666667,2018.3333333333333,7.177005761126828,0.07249999999999801,1251554.9726483407
2020-07-17,43.855,1880.0,6.698210801311663,0.11166666666667169,1088003.7768786561
2020-07-18,43.90083333333333,1935.8333333333333,6.703561273280253,0.04583333333333428,1121210.844323762
2020-07-19,43.98,2033.3333333333333,7.270844197380653,0.07916666666666572,1277341.9085958332
2020-07-20,43.965,2015.0,7.107152212476322,0.014999999999993463,1237326.7715832777
2020-07-21,43.97833333333333,2030.0,7.330981058836646,0.013333333333328312,1285795.429871477
2020-07-22,44.07285714285714,2140.0,7.521519328155336,0.09452380952380679,1390698.837698609
2020-07-23,44.20333333333334,2293.3333333333335,8.243537850706579,0.13047619047620174,1633407.5638904045
2020-07-24,44.315,2446.25,9.296526552375102,0.11166666666665748,1964876.6660037923
2020-07-25,44.57899999999999,2865.0,10.449378018068387,0.2639999999999958,2586597.2370805764
2020-07-26,44.70235294117647,2940.0,11.56272739863813,0.12335294117647777,2937117.7628924637
2020-07-27,44.10166666666667,2042.0833333333333,10.454376614242348,0.6006862745098047,1844528.392310463
2020-07-28,44.005,2128.5714285714284,11.745062548925075,0.09666666666666401,2160017.6747120265
2020-07-29,44.16230769230769,2396.153846153846,10.296946394371712,0.1573076923076897,2131753.049842789
2020-07-30,44.33916666666667,2614.1666666666665,10.031271974718935,0.17685897435897857,2265703.2132979175
2020-07-31,44.571666666666665,2918.3333333333335,11.279054450264853,0.2324999999999946,2843945.9053075816
2020-08-01,44.36166666666667,2641.6666666666665,10.017111959173613,0.20999999999999375,2286305.6335617853
2020-08-02,44.29666666666666,2566.6666666666665,9.640283978014027,0.06500000000001194,2137829.374964391
2020-08-03,44.33111111111111,2603.3333333333335,10.006543273114204,0.03444444444445338,2250751.7653350323
2020-08-04,44.240833333333335,2500.0,9.304605902387179,0.09027777777777857,2009794.8749156308
2020-08-05,44.378750000000004,2657.5,10.758328775539436,0.13791666666666913,2470198.353494059
2020-08-06,44.50666666666667,2823.3333333333335,10.557183285561251,0.12791666666666401,2575277.0619466696
2020-08-07,44.54,2870.0,10.496972160299183,0.03333333333333144,2602913.1926450683
2020-08-08,44.335,2376.0,8.75141142978136,0.2049999999999983,1796545.7473386682
2020-08-09,43.87777777777777,1771.111111111111,6.259248533723854,0.45722222222222797,957815.247624559
2020-08-10,43.96142857142858,2031.4285714285713,7.35751967246088,0.08365079365080419,1291358.218534688
2020-08-11,44.0,2123.3333333333335,8.431622780910619,0.03857142857142293,1546831.7888947388
2020-08-12,44.00833333333333,2145.0,9.57060742110293,0.00833333333333286,1773701.5321381637
2020-08-13,44.01125,2152.5,8.914057030582635,0.002916666666664014,1657800.6703196361
2020-08-14,44.19500000000001,2480.0,12.113206587695412,0.18375000000001052,2595521.0019586715
2020-08-15,44.612307692307695,3020.769230769231,12.45448815283877,0.4173076923076877,3250552.429187304
2020-08-16,44.815,3258.3333333333335,12.468737854866369,0.20269230769230262,3510199.080901981
2020-08-17,44.41,2478.3333333333335,8.940305524795445,0.40500000000000114,1914369.7414133993
2020-08-18,44.025,1893.3333333333333,6.725665099022009,0.384999999999998,1100211.1995584164
2020-08-19,43.943333333333335,1893.3333333333333,7.065339584464241,0.08166666666666345,1155776.5105849986
2020-08-20,44.01499999999999,2115.0,7.465112269384428,0.07166666666665833,1364144.7556582328
2020-08-21,44.076,2211.0,8.20028099299358,0.06100000000000705,1566502.958203961
2020-08-22,44.6625,3094.5833333333335,11.59709393400919,0.5865000000000009,3100738.1993239056
2020-08-23,45.23541666666667,4011.25,15.571522516854722,0.5729166666666714,5396653.701711375
2020-08-24,45.52875,4279.166666666667,16.550362173301735,0.29333333333332945,6118999.902713118
2020-08-25,45.598333333333336,4213.333333333333,16.14573272105436,0.069583333333334,5877563.373910862
2020-08-26,45.54416666666666,4069.1666666666665,15.162398473487725,0.054166666666674246,5330735.405714921
2020-08-27,45.5075,4012.5,14.846570369092914,0.03666666666666174,5147009.015557132
2020-08-28,45.50083333333333,4000.8333333333335,14.932448166546138,0.006666666666667709,5161729.222626337
2020-08-29,45.550000000000004,4074.1666666666665,15.186400173778873,0.04916666666667169,5345734.352371554
2020-08-30,45.53666666666667,4056.6666666666665,15.232942963058747,0.013333333333335418,5339085.576780239
2020-08-31,45.5075,4012.5,15.18762539161907,0.02916666666666856,5265245.9707665
2020-09-01,45.571538461538466,4108.461538461538,15.63817759659983,0.06403846153846615,5551100.742579376
2020-09-02,45.525,4040.0,15.14101307589735,0.04653846153846786,5285061.460220425
2020-09-03,45.471428571428575,3957.1428571428573,14.94097095997938,0.053571428571423496,5108275.282728493
2020-09-04,45.44857142857143,3925.714285714286,14.49975670522755,0.02285714285714846,4918052.336004862
2020-09-05,45.4,3848.0,14.297318675428002,0.048571428571428044,4753389.507527257
2020-09-06,45.42285714285714,3885.714285714286,13.96413803499502,0.022857142857141355,4688120.216183014
2020-09-07,45.472500000000004,3960.0,14.25813742637322,0.04964285714286376,4878336.171609039
2020-09-08,45.525,4041.6666666666665,14.189321210607178,0.052499999999994884,4954910.966744026
2020-09-09,45.285,3620.0,13.055000195708681,0.240000000000002,4083186.301211413
2020-09-10,44.512142857142855,2447.1428571428573,8.36628930370265,0.7728571428571414,1768910.8415339491
2020-09-11,43.998000000000005,1721.0,5.591875634188409,0.5141428571428506,831480.5923002651
2020-09-12,43.81333333333333,1518.3333333333333,4.836558915805404,0.18466666666667209,634479.1448110162
2020-09-13,43.728571428571435,1585.7142857142858,4.874150127367252,0.08476190476189771,667786.4197357557
2020-09-14,43.794999999999995,1705.0,5.381997514820182,0.06642857142855974,792832.8179031907
2020-09-15,43.74166666666667,1658.3333333333333,5.199601171516371,0.05333333333332746,744998.8558548657
2020-09-16,43.71666666666667,1670.0,5.268123600331545,0.02499999999999858,760127.018044638
2020-09-17,43.68142857142857,1697.142857142857,5.1395833891777345,0.03523809523809973,753633.2653314972
2020-09-18,43.64,1645.7142857142858,5.418205568588097,0.04142857142856826,770413.1017388077
2020-09-19,43.629999999999995,1636.6666666666667,5.127443879105374,0.010000000000005116,725061.5840565328
2020-09-20,43.675000000000004,1688.3333333333333,5.389757589554605,0.04500000000000881,786214.7191035093
2020-09-21,43.70166666666666,1721.6666666666667,5.405481691576991,0.026666666666656624,804076.2125854606
2020-09-22,43.669999999999995,1681.6666666666667,5.210483482032424,0.03166666666666629,757062.4080053832
2020-09-23,43.656666666666666,1666.6666666666667,5.124650123073256,0.013333333333328312,737949.617722549
2020-09-24,43.57833333333334,1578.3333333333333,4.872888738233755,0.07833333333332604,664506.0914554606
2020-09-25,43.56333333333333,1563.3333333333333,4.735642665085099,0.015000000000007674,639652.7260583745
2020-09-26,43.55,1550.0,4.699106791377245,0.013333333333335418,629304.3815012407
2020-09-27,43.57333333333333,1573.3333333333333,4.895497971977325,0.023333333333333428,665474.4123187097
2020-09-28,43.556666666666665,1556.6666666666667,4.82683907894858,0.01666666666666572,649190.5487622683
2020-09-29,43.548333333333325,1548.3333333333333,4.747706209082596,0.008333333333339965,635129.1458262333
2020-09-30,43.51857142857143,1518.5714285714287,4.834241647574662,0.029761904761897995,634274.6035521846
2020-10-01,43.50833333333333,1508.3333333333333,4.62795349091268,0.010238095238094047,603114.8989357405
2020-10-02,43.47666666666667,1471.6666666666667,4.516241935459639,0.03166666666666629,574249.194577564
2020-10-03,43.465833333333336,1471.6666666666667,4.523404411586206,0.010833333333330586,575159.9177420094
2020-10-04,43.78333333333333,1940.8333333333333,6.541130294177353,0.31749999999999545,1096869.056770012
2020-10-05,44.20916666666667,2443.3333333333335,8.619431538240796,0.42583333333333684,1819596.4754487853
2020-10-06,44.305,2498.75,8.520335032347818,0.09583333333333144,1839472.1708036351
2020-10-07,44.335,2450.0,8.022388409715601,0.030000000000001137,1698179.1785685988
2020-10-08,44.32333333333333,2430.0,7.972660275871604,0.011666666666670267,1673875.970239795
2020-10-09,44.28,2356.6666666666665,7.838676680503145,0.04333333333332945,1596079.9909773283
2020-10-10,44.28333333333333,2363.3333333333335,7.899797744910367,0.0033333333333303017,1613075.5011287378
2020-10-11,44.29,2373.3333333333335,7.87113742167791,0.006666666666667709,1614023.955139586
2020-10-12,44.29,2375.0,7.954438987723191,0.0,1632250.8802807988
2020-10-13,43.906666666666666,1843.3333333333333,5.931746913466905,0.38333333333333286,944713.7404263931
2020-10-14,43.653333333333336,1576.6666666666667,4.861114926730351,0.2533333333333303,662200.5197789153
2020-10-15,43.52166666666667,1475.0,4.718481829409497,0.1316666666666677,601323.3243399464
2020-10-16,43.43833333333333,1435.0,4.392229012366385,0.0833333333333357,544566.1218692339
2020-10-17,43.40428571428571,1444.2857142857142,4.438570580984691,0.03404761904761955,553872.7366817788
2020-10-18,43.29833333333334,1316.6666666666667,3.97350642028846,0.10595238095237391,452026.09037201526
2020-10-19,43.214999999999996,1218.3333333333333,3.649584822939983,0.08333333333334281,384169.89680195437
2020-10-20,43.13833333333333,1123.3333333333333,3.214699013966044,0.07666666666666799,312005.82749948837
2020-10-21,43.12166666666667,1101.6666666666667,3.221956154974663,0.016666666666658614,306678.67465510836
2020-10-22,43.096666666666664,1071.6666666666667,3.1062979234451036,0.025000000000005684,287618.3373276291
2020-10-23,43.01833333333334,980.8333333333334,2.8902504387986667,0.07833333333332604,244931.38318555424
2020-10-24,42.93833333333333,890.3333333333334,2.4759271679699233,0.0800000000000054,190460.2022106528
2020-10-25,42.93333333333334,885.3333333333334,2.4426104899100967,0.0049999999999954525,186842.11568259506
2020-10-26,42.925000000000004,879.3333333333334,2.3792260611028553,0.00833333333333286,180760.27245665278
2020-10-27,42.9,858.125,2.341647844360874,0.025000000000005684,173614.45447660395
2020-10-28,42.875,836.3333333333334,2.293406869072754,0.02499999999999858,165719.74563370194
2020-10-29,42.928333333333335,884.8333333333334,2.751432975368313,0.053333333333334565,210345.95039371742
2020-10-30,42.833333333333336,800.6666666666666,2.30992104629051,0.09499999999999886,159794.7941718664
2020-10-31,42.855,819.5,2.45652212778765,0.021666666666661172,173933.557953579
2020-11-01,42.84,806.1666666666666,2.322073425087751,0.014999999999993463,161738.9158629521
2020-11-02,42.845,811.0,2.398229866858473,0.0049999999999954525,168044.92606271995
2020-11-03,42.81,781.4285714285714,2.1764750200068774,0.03499999999999659,146945.64375077293
2020-11-04,42.74153846153846,729.9230769230769,1.9852634448238695,0.06846153846154124,125201.34162565166
2020-11-05,42.74166666666667,730.6666666666666,1.9713305721643843,0.00012820512820610475,124449.31048850872
2020-11-06,42.73333333333333,718.0,1.9284738651665096,0.008333333333339965,119633.26192037747
2020-11-07,42.642222222222216,661.3333333333334,1.7210052048259845,0.09111111111111114,98336.86059959291
2020-11-08,42.654444444444444,595.1111111111111,1.5394960623317395,0.012222222222227686,79157.19273454846
2020-11-09,42.669999999999995,628.6666666666666,1.6435494401539044,0.015555555555550882,89272.34623095159
2020-11-10,42.660000000000004,671.6666666666666,1.7161151632859122,0.009999999999990905,99589.59515580806
2020-11-11,42.63333333333333,654.5,1.7244114419137915,0.026666666666670835,97513.39774649462
2020-11-12,42.62833333333333,651.6666666666666,1.7151650002245553,0.005000000000002558,96570.65017264336
2020-11-13,42.61666666666667,645.3333333333334,1.654290309079913,0.011666666666663161,92237.93390530691
2020-11-14,42.61333333333334,643.6666666666666,1.6897683910676864,0.0033333333333303017,93972.75157876902
2020-11-15,42.61833333333333,646.5,1.698712620044204,0.0049999999999954525,94886.01004538113
2020-11-16,42.61833333333333,646.3333333333334,1.6364629148581493,0.0,91385.32584700662
2020-11-17,42.61666666666667,645.5,1.6955316312157473,0.0016666666666651508,94561.8337108597
2020-11-18,42.75428571428571,736.4285714285714,1.9888916020638974,0.1376190476190402,126548.05834663477
2020-11-19,42.60545454545455,641.7272727272727,1.6850687598499774,0.14883116883115832,93429.0356788616
2020-11-20,42.666000000000004,672.5,1.8012272658034285,0.0605454545454549,104658.50905224243
2020-11-21,42.65857142857143,670.0,1.7750708299359095,0.007428571428576447,102755.30020332994
2020-11-22,43.153333333333336,1217.1666666666667,3.672477404037957,0.4947619047619085,386209.47573632456
2020-11-23,43.40857142857143,1394.2857142857142,4.42586593724717,0.2552380952380915,533167.6305295425
2020-11-24,43.12214285714286,730.2857142857143,1.9825949383094288,0.2864285714285657,125095.16972124373
2020-11-25,43.029999999999994,531.7142857142857,1.3426817059925908,0.09214285714286774,61682.95102263745
2020-11-26,43.00714285714286,503.57142857142856,1.2567091923636113,0.02285714285713425,54677.6216608945
2020-11-27,43.0,495.1666666666667,1.265273143063042,0.007142857142859782,54131.421715780285
2020-11-28,43.03142857142858,533.5714285714286,1.3485510394426026,0.031428571428577357,62168.97351889795
2020-11-29,43.041666666666664,551.5,1.4084916431501007,0.010238095238086942,67114.06339944505
2020-11-30,43.248333333333335,1125.25,3.459933581311231,0.20666666666667055,336380.278668808
2020-12-01,43.0875,892.25,2.5208526672327047,0.16083333333333627,194333.54045803612
2020-12-02,43.04181818181818,696.6363636363636,1.923335674196214,0.04568181818181927,115764.38525872608
2020-12-03,43.04090909090909,636.1818181818181,1.6671840271114613,0.0009090909090900823,91638.61910882972
2020-12-04,42.959,565.0,1.4230461253732587,0.08190909090908605,69467.419656221
2020-12-05,43.041428571428575,635.7142857142857,1.6650401486371003,0.08242857142857218,91453.51947828462
2020-12-06,43.01166666666666,614.6666666666666,1.6014568398731308,0.029761904761912206,85048.88868651033
2020-12-07,43.01500000000001,610.8333333333334,1.5869339709997605,0.0033333333333445125,83752.02725348336
2020-12-08,42.95666666666667,564.5,1.4137824544393747,0.05833333333333712,68954.12889388074
2020-12-09,42.83166666666667,474.3333333333333,1.1685112228107306,0.125,47888.394337718484
2020-12-10,42.955714285714286,562.0,1.3675574264881791,0.12404761904761585,66404.21244650122
2020-12-11,42.88857142857143,549.4285714285714,1.397506793903272,0.06714285714285495,66340.5259394302
2020-12-12,42.76500000000001,479.5,1.1836929648957417,0.12357142857142378,49038.979104072714
2020-12-13,42.60666666666666,378.8333333333333,0.8910219515671857,0.15833333333334565,29164.21770113587
2020-12-14,42.46333333333333,306.6666666666667,0.6894610288103381,0.14333333333333087,18267.959419358718
2020-12-15,42.401428571428575,285.57142857142856,0.6419178878856443,0.061904761904756356,15838.278474446573
2020-12-16,42.6375,426.9,1.0331088753936042,0.23607142857142804,38105.35305743776
2020-12-17,43.005384615384614,683.6923076923077,1.7760608753273035,0.3678846153846109,104913.71929047263
2020-12-18,42.99,669.1538461538462,1.7746302146672674,0.015384615384611777,102600.05474696498
2020-12-19,42.99538461538462,672.5384615384615,1.784101811471589,0.005384615384620872,103669.38036130334
2020-12-20,42.84538461538462,542.1538461538462,1.3502400607891407,0.15000000000000568,63248.069565029014
2020-12-21,42.852916666666665,550.375,1.4018134920894363,0.007532051282048258,66659.59590123371
2020-12-22,42.879999999999995,570.9166666666666,1.464278755518215,0.027083333333330017,72228.77102919809
2020-12-23,42.83,529.5,1.336002710629822,0.04999999999999716,61120.52080806161
2020-12-24,42.83111111111111,529.2222222222222,1.307188786784824,0.0011111111111148375,59770.94583797872
2020-12-25,42.77636363636364,491.3636363636364,1.2244852635689472,0.054747474747472324,51984.0747458718
2020-12-26,42.75090909090909,503.09090909090907,1.2580819102576946,0.025454545454550725,54685.11501582086
2020-12-27,42.79,591.0,1.4587074963228088,0.039090909090909065,74485.10566023379
2020-12-28,42.69857142857143,499.57142857142856,1.1890160994335717,0.09142857142857252,51321.4679279627
2020-12-29,42.77571428571429,576.0,1.4628078572467123,0.07714285714286007,72798.68094688279
2020-12-30,42.92583333333334,746.5,2.027005903376821,0.15011904761905015,130737.01595363684
2020-12-31,42.87928571428571,644.2857142857143,1.6806458132548383,0.046547619047629496,93555.31002516192
2021-01-01,42.9,550.5454545454545,1.315146555488341,0.020714285714291236,62557.7435872028
2021-01-02,42.981818181818184,590.5454545454545,1.523764137423997,0.08181818181818556,77747.21151740209
2021-01-03,42.87875,541.0,1.3494117919411521,0.10306818181818755,63074.74574363011
2021-01-04,42.86416666666667,533.3333333333334,1.348182853454137,0.014583333333327175,62124.265887166635
2021-01-05,42.67666666666667,449.8333333333333,1.0957933181356974,0.1875,42588.66478533476
2021-01-06,42.651666666666664,439.6666666666667,1.065759047862367,0.025000000000005684,40485.202102957315
2021-01-07,42.55166666666667,400.5,0.9522139337964856,0.09999999999999432,32949.64919394655
2021-01-08,42.50875,385.25,1.0472957469380262,0.04291666666667027,34859.86731428037
2021-01-09,42.53857142857142,396.0,0.9391586015240618,0.02982142857142378,32132.748055984866
2021-01-10,42.58714285714286,413.57142857142856,1.1725906628049683,0.04857142857143515,41899.67961515445
2021-01-11,42.625,428.5,1.0331982355589167,0.03785714285714192,38251.47835615643
2021-01-12,42.61833333333333,425.5,1.0243946517455917,0.006666666666667709,37660.02546105354
2021-01-13,42.63166666666667,430.6666666666667,1.0393673552209635,0.013333333333335418,38674.44354082997
2021-01-14,42.61333333333334,423.3333333333333,1.0737111049288703,0.01833333333333087,39272.057373878364
2021-01-15,42.580000000000005,410.1666666666667,0.9798495329144187,0.03333333333333144,34724.299687234336
2021-01-16,42.501666666666665,382.6666666666667,0.9010058293886843,0.07833333333334025,29789.41513358044
2021-01-17,42.410000000000004,353.0,0.8172339551386475,0.09166666666666146,24924.981844564638
2021-01-18,42.361666666666665,340.1666666666667,0.8203291104450922,0.04833333333333911,24109.80068762544
2021-01-19,42.358333333333334,339.0,0.7781983004020119,0.0033333333333303017,22793.116939454765
2021-01-20,42.325,331.3333333333333,0.7617802802386185,0.03333333333333144,21807.63643844698
2021-01-21,42.32833333333333,332.3333333333333,0.7597090256550895,0.0033333333333303017,21813.981079049976
2021-01-22,42.294999999999995,323.3333333333333,0.7349030106557116,0.033333333333338544,20530.250505677963
2021-01-23,42.278333333333336,319.0,0.723010658040765,0.016666666666658614,19927.330552656353
2021-01-24,42.23833333333334,307.5,0.6791150100994638,0.03999999999999915,18042.72758832256
2021-01-25,42.156666666666666,281.6666666666667,0.6219899300337088,0.08166666666667055,15136.74693730034
2021-01-26,42.12166666666666,272.6666666666667,0.5980251418791579,0.035000000000003695,14088.515502445955
2021-01-27,42.105,268.5,0.5870013352313669,0.01666666666666572,13617.491775231341
2021-01-28,42.075,261.1666666666667,0.5837171726958199,0.02999999999999403,13171.461258446638
2021-01-29,42.037142857142854,252.42857142857142,0.5447735298978971,0.03785714285714903,11881.417297325153
2021-01-30,42.035000000000004,252.0,0.5436542286267618,0.0021428571428501186,11836.87478904476
2021-01-31,42.02166666666667,248.5,0.49299773570716693,0.013333333333335418,10584.858584727157
2021-02-01,41.98,240.0,0.5125201519663741,0.041666666666671404,10627.617871174734
2021-02-02,41.968333333333334,237.66666666666666,0.5064881054536324,0.011666666666663161,10400.42935262707
2021-02-03,41.96666666666667,237.33333333333334,0.5056295944366539,0.0016666666666651508,10368.238211680251
2021-02-04,41.946666666666665,233.33333333333334,0.4953519566148596,0.020000000000003126,9986.29544535557
2021-02-05,41.928333333333335,229.66666666666666,0.45696315082424926,0.01833333333333087,9067.611194435744
2021-02-06,41.902857142857144,225.0,0.47403375987460555,0.025476190476190652,9215.216291962333
2021-02-07,41.92166666666667,236.5,0.5035347398445343,0.018809523809522943,10289.027460087278
2021-02-08,42.001666666666665,275.0,0.6044236317842083,0.0799999999999983,14361.105491192791
2021-02-09,42.03333333333333,290.6666666666667,0.6461154563375445,0.03166666666666629,16226.28512427856
2021-02-10,42.08833333333333,318.5,0.6524436058012997,0.054999999999999716,17954.204121882485
2021-02-11,42.083333333333336,315.8333333333333,0.7143619118097263,0.0049999999999954525,19493.50784946381
2021-02-12,42.095,322.6666666666667,0.7332881727950618,0.011666666666663161,20442.90099644985
2021-02-13,42.031666666666666,289.6666666666667,0.6435193458917812,0.06333333333333258,16105.487373502789
2021-02-14,42.016666666666666,282.3333333333333,0.6238168299411768,0.015000000000000568,15217.138222853091
2021-02-15,42.156666666666666,359.8333333333333,0.8593539962319875,0.14000000000000057,26716.972001254002
2021-02-16,42.27166666666667,437.1666666666667,1.0589562901790923,0.11500000000000199,39998.049827612536
2021-02-17,42.291666666666664,451.0,1.0991434207806021,0.01999999999999602,42829.66219150526
2021-02-18,42.32333333333333,476.0,1.173696892136699,0.03166666666666629,48269.92786477074
2021-02-19,42.59375,718.75,1.933641472850711,0.2704166666666694,120079.13546402917
2021-02-20,42.568333333333335,693.6666666666666,1.9642100180782205,0.025416666666664867,117720.60617147839
2021-02-21,42.48666666666667,611.5,1.5886613290716924,0.08166666666666345,83934.69719564218
2021-02-22,42.52111111111111,608.6666666666666,1.5457353897011077,0.03444444444443917,81288.36926191361
2021-02-23,42.49666666666666,590.0,1.520960223966317,0.024444444444448266,77532.46837690698
2021-02-24,42.51,599.5714285714286,1.550829441869603,0.013333333333335418,80337.57326775842
2021-02-25,42.64555555555555,702.2222222222222,1.8776209894921376,0.13555555555555543,113919.02067446698
2021-02-26,42.69375,741.875,2.0751562903252627,0.04819444444444798,133013.3678972687
2021-02-27,42.765,798.875,2.195738405493776,0.07124999999999915,151556.0128147158
2021-02-28,42.77,802.25,2.3975303001562938,0.005000000000002558,166183.37423715342
2021-03-01,42.82454545454545,851.3636363636364,2.373299569044087,0.05454545454544757,174574.7381907324
2021-03-02,42.89,905.4444444444445,2.5538367356349108,0.06545454545454987,199787.66936341336
2021-03-03,42.873333333333335,889.8333333333334,2.749582464676832,0.01666666666666572,211392.29921629833
2021-03-04,42.919999999999995,931.1666666666666,2.6409551226168917,0.04666666666665975,212472.23428887228
2021-03-05,43.00142857142857,1101.4285714285713,3.235523261169257,0.08142857142857451,307903.4867554762
2021-03-06,42.98166666666666,1005.5,3.007739987314421,0.01976190476190709,261298.01294593778
2021-03-07,42.99666666666667,1004.6666666666666,2.8949692480872553,0.015000000000007674,251292.59463556766
2021-03-08,43.005,1014.1666666666666,2.9281550678444455,0.00833333333333286,256576.65966480167
2021-03-09,42.956,965.0,2.7572832917698546,0.04899999999999949,229891.25173460343
2021-03-10,42.928333333333335,938.8333333333334,2.740475186491166,0.027666666666668505,222294.19284726825
2021-03-11,42.91833333333333,929.5,2.6351263164133187,0.010000000000005116,211623.83231957394
2021-03-12,42.945,990.0,2.8468632758172094,0.026666666666670835,243509.29716030083
2021-03-13,43.08714285714286,1187.142857142857,3.769507309849896,0.1421428571428578,386635.1337650382
2021-03-14,43.26833333333334,1376.6666666666667,4.237691938092154,0.1811904761904799,504048.02988443326
2021-03-15,43.35166666666667,1470.0,5.094966773573238,0.0833333333333286,647101.5399779899
2021-03-16,43.26666666666667,1331.6666666666667,4.613483882159554,0.08499999999999375,530809.0015457497
2021-03-17,43.08142857142857,1117.142857142857,3.293304725443803,0.18523809523810542,317873.5358766649
2021-03-18,43.34571428571429,1464.2857142857142,4.56769178809906,0.26428571428571956,577878.263934361
2021-03-19,43.52333333333333,1605.0,5.75287519877046,0.17761904761904646,797762.7095638972
2021-03-20,43.26875,1177.5,3.665250648839355,0.25458333333333627,372887.9400103206
2021-03-21,43.21142857142858,1108.5714285714287,3.262034457938289,0.057321428571420086,312439.5244010196
2021-03-22,43.09428571428571,1005.5714285714286,2.8990783674879985,0.11714285714286632,251875.9044462613
2021-03-23,42.998000000000005,937.2,2.603700691442749,0.09628571428570609,210832.2680849405
2021-03-24,42.955,911.0,2.5718224359566957,0.043000000000006366,202429.1726631259
2021-03-25,42.925000000000004,893.5,2.51695777970302,0.02999999999999403,194305.1134606256
2021-03-26,42.86833333333333,861.3333333333334,2.4032455250364504,0.05666666666667197,178847.60937679262
2021-03-27,42.913333333333334,886.5,2.488423457276079,0.045000000000001705,190597.31091722107
2021-03-28,42.855,854.3333333333334,2.311012481598047,0.05833333333333712,170585.9997216709
2021-03-29,42.879999999999995,867.8333333333334,2.4252414987250206,0.02499999999999858,181846.54776760103
2021-03-30,42.85,851.6666666666666,2.3706712189312245,0.02999999999999403,174443.4709738352
2021-03-31,42.865,859.5,2.406633336552408,0.015000000000000568,178718.51687905108
2021-04-01,42.86166666666667,858.1666666666666,2.3926104048673333,0.0033333333333303017,177401.53403513136
2021-04-02,42.85833333333333,856.5,2.387111997622516,0.0033333333333445125,176650.1072032624
2021-04-03,42.89857142857143,899.0,2.532788316509656,0.04023809523810229,196730.7865812444
2021-04-04,42.885,905.0,2.55581809579875,0.013571428571431454,199844.5285466959
2021-04-05,42.836666666666666,872.5,2.4409921655761893,0.04833333333333201,184011.75340979546
2021-04-06,42.84166666666667,875.6666666666666,2.5782961462739378,0.005000000000002558,195067.69851633508
2021-04-07,42.815,859.3333333333334,2.3966500759876297,0.026666666666670835,177942.64020180798
2021-04-08,42.79833333333334,849.0,2.361760300264107,0.016666666666658614,173243.62036145324
2021-04-09,42.77333333333333,834.0,2.3114033155494016,0.025000000000005684,166554.1755505326
2021-04-10,42.76166666666666,826.8333333333334,2.2498847162237925,0.011666666666670267,160728.16431148179
2021-04-11,42.73666666666667,811.1666666666666,2.2350661596708363,0.024999999999991473,156644.16478729865
2021-04-12,42.72428571428571,803.5714285714286,2.2097443933522425,0.012380952380958377,153419.3964527414
2021-04-13,42.76166666666666,826.5,2.286292232453415,0.03738095238094985,163263.2138026054
2021-04-14,42.73666666666667,811.3333333333334,2.3265266026223865,0.024999999999991473,163087.65362254722
2021-04-15,42.75428571428571,822.1428571428571,2.2717593270248444,0.017619047619035655,161370.2048136025
2021-04-16,42.708571428571425,794.5714285714286,2.129380734945378,0.04571428571428271,146184.0559952856
2021-04-17,42.69833333333333,788.8333333333334,2.160823230904556,0.010238095238094047,147271.3394669462
2021-04-18,42.708333333333336,794.3333333333334,2.17905482107477,0.010000000000005116,149549.40399228994
2021-04-19,42.70333333333334,791.5,2.1696699464869167,0.0049999999999954525,148374.1810924757
2021-04-20,42.71,795.5,2.1727427292977572,0.006666666666660603,149335.21507591003
2021-04-21,42.73166666666666,808.1666666666666,2.2250409093996706,0.021666666666661172,155364.81652337764
2021-04-22,42.76333333333333,827.8333333333334,2.29068986559442,0.03166666666666629,163841.1344986678
2021-04-23,42.89857142857143,914.1428571428571,2.583150420250372,0.13523809523810115,204022.23888361946
2021-04-24,43.041666666666664,1051.6666666666667,2.9940203039452817,0.14309523809523483,272048.6608976841
2021-04-25,43.151428571428575,1161.4285714285713,3.4502852357175753,0.1097619047619105,346227.25124222395
2021-04-26,43.20666666666667,1216.6666666666667,3.649214635457758,0.05523809523809575,383605.4424793196
2021-04-27,43.285555555555554,1295.5555555555557,3.937972993124121,0.07888888888888346,440800.94495834166
2021-04-28,43.413333333333334,1426.6666666666667,4.454898188756606,0.12777777777778,549128.5703388944
2021-04-29,43.455000000000005,1475.0,4.605832943532509,0.041666666666671404,586967.350323783
2021-04-30,43.46333333333333,1483.3333333333333,4.703957286666515,0.008333333333325754,602859.1658591806
2021-05-01,43.42333333333334,1441.6666666666667,4.480270727674378,0.03999999999999204,558062.5218391205
2021-05-02,43.38333333333333,1395.0,4.3969069068924655,0.04000000000000625,529950.3956739352
2021-05-03,43.428333333333335,1443.3333333333333,4.486673043734977,0.045000000000001705,559506.0752459265
2021-05-04,43.46666666666667,1486.6666666666667,4.941535151581779,0.038333333333333997,634730.3071503765
2021-05-05,43.48166666666666,1505.0,4.719423785372379,0.014999999999993463,613676.1136595411
2021-05-06,43.49625,1522.5,4.93817000640205,0.014583333333341386,649586.6353221514
2021-05-07,43.50571428571429,1535.7142857142858,4.8362948746926975,0.009464285714287257,641707.2399449397
2021-05-08,43.51666666666667,1546.6666666666667,4.856082647320879,0.010952380952382157,648928.0363267838
2021-05-09,43.50833333333333,1536.6666666666667,4.839790580747429,0.008333333333339965,642569.3158246747
2021-05-10,43.446666666666665,1466.6666666666667,4.5296109863975005,0.061666666666667425,573992.3041962914
2021-05-11,43.45666666666667,1476.6666666666667,4.612144115572135,0.010000000000005116,588435.7948411553
2021-05-12,43.48,1505.0,4.615757272562039,0.023333333333326323,600196.1496657871
2021-05-13,43.49166666666667,1518.3333333333333,4.769992231766448,0.011666666666670267,625746.6609320497
2021-05-14,43.5,1526.6666666666667,4.7090717365449155,0.00833333333333286,621145.3983372205
2021-05-15,43.51833333333334,1548.3333333333333,4.884212817054822,0.018333333333337976,653390.4538143259
2021-05-16,43.51833333333334,1546.6666666666667,4.878055672649308,0.0,651864.3356474724
2021-05-17,43.56285714285714,1594.2857142857142,5.047884619494563,0.04452380952380253,695327.3570496466
2021-05-18,43.574999999999996,1608.3333333333333,5.114037723367407,0.012142857142855235,710646.6820391348
2021-05-19,43.550000000000004,1581.6666666666667,5.011598555265958,0.024999999999991473,684865.0121684248
2021-05-20,43.535000000000004,1566.6666666666667,5.004142858023687,0.015000000000000568,677360.7772620863
2021-05-21,43.53,1560.0,4.928713213960084,0.005000000000002558,664311.6818303961
2021-05-22,43.528571428571425,1560.0,4.524426099365491,0.0014285714285762197,609820.2473768784
2021-05-23,43.50666666666667,1535.0,4.833624721712739,0.02190476190475721,641054.6450924303
2021-05-24,43.544999999999995,1571.6666666666667,4.789389279708891,0.03833333333332689,650360.7490702297
2021-05-25,43.49166666666667,1516.6666666666667,4.763890069088429,0.05333333333332746,624260.1546533478
2021-05-26,43.57,1585.0,4.967822096762751,0.07833333333333314,680313.4292190782
2021-05-27,43.60166666666667,1586.6666666666667,5.030798903658408,0.03166666666666629,689662.160104724
2021-05-28,43.58166666666667,1558.3333333333333,4.727099948028999,0.01999999999999602,636456.7370026244
2021-05-29,43.59,1570.0,4.967097685230568,0.00833333333333286,673776.8668061561
2021-05-30,43.544999999999995,1515.0,4.757291092482579,0.04500000000000881,622710.3748415997
2021-05-31,43.565,1538.3333333333333,4.594664056422585,0.020000000000003126,610685.9890672386
2021-06-01,43.535000000000004,1503.3333333333333,4.459223203300901,0.02999999999999403,579199.5834303474
2021-06-02,43.51500000000001,1501.6666666666667,4.441911894688355,0.01999999999999602,576311.416864446
2021-06-03,43.50833333333333,1541.6666666666667,4.641490710963285,0.006666666666674814,618246.5627003096
2021-06-04,43.48,1481.6666666666667,4.605517181480726,0.028333333333335986,589579.8875044368
2021-06-05,43.535,1598.3333333333333,4.847323988343251,0.054999999999999716,669396.0534942496
2021-06-06,43.51666666666667,1556.6666666666667,4.582356540896907,0.018333333333323765,616308.6253244705
2021-06-07,43.47666666666667,1473.3333333333333,4.390566952804055,0.04000000000000625,558901.6108241449
2021-06-08,43.43666666666667,1411.6666666666667,4.152097712045886,0.03999999999999915,506423.05374281266
2021-06-09,43.416666666666664,1376.6666666666667,4.095606515776725,0.020000000000003126,487147.8214125469
2021-06-10,43.41,1368.3333333333333,4.038146633875262,0.006666666666667709,477405.84764326893
2021-06-11,43.406666666666666,1361.6666666666667,4.016060557397741,0.0033333333333303017,472481.4924567295
2021-06-12,43.4,1415.0,4.100485585650506,0.006666666666667709,501308.9657592882
2021-06-13,43.53875,1558.75,4.811799335569505,0.1387500000000017,648033.8873171587
2021-06-14,43.76416666666666,1749.1666666666667,5.524675856457493,0.2254166666666606,834933.212834708
2021-06-15,43.93375,1895.0,6.05268533211994,0.16958333333334252,990994.0640573336
2021-06-16,43.995000000000005,1955.0,6.191186082222444,0.06125000000000114,1045765.6235203575
2021-06-17,44.031666666666666,1993.3333333333333,6.189802738822493,0.03666666666666174,1066032.586890965
2021-06-18,44.105,2090.0,6.713526477969289,0.07333333333333059,1212301.7572857824
2021-06-19,44.18833333333333,2196.6666666666665,6.930818648776924,0.0833333333333357,1315413.93298867
2021-06-20,44.21666666666667,2233.3333333333335,7.140676533557817,0.028333333333335986,1377864.9439153164
2021-06-21,44.26875,2296.25,7.497715102809126,0.052083333333328596,1487516.6855369194
2021-06-22,44.439166666666665,2506.6666666666665,8.458678252598956,0.170416666666668,1831946.7012348715
2021-06-23,44.81583333333333,2972.5,10.253662498025792,0.37666666666666515,2633386.6173929763
2021-06-24,45.23875,3527.0833333333335,12.88199048966307,0.4229166666666728,3925657.7818199242
2021-06-25,45.4975,3855.8333333333335,13.94892698199604,0.25874999999999915,4647001.330490089
2021-06-26,45.645833333333336,4045.8333333333335,14.72518921255432,0.14833333333333343,5147337.141140488
2021-06-27,45.674615384615386,4082.3076923076924,14.140423935288668,0.028782051282050247,4987488.505264192
2021-06-28,45.71083333333333,4132.5,15.112736119288082,0.03621794871794748,5395972.205919571
2021-06-29,45.770625,4200.625,15.668365819156728,0.05979166666666913,5686582.680209828
2021-06-30,45.777692307692305,4207.692307692308,15.504069571384681,0.007067307692302904,5636421.009225363
2021-07-01,45.7225,4149.166666666667,15.111974809290823,0.05519230769230887,5417461.625433049
2021-07-02,45.67083333333333,4078.3333333333335,14.833094596922654,0.051666666666669414,5226707.876928443
2021-07-03,45.63083333333333,4026.6666666666665,14.593862664000403,0.03999999999999915,5077263.196256396
2021-07-04,45.56230769230769,3933.846153846154,14.266176588390694,0.06852564102563719,4848849.55316138
2021-07-05,45.110476190476184,3249.0476190476193,11.551068580252123,0.45183150183150644,3242589.5694059073
2021-07-06,44.706875,2687.5,9.215962097474021,0.4036011904761878,2139946.3990334678
2021-07-07,44.644375000000004,2627.5,10.143140410669526,0.062499999999992895,2302655.163468553
2021-07-08,44.265,2308.125,19.666831447099305,0.3793750000000031,3921998.8608434377
2021-07-09,43.894285714285715,1897.857142857143,11.168897067988864,0.37071428571428555,1831418.30116675
2021-07-10,43.307500000000005,998.5833333333334,3.1823736183166886,0.5867857142857105,274567.55809167994
2021-07-11,43.1,753.0833333333334,2.2193053587831124,0.20750000000000313,144402.21019672553
2021-07-12,43.067499999999995,723.625,2.2117061489628687,0.03250000000000597,138278.5224805373
2021-07-13,43.035,697.3333333333334,2.132751699841792,0.03249999999999886,128497.43681478805
2021-07-14,43.096666666666664,835.4166666666666,2.3554341247616524,0.061666666666667425,170015.23512529608
2021-07-15,43.245000000000005,1058.3333333333333,3.0457624912105685,0.14833333333334053,278504.5221962944
2021-07-16,43.23,1038.3333333333333,3.1146873169298117,0.015000000000007674,279424.8285764073
2021-07-17,43.156666666666666,950.3333333333334,2.7575726269686096,0.07333333333333059,226420.9793132402
2021-07-18,43.044999999999995,853.0,2.3892282192919523,0.11166666666667169,176084.20837924146
2021-07-19,42.824999999999996,689.0,1.8019389037454534,0.21999999999999886,107268.70216440536
2021-07-20,42.76,656.3333333333334,1.679385137391168,0.06499999999999773,95233.22886306845
2021-07-21,43.30458333333333,1484.9583333333333,4.868399927906508,0.5445833333333354,624617.6581103762
2021-07-22,45.080000000000005,3713.75,14.105351177685662,1.775416666666672,4525955.821681644
2021-07-23,44.46208333333333,2578.3333333333335,9.309954533784028,0.6179166666666731,2073959.9515820006
2021-07-24,44.16333333333333,2182.222222222222,7.292566491852601,0.2987500000000054,1374969.656639857
2021-07-25,44.15375,2167.5,7.243090378248543,0.009583333333324617,1356428.0213153611
2021-07-26,44.16166666666666,2176.6666666666665,6.775453790477871,0.007916666666659467,1274218.9416524305
2021-07-27,44.05833333333334,2038.3333333333333,6.563241745607086,0.10333333333332462,1155865.6303023552
2021-07-28,43.751666666666665,1650.0,5.183405014088366,0.30666666666667197,738946.2188084375
2021-07-29,43.44083333333333,1272.5,3.8203117511966234,0.31083333333333485,420020.35517356155
2021-07-30,43.21,1030.125,2.989003484428502,0.23083333333332945,266029.6793238931
2021-07-31,43.12833333333333,949.6666666666666,2.6462377227574696,0.08166666666667055,217126.98063751767
2021-08-01,43.035,868.0,2.4166496862726587,0.09333333333333371,181237.12655195533
2021-08-02,42.949999999999996,806.6666666666666,2.143862002544774,0.08500000000000085,149418.6061293606
2021-08-03,42.901666666666664,777.0,1.9619529485752514,0.04833333333333201,131711.39490611263
2021-08-04,42.87833333333333,764.3333333333334,1.8985320913470762,0.023333333333333428,125376.02166121476
2021-08-05,42.835,744.1666666666666,1.898796042680967,0.04333333333332945,122084.99036021545
2021-08-06,42.79833333333334,730.1666666666666,1.8279557579809451,0.03666666666666174,115319.14813028909
2021-08-07,42.775,721.0,1.8095878587689713,0.023333333333340533,112727.18990929781
2021-08-08,42.79,727.0,1.8354311484260855,0.015000000000000568,115288.56963985803
2021-08-09,42.73333333333333,703.6666666666666,1.7847281302663307,0.05666666666667197,108505.75919017606
2021-08-10,42.69833333333333,688.1666666666666,1.734546672013936,0.03499999999999659,103131.9822059358
2021-08-11,42.67666666666667,677.8333333333334,1.6856915852758754,0.021666666666661172,98722.19055336459
2021-08-12,42.574999999999996,623.8333333333334,1.545909176790816,0.10166666666667368,83323.26790168356
2021-08-13,42.44166666666667,544.3333333333334,1.3336224081829393,0.13333333333332575,62720.79530580692
2021-08-14,42.42,531.1666666666666,1.292949929436692,0.021666666666668277,59337.092521652216
2021-08-15,42.52333333333333,594.0,1.467565402487797,0.10333333333333172,75317.80456031773
2021-08-16,42.56166666666667,617.3333333333334,1.5351231778888346,0.038333333333333997,81879.78601296352
2021-08-17,42.46333333333333,557.5,1.3428340681823538,0.09833333333333627,64681.631396207624
2021-08-18,42.4,520.1666666666666,1.328453703026236,0.06333333333333258,59703.89770288631
2021-08-19,42.365,505.6666666666667,1.2034027495667403,0.03499999999999659,52576.18476747106
2021-08-20,42.38666666666666,534.3333333333334,1.2994662801100072,0.021666666666661172,59991.680074070646
2021-08-21,42.355,503.8333333333333,1.2329070124601833,0.03166666666666629,53669.92174080673
2021-08-22,42.35666666666666,505.6666666666667,1.226725306096258,0.0016666666666651508,53595.13793322308
2021-08-23,42.36666666666667,515.1666666666666,1.2509015522783387,0.010000000000005116,55678.12845252977
2021-08-24,42.406666666666666,553.6666666666666,1.3935888391493674,0.03999999999999915,66664.83058062046
2021-08-25,42.44428571428572,588.5714285714286,1.3543513294113603,0.03761904761905299,68872.24771827187
2021-08-26,42.574999999999996,712.5,1.8717834621826956,0.13071428571427646,115226.98993196675
2021-08-27,42.625,761.1666666666666,2.0252603740755175,0.05000000000000426,133190.8434490016
2021-08-28,42.47666666666667,618.5,1.6063473957565775,0.14833333333333343,85840.6346733983
2021-08-29,42.391666666666666,538.8333333333334,1.335163533703155,0.08500000000000085,62158.80534425713
2021-08-30,42.43,575.0,1.472008914959848,0.038333333333333997,73129.40289520526
2021-08-31,42.598571428571425,735.5714285714286,1.9812324418139833,0.16857142857142549,125914.00126093962
2021-09-01,42.99333333333333,1122.9166666666667,3.473385959512426,0.3947619047619071,336987.9057918956
2021-09-02,43.567499999999995,1685.0,5.528597637199137,0.5741666666666632,804875.3584139992
2021-09-03,43.8325,1933.75,6.217335243560109,0.2650000000000077,1038767.5031530489
2021-09-04,44.100833333333334,2200.8333333333335,7.285886625307622,0.26833333333333087,1385425.9135754951
2021-09-05,44.137499999999996,2133.3333333333335,7.0396234240873055,0.03666666666666174,1297543.3895277723
2021-09-06,43.80416666666667,1668.3333333333333,5.16339686386966,0.3333333333333286,744272.6775456283
2021-09-07,43.585,1426.6666666666667,4.245325394143395,0.2191666666666663,523295.78938369144
2021-09-08,43.34,1171.6666666666667,3.388950584857048,0.24499999999999744,343070.24560624873
2021-09-09,43.300000000000004,1130.0,3.220761075228977,0.03999999999999915,314449.3452967555
2021-09-10,43.193333333333335,1023.3333333333334,2.7782366322070082,0.10666666666666913,245640.57007321488
2021-09-11,43.06285714285714,896.1428571428571,2.4434370460080044,0.13047619047619463,189187.3718488785
2021-09-12,42.99,829.1666666666666,2.2196063202191465,0.07285714285713851,159012.59678049965
2021-09-13,42.865,721.0,1.8357093201203056,0.125,114354.41067130238
2021-09-14,42.800000000000004,666.0,1.6655306836968489,0.06499999999999773,95838.63281355756
2021-09-15,42.75857142857143,634.0,1.5887427572013786,0.04142857142857537,87027.51525687423
2021-09-16,42.638333333333335,551.1666666666666,1.3590650934303123,0.12023809523809348,64719.76700122622
2021-09-17,42.58166666666667,521.1666666666666,1.2715543297920464,0.05666666666666487,57256.565605340096
2021-09-18,42.669999999999995,594.0,1.5183719443614374,0.08833333333332405,77925.27757973995
2021-09-19,43.137499999999996,1082.4166666666667,3.0893517791183585,0.46750000000000114,288918.6498645722
2021-09-20,43.68416666666667,1768.3333333333333,5.651524675093293,0.546666666666674,863462.5459594537
2021-09-21,44.46041666666667,2730.8333333333335,9.629343683864036,0.7762499999999974,2271985.8661456164
2021-09-22,45.21176470588235,3592.3529411764707,13.110660050595389,0.751348039215685,4069277.411920232
2021-09-23,45.181666666666665,3393.3333333333335,12.161594544931285,0.030098039215687322,3565584.9350611344
2021-09-24,44.99,3067.5,10.559381672765811,0.19166666666666288,2798574.0434964686
2021-09-25,44.64833333333333,2629.1666666666665,8.963618949033204,0.34166666666666856,2036175.6804623827
2021-09-26,44.527,2545.0,8.439649182351296,0.1213333333333324,1855777.5794088622
2021-09-27,44.52333333333333,2545.0,7.8462293686550515,0.003666666666667595,1725291.6834148222
2021-09-28,44.91684210526316,3153.157894736842,11.340457800673148,0.3935087719298238,3089513.1494121877
2021-09-29,45.73375000000001,4285.833333333333,16.355615911184774,0.8169078947368504,6056419.149448077
2021-09-30,46.22083333333333,4818.333333333333,18.7396338557413,0.48708333333332376,7801384.532680526
2021-10-01,46.196666666666665,4750.0,17.87068350276419,0.024166666666666003,7334128.509534424
2021-10-02,46.267500000000005,4915.0,18.943124490942186,0.07083333333333997,8044311.473825545
2021-10-03,46.38307692307693,4919.2307692307695,18.73979806779105,0.11557692307692236,7964817.805231119
2021-10-04,46.43,4964.166666666667,18.827997359252628,0.04692307692307196,8075403.37937289
2021-10-05,46.42583333333334,4959.166666666667,18.777712372366068,0.004166666666662877,8045723.975612435
2021-10-06,46.37916666666667,4920.833333333333,18.601540321427652,0.046666666666666856,7908630.88305818
2021-10-07,46.32916666666667,4882.5,18.506655986561118,0.04999999999999716,7806995.814618834
2021-10-08,46.275,4845.833333333333,18.29077325231848,0.054166666666674246,7657980.945280701
2021-10-09,46.262499999999996,4840.0,18.203346303641776,0.012500000000002842,7612202.543871704
2021-10-10,46.22,4819.166666666667,18.126555339063156,0.042499999999996874,7547462.605857762
2021-10-11,46.25083333333333,4831.666666666667,18.24467451296918,0.030833333333333712,7616348.843486062
2021-10-12,46.25,4832.5,18.417050768057816,0.0008333333333325754,7689634.373085645
2021-10-13,46.245000000000005,4830.0,18.574669273239554,0.0049999999999954525,7751432.383754145
2021-10-14,46.18,4800.833333333333,18.458614229621276,0.06500000000000483,7656485.513533068
2021-10-15,46.173333333333325,4799.166666666667,18.38693175460195,0.006666666666674814,7624104.47818219
2021-10-16,46.15833333333333,4792.5,18.063884436911298,0.014999999999993463,7479748.7565607345
2021-10-17,46.189166666666665,4804.166666666667,18.10610190537927,0.030833333333333712,7515480.778884828
2021-10-18,46.15416666666667,4762.5,17.86931512109032,0.03499999999999659,7352865.786026246
2021-10-19,46.1225,4732.5,17.739192040433924,0.03166666666666629,7253342.755028947
2021-10-20,46.16916666666666,4775.0,17.90926923536641,0.04666666666665975,7388648.115742766
2021-10-21,46.181666666666665,4786.666666666667,17.9780880808427,0.012500000000002842,7435161.931417955
2021-10-22,45.861000000000004,4328.5,16.307368705338554,0.32066666666666066,6098668.886107406
2021-10-23,45.12291666666667,3192.5,11.44624818361673,0.7380833333333356,3157241.5289833695
2021-10-24,44.53875,2416.6666666666665,8.166029541921011,0.5841666666666683,1705066.968353107
2021-10-25,44.18416666666667,1989.1666666666667,6.534407259069694,0.3545833333333306,1123029.369172754
2021-10-26,44.05833333333334,1873.3333333333333,5.68717409081921,0.12583333333333258,920503.2496436341
2021-10-27,43.98285714285714,1820.0,5.207742170995511,0.07547619047619492,818907.0409047022
2021-10-28,43.89333333333334,1770.0,5.198440797276654,0.08952380952380423,794987.1542459242
2021-10-29,43.82,1740.0,5.097046402521902,0.07333333333333769,766269.5679695327
2021-10-30,43.84,1816.6666666666667,5.310164392354193,0.020000000000003126,833483.4030239142
2021-10-31,44.134166666666665,2192.5,7.239595917791266,0.294166666666662,1371411.1338990352
2021-11-01,44.30166666666667,2380.0,7.570446277909567,0.16750000000000398,1556726.0090191
2021-11-02,44.208,2206.0,7.4979873551655825,0.093666666666671,1429104.393114792
2021-11-03,43.808461538461536,1668.4615384615386,5.348884542189037,0.3995384615384623,771068.8626319178
2021-11-04,43.76,1734.1666666666667,5.419606235967397,0.04846153846153811,812030.4415474671
2021-11-05,43.95,2008.75,6.691625777500827,0.19000000000000483,1161371.8034399336
2021-11-06,44.06,2143.3333333333335,7.237309118482202,0.10999999999999943,1340233.8517970082
2021-11-07,44.211666666666666,2310.0,7.299720757972161,0.15166666666666373,1456907.4677591159
2021-11-08,44.29,2386.6666666666665,8.24252753695214,0.07833333333333314,1699675.1183398268
2021-11-09,44.205000000000005,2305.0,7.902435319805757,0.08499999999999375,1573785.7988099563
2021-11-10,44.135,2231.6666666666665,7.030119651577834,0.07000000000000739,1355519.5507386317
2021-11-11,44.08166666666667,2170.0,7.346337109159728,0.05333333333332746,1377350.051922139
2021-11-12,44.035,2110.0,7.101381980268385,0.04666666666667396,1294610.3405308477
2021-11-13,44.05166666666667,2135.0,6.663079382787951,0.016666666666672825,1229098.2752665968
2021-11-14,44.07666666666666,2163.3333333333335,7.318999218114587,0.024999999999991473,1368008.781856234
2021-11-15,43.961666666666666,2025.0,6.758442162923032,0.11499999999999488,1182457.0408250138
2021-11-16,43.725,1730.0,5.27314745530962,0.23666666666666458,788187.8964400396
2021-11-17,43.56285714285714,1558.5714285714287,4.924676823433535,0.16214285714286092,663159.795144602
2021-11-18,43.52333333333333,1616.6666666666667,5.146107102910743,0.039523809523807074,718808.2401345726
2021-11-19,43.49666666666667,1588.3333333333333,4.28075445007881,0.02666666666666373,587456.4946932152
2021-11-20,43.38666666666666,1456.6666666666667,4.208526585415195,0.11000000000000654,529668.3219340149
2021-11-21,43.36833333333333,1436.6666666666667,4.461498968165049,0.01833333333333087,553796.9439203913
2021-11-22,43.330000000000005,1390.0,4.286838095370953,0.03833333333332689,514832.10790167004
2021-11-23,43.296666666666674,1351.6666666666667,4.144363593661003,0.03333333333333144,483995.35792210663
2021-11-24,43.306666666666665,1365.0,4.033881130112657,0.009999999999990905,475739.80496096634
2021-11-25,43.278333333333336,1330.0,4.064133983703228,0.02833333333332888,467017.76433530543
2021-11-26,43.31,1368.3333333333333,4.206518608598963,0.03166666666666629,497311.4559830038
2021-11-27,43.34,1401.6666666666667,4.128099225457841,0.030000000000001137,499929.3285998464
2021-11-28,43.34166666666667,1401.6666666666667,4.33038063800038,0.0016666666666651508,524426.4167843981
2021-11-29,43.300000000000004,1356.6666666666667,4.1628827176780545,0.0416666666666643,487956.4606353509
2021-11-30,43.28333333333333,1335.0,3.829106760475066,0.016666666666672825,441664.49018023605
2021-12-01,43.288333333333334,1340.0,3.9709109360663155,0.005000000000002558,459736.1845340138
2021-12-02,43.257777777777775,1307.7777777777778,3.8112647351793134,0.030555555555558556,430642.42495738104
2021-12-03,43.12833333333333,1151.6666666666667,3.416477406190621,0.12944444444444514,339953.16782559163
2021-12-04,43.06454545454545,1062.3636363636363,3.1009045838169342,0.06378787878787762,284626.50650038884
2021-12-05,42.97833333333333,947.1666666666666,2.487810999001533,0.08621212121212096,203590.51066549026
2021-12-06,42.995000000000005,972.5,2.7866582885651945,0.016666666666672825,234146.17603840193
2021-12-07,42.97666666666667,951.3333333333334,2.713784841086408,0.018333333333337976,223060.08777006555
2021-12-08,42.903333333333336,861.6666666666666,2.4044381803272903,0.07333333333333059,179005.6136490061
2021-12-09,42.885,843.1666666666666,2.178011717503878,0.018333333333337976,158667.2824154705
2021-12-10,42.85333333333333,813.5,2.110974908685972,0.03166666666666629,148372.82682186572
2021-12-11,42.89833333333333,858.0,2.3925112039658516,0.045000000000001705,177359.72656343336
2021-12-12,42.95333333333334,916.5,2.5906406828540764,0.05500000000000682,205141.43685620977
2021-12-13,42.949999999999996,913.1666666666666,2.579341408337963,0.0033333333333445125,203503.84669848526
2021-12-14,42.91166666666667,870.1666666666666,2.2821441537904916,0.03833333333332689,171577.07462793827
2021-12-15,42.89166666666667,849.6666666666666,2.3639684756607076,0.01999999999999602,173541.76256042332
2021-12-16,42.94333333333333,905.5,2.5532237801479516,0.0516666666666552,199751.97308463106
2021-12-17,43.00333333333333,978.1666666666666,2.8030541878076742,0.060000000000002274,236896.20040670267
2021-12-18,43.06666666666666,1065.0,2.979403229695283,0.06333333333333258,274152.76758364117
2021-12-19,43.065,1061.6666666666667,3.094880369360134,0.0016666666666651508,283887.1865206664
2021-12-20,43.06333333333333,1060.0,3.0275198508053407,0.0016666666666651508,277272.3780161564
2021-12-21,43.050000000000004,1040.0,3.018493517240636,0.013333333333328312,271229.7534851746
2021-12-22,43.05833333333334,1051.6666666666667,3.059540079816985,0.00833333333333286,278002.0498124906
2021-12-23,43.056666666666665,1050.0,3.0536963627474627,0.0016666666666722563,277031.33402844984
2021-12-24,43.13666666666666,1161.6666666666667,3.4515140113114007,0.0799999999999983,346421.55828730273
2021-12-25,43.126666666666665,1156.6666666666667,3.1662021755207843,0.00999999999999801,316417.58061284514
2021-12-26,43.14666666666667,1176.6666666666667,3.5045691230153455,0.020000000000003126,356288.51532223215
2021-12-27,43.14666666666667,1176.6666666666667,3.504590644126885,0.0,356290.7032445157
2021-12-28,43.10166666666667,1123.3333333333333,3.31342740583233,0.045000000000001705,321588.0103004626
2021-12-29,43.09,1105.0,3.2483058674540426,0.011666666666663161,310122.2577775724
2021-12-30,43.086666666666666,1096.6666666666667,3.188530776800151,0.003333333333337407,302119.66816336795
2021-12-31,43.08166666666667,1091.6666666666667,3.054936010446026,0.0049999999999954525,288141.5645052692
