datetime,水位(m),流量(m3/s),含沙量(kg/m3)
2016-01-01 00:00:00,42.79,357,0.825
2016-01-01 04:00:00,42.8,363,
2016-01-01 08:00:00,42.8,363,0.796
2016-01-01 12:00:00,42.81,368,
2016-01-01 14:00:00,42.84,384,
2016-01-01 16:00:00,42.8,363,
2016-01-01 20:00:00,42.77,346,
2016-01-02 00:00:00,42.78,351,
2016-01-02 04:00:00,42.77,346,
2016-01-02 08:00:00,42.78,351,0.84
2016-01-02 10:00:00,42.81,368,
2016-01-02 12:00:00,42.79,357,
2016-01-02 16:00:00,42.79,357,
2016-01-02 20:00:00,42.71,309,
2016-01-03 00:00:00,42.7,304,
2016-01-03 04:00:00,42.72,315,
2016-01-03 08:00:00,42.76,340,0.672
2016-01-03 12:00:00,42.79,357,
2016-01-03 16:00:00,42.78,351,
2016-01-03 20:00:00,42.73,321,
2016-01-04 00:00:00,42.75,334,
2016-01-04 04:00:00,42.72,315,
2016-01-04 08:00:00,42.7,304,0.651
2016-01-04 12:00:00,42.74,329,
2016-01-04 16:00:00,42.72,315,
2016-01-04 20:00:00,42.72,315,
2016-01-04 22:00:00,42.68,293,
2016-01-05 00:00:00,42.72,315,
2016-01-05 04:00:00,42.74,329,
2016-01-05 08:00:00,42.73,321,0.693
2016-01-05 12:00:00,42.75,334,
2016-01-05 16:00:00,42.73,321,
2016-01-05 18:00:00,42.76,340,
2016-01-05 20:00:00,42.76,340,
2016-01-06 00:00:00,42.78,351,
2016-01-06 04:00:00,42.75,334,
2016-01-06 08:00:00,42.77,346,0.734
2016-01-06 12:00:00,42.77,346,
2016-01-06 15:00:00,42.79,383,
2016-01-06 16:00:00,42.77,373,
2016-01-06 20:00:00,42.78,378,
2016-01-07 00:00:00,42.79,383,
2016-01-07 04:00:00,42.78,378,
2016-01-07 08:00:00,42.78,378,0.711
2016-01-07 12:00:00,42.79,383,
2016-01-07 16:00:00,42.79,383,
2016-01-07 18:00:00,42.81,392,
2016-01-07 20:00:00,42.77,373,
2016-01-08 00:00:00,42.78,378,
2016-01-08 04:00:00,42.78,378,
2016-01-08 06:00:00,42.77,373,
2016-01-08 08:00:00,42.79,383,0.92
2016-01-08 10:00:00,42.84,407,
2016-01-08 12:00:00,42.81,392,
2016-01-08 16:00:00,42.84,407,
2016-01-08 20:00:00,42.82,397,
2016-01-09 00:00:00,42.83,402,
2016-01-09 04:00:00,42.81,392,
2016-01-09 08:00:00,42.81,392,0.952
2016-01-09 12:00:00,42.81,392,
2016-01-09 16:00:00,42.82,397,
2016-01-09 20:00:00,42.8,388,
2016-01-09 22:00:00,42.79,383,
2016-01-10 00:00:00,42.78,378,
2016-01-10 02:00:00,42.8,388,
2016-01-10 04:00:00,42.8,388,
2016-01-10 08:00:00,42.78,378,0.959
2016-01-10 12:00:00,42.77,373,
2016-01-10 16:00:00,42.75,364,
2016-01-10 20:00:00,42.74,360,
2016-01-10 22:00:00,42.73,355,
2016-01-11 00:00:00,42.71,346,
2016-01-11 02:00:00,42.73,355,
2016-01-11 04:00:00,42.73,355,
2016-01-11 08:00:00,42.67,328,0.874
2016-01-11 12:00:00,42.69,337,
2016-01-11 16:00:00,42.65,319,
2016-01-11 20:00:00,42.67,328,
2016-01-12 00:00:00,42.66,324,
2016-01-12 04:00:00,42.66,324,
2016-01-12 06:00:00,42.65,319,
2016-01-12 08:00:00,42.67,328,0.861
2016-01-12 12:00:00,42.69,337,
2016-01-12 16:00:00,42.71,346,
2016-01-12 18:00:00,42.72,350,
2016-01-12 20:00:00,42.7,341,
2016-01-13 00:00:00,42.7,341,
2016-01-13 04:00:00,42.72,350,
2016-01-13 08:00:00,42.75,364,0.851
2016-01-13 12:00:00,42.77,373,
2016-01-13 14:00:00,42.78,378,
2016-01-13 16:00:00,42.76,369,
2016-01-13 20:00:00,42.74,360,
2016-01-14 00:00:00,42.74,360,
2016-01-14 04:00:00,42.75,364,
2016-01-14 08:00:00,42.74,360,0.883
2016-01-14 12:00:00,42.8,388,
2016-01-14 16:00:00,42.77,373,
2016-01-14 20:00:00,42.72,350,
2016-01-15 00:00:00,42.72,350,
2016-01-15 04:00:00,42.73,355,
2016-01-15 08:00:00,42.74,360,0.831
2016-01-15 12:00:00,42.77,373,
2016-01-15 14:00:00,42.78,378,
2016-01-15 16:00:00,42.76,369,
2016-01-15 20:00:00,42.72,350,
2016-01-15 22:00:00,42.71,346,
2016-01-16 00:00:00,42.71,346,
2016-01-16 04:00:00,42.73,355,
2016-01-16 08:00:00,42.73,355,0.866
2016-01-16 10:00:00,42.76,369,
2016-01-16 12:00:00,42.75,364,
2016-01-16 16:00:00,42.74,360,
2016-01-16 20:00:00,42.73,355,
2016-01-17 00:00:00,42.72,350,
2016-01-17 04:00:00,42.67,328,
2016-01-17 08:00:00,42.69,337,0.888
2016-01-17 12:00:00,42.67,328,
2016-01-17 16:00:00,42.66,324,
2016-01-17 20:00:00,42.66,324,
2016-01-18 00:00:00,42.64,315,
2016-01-18 04:00:00,42.66,324,
2016-01-18 08:00:00,42.66,324,0.878
2016-01-18 12:00:00,42.69,337,
2016-01-18 16:00:00,42.7,341,
2016-01-18 18:00:00,42.72,350,
2016-01-18 20:00:00,42.69,337,
2016-01-19 00:00:00,42.72,350,
2016-01-19 04:00:00,42.74,360,
2016-01-19 08:00:00,42.74,360,0.943
2016-01-19 12:00:00,42.79,383,
2016-01-19 16:00:00,42.77,373,
2016-01-19 20:00:00,42.73,355,
2016-01-20 00:00:00,42.75,364,
2016-01-20 04:00:00,42.74,360,
2016-01-20 06:00:00,42.73,355,
2016-01-20 08:00:00,42.75,364,0.875
2016-01-20 12:00:00,42.75,364,
2016-01-20 14:00:00,42.76,369,
2016-01-20 16:00:00,42.76,369,
2016-01-20 20:00:00,42.74,360,
2016-01-21 00:00:00,42.75,364,
2016-01-21 04:00:00,42.73,355,
2016-01-21 08:00:00,42.74,360,1.12
2016-01-21 12:00:00,42.76,369,
2016-01-21 14:00:00,42.78,378,
2016-01-21 16:00:00,42.76,369,
2016-01-21 20:00:00,42.74,360,
2016-01-21 22:00:00,42.72,350,
2016-01-22 00:00:00,42.73,355,
2016-01-22 04:00:00,42.71,346,
2016-01-22 08:00:00,42.7,341,1.18
2016-01-22 12:00:00,42.67,328,
2016-01-22 16:00:00,42.64,315,
2016-01-22 20:00:00,42.63,311,
2016-01-22 22:00:00,42.62,306,
2016-01-23 00:00:00,42.6,298,
2016-01-23 04:00:00,42.6,298,
2016-01-23 08:00:00,42.61,302,0.773
2016-01-23 12:00:00,42.65,319,
2016-01-23 16:00:00,42.61,302,
2016-01-23 20:00:00,42.55,278,
2016-01-24 00:00:00,42.54,274,
2016-01-24 04:00:00,42.47,249,
2016-01-24 08:00:00,42.5,296,0.7
2016-01-24 12:00:00,42.41,270,
2016-01-24 16:00:00,42.3,242,
2016-01-24 20:00:00,42.38,262,
2016-01-25 00:00:00,42.47,287,
2016-01-25 04:00:00,42.49,293,
2016-01-25 08:00:00,42.41,229,0.742
2016-01-25 12:00:00,42.39,223,
2016-01-25 16:00:00,42.44,239,
2016-01-25 20:00:00,42.47,249,
2016-01-26 00:00:00,42.46,246,
2016-01-26 04:00:00,42.47,249,
2016-01-26 08:00:00,42.51,263,1.57
2016-01-26 12:00:00,42.48,252,
2016-01-26 16:00:00,42.54,274,
2016-01-26 20:00:00,42.55,278,
2016-01-27 00:00:00,42.58,290,
2016-01-27 04:00:00,42.55,278,
2016-01-27 08:00:00,42.56,282,1.05
2016-01-27 12:00:00,42.52,267,
2016-01-27 16:00:00,42.51,263,
2016-01-27 20:00:00,42.51,263,
2016-01-28 00:00:00,42.5,260,
2016-01-28 04:00:00,42.48,252,
2016-01-28 08:00:00,42.49,256,1.57
2016-01-28 12:00:00,42.49,256,
2016-01-28 16:00:00,42.54,274,
2016-01-28 20:00:00,42.51,263,
2016-01-29 00:00:00,42.52,267,
2016-01-29 02:00:00,42.44,239,
2016-01-29 04:00:00,42.59,294,
2016-01-29 08:00:00,42.58,243,1.65
2016-01-29 12:00:00,42.62,262,
2016-01-29 16:00:00,42.65,277,
2016-01-29 20:00:00,42.62,262,
2016-01-30 00:00:00,42.64,272,
2016-01-30 04:00:00,42.67,288,
2016-01-30 08:00:00,42.69,298,1.51
2016-01-30 10:00:00,42.73,321,
2016-01-30 12:00:00,42.71,309,
2016-01-30 16:00:00,42.68,293,
2016-01-30 20:00:00,42.68,293,
2016-01-31 00:00:00,42.66,282,
2016-01-31 04:00:00,42.66,282,
2016-01-31 08:00:00,42.66,282,1.34
2016-01-31 12:00:00,42.69,298,
2016-01-31 16:00:00,42.61,258,
2016-01-31 20:00:00,42.62,262,
2016-02-01 00:00:00,42.63,267,
2016-02-01 04:00:00,42.54,226,
2016-02-01 08:00:00,42.62,262,1.38
2016-02-01 12:00:00,42.65,277,
2016-02-01 16:00:00,42.62,262,
2016-02-01 18:00:00,42.69,298,
2016-02-01 20:00:00,42.67,288,
2016-02-02 00:00:00,42.69,298,
2016-02-02 02:00:00,42.68,293,
2016-02-02 04:00:00,42.7,304,
2016-02-02 08:00:00,42.69,298,1.01
2016-02-02 12:00:00,42.78,351,
2016-02-02 16:00:00,42.75,334,
2016-02-02 20:00:00,42.72,315,
2016-02-03 00:00:00,42.74,329,
2016-02-03 04:00:00,42.74,329,
2016-02-03 08:00:00,42.74,329,1.35
2016-02-03 12:00:00,42.72,315,
2016-02-03 16:00:00,42.71,309,
2016-02-03 20:00:00,42.63,267,
2016-02-04 00:00:00,42.68,293,
2016-02-04 02:00:00,42.62,262,
2016-02-04 04:00:00,42.69,298,
2016-02-04 08:00:00,42.68,293,1.16
2016-02-04 10:00:00,42.7,304,
2016-02-04 12:00:00,42.65,277,
2016-02-04 16:00:00,42.62,262,
2016-02-04 20:00:00,42.64,272,
2016-02-05 00:00:00,42.65,277,
2016-02-05 04:00:00,42.66,282,
2016-02-05 08:00:00,42.63,267,1.36
2016-02-05 12:00:00,42.64,272,
2016-02-05 16:00:00,42.58,243,
2016-02-05 20:00:00,42.62,334,
2016-02-06 00:00:00,42.57,318,
2016-02-06 04:00:00,42.56,314,
2016-02-06 08:00:00,42.59,324,1.17
2016-02-06 12:00:00,42.59,324,
2016-02-06 16:00:00,42.54,308,
2016-02-06 20:00:00,42.53,305,
2016-02-07 00:00:00,42.5,296,
2016-02-07 04:00:00,42.56,314,
2016-02-07 08:00:00,42.56,314,1.09
2016-02-07 12:00:00,42.57,318,
2016-02-07 16:00:00,42.52,302,
2016-02-07 20:00:00,42.45,281,
2016-02-08 00:00:00,42.48,290,
2016-02-08 04:00:00,42.5,296,
2016-02-08 08:00:00,42.49,293,0.934
2016-02-08 10:00:00,42.52,302,
2016-02-08 12:00:00,42.52,302,
2016-02-08 16:00:00,42.49,293,
2016-02-08 20:00:00,42.45,281,
2016-02-09 00:00:00,42.39,265,
2016-02-09 04:00:00,42.49,293,
2016-02-09 08:00:00,42.46,284,1.25
2016-02-09 12:00:00,42.46,284,
2016-02-09 14:00:00,42.51,299,
2016-02-09 16:00:00,42.51,299,
2016-02-09 20:00:00,42.38,262,
2016-02-10 00:00:00,42.4,267,
2016-02-10 04:00:00,42.46,284,
2016-02-10 08:00:00,42.47,287,1.18
2016-02-10 10:00:00,42.45,281,
2016-02-10 12:00:00,42.5,296,
2016-02-10 16:00:00,42.5,296,
2016-02-10 20:00:00,42.4,267,
2016-02-11 00:00:00,42.46,284,
2016-02-11 02:00:00,42.41,270,
2016-02-11 04:00:00,42.47,287,
2016-02-11 08:00:00,42.42,273,0.904
2016-02-11 12:00:00,42.41,270,
2016-02-11 16:00:00,42.4,267,
2016-02-11 20:00:00,42.4,267,
2016-02-12 00:00:00,42.4,267,
2016-02-12 04:00:00,42.39,265,
2016-02-12 08:00:00,42.4,267,0.771
2016-02-12 12:00:00,42.4,267,
2016-02-12 14:00:00,42.42,273,
2016-02-12 16:00:00,42.42,273,
2016-02-12 20:00:00,42.4,267,
2016-02-13 00:00:00,42.44,278,
2016-02-13 02:00:00,42.46,284,
2016-02-13 04:00:00,42.47,287,
2016-02-13 08:00:00,42.47,287,1.37
2016-02-13 12:00:00,42.47,287,
2016-02-13 14:00:00,42.45,281,
2016-02-13 16:00:00,42.47,287,
2016-02-13 18:00:00,42.45,281,
2016-02-13 20:00:00,42.47,287,
2016-02-14 00:00:00,42.47,287,
2016-02-14 04:00:00,42.49,293,
2016-02-14 06:00:00,42.45,281,
2016-02-14 08:00:00,42.52,302,1.06
2016-02-14 12:00:00,42.5,296,
2016-02-14 16:00:00,42.51,299,
2016-02-14 20:00:00,42.53,305,
2016-02-15 00:00:00,42.53,305,
2016-02-15 02:00:00,42.48,290,
2016-02-15 04:00:00,42.51,299,
2016-02-15 08:00:00,42.49,293,0.852
2016-02-15 12:00:00,42.55,311,
2016-02-15 16:00:00,42.54,308,
2016-02-15 20:00:00,42.51,299,
2016-02-16 00:00:00,42.51,299,
2016-02-16 04:00:00,42.49,293,
2016-02-16 08:00:00,42.51,299,0.825
2016-02-16 12:00:00,42.53,305,
2016-02-16 14:00:00,42.57,318,
2016-02-16 16:00:00,42.54,308,
2016-02-16 20:00:00,42.54,308,
2016-02-17 00:00:00,42.52,302,
2016-02-17 02:00:00,42.54,308,
2016-02-17 04:00:00,42.46,284,
2016-02-17 08:00:00,42.5,296,1.14
2016-02-17 12:00:00,42.52,302,
2016-02-17 16:00:00,42.52,302,
2016-02-17 20:00:00,42.48,290,
2016-02-18 00:00:00,42.47,287,
2016-02-18 04:00:00,42.47,287,
2016-02-18 08:00:00,42.5,296,0.888
2016-02-18 12:00:00,42.52,302,
2016-02-18 14:00:00,42.5,260,
2016-02-18 16:00:00,42.5,260,
2016-02-18 20:00:00,42.43,236,
2016-02-19 00:00:00,42.47,249,
2016-02-19 02:00:00,42.49,256,
2016-02-19 04:00:00,42.48,252,
2016-02-19 08:00:00,42.49,256,0.81
2016-02-19 12:00:00,42.49,256,
2016-02-19 16:00:00,42.47,249,
2016-02-19 20:00:00,42.42,232,
2016-02-20 00:00:00,42.46,246,
2016-02-20 04:00:00,42.44,239,
2016-02-20 08:00:00,42.45,242,0.59
2016-02-20 12:00:00,42.47,249,
2016-02-20 16:00:00,42.46,246,
2016-02-20 20:00:00,42.44,239,
2016-02-20 22:00:00,42.43,236,
2016-02-21 00:00:00,42.44,239,
2016-02-21 04:00:00,42.44,239,
2016-02-21 08:00:00,42.46,246,0.7
2016-02-21 10:00:00,42.48,252,
2016-02-21 12:00:00,42.47,249,
2016-02-21 16:00:00,42.46,246,
2016-02-21 20:00:00,42.42,232,
2016-02-22 00:00:00,42.43,236,
2016-02-22 04:00:00,42.44,239,
2016-02-22 08:00:00,42.47,249,0.87
2016-02-22 12:00:00,42.47,249,
2016-02-22 14:00:00,42.51,263,
2016-02-22 16:00:00,42.5,260,
2016-02-22 20:00:00,42.42,232,
2016-02-23 00:00:00,42.5,260,
2016-02-23 04:00:00,42.44,239,
2016-02-23 08:00:00,42.46,246,0.942
2016-02-23 12:00:00,42.46,246,
2016-02-23 16:00:00,42.43,236,
2016-02-23 20:00:00,42.45,242,
2016-02-23 22:00:00,42.41,229,
2016-02-24 00:00:00,42.43,236,
2016-02-24 04:00:00,42.4,226,
2016-02-24 08:00:00,42.46,246,0.912
2016-02-24 12:00:00,42.46,246,
2016-02-24 16:00:00,42.43,236,
2016-02-24 20:00:00,42.39,223,
2016-02-25 00:00:00,42.4,226,
2016-02-25 04:00:00,42.46,246,
2016-02-25 08:00:00,42.47,249,0.739
2016-02-25 12:00:00,42.49,256,
2016-02-25 16:00:00,42.46,246,
2016-02-25 20:00:00,42.4,226,
2016-02-26 00:00:00,42.41,270,
2016-02-26 04:00:00,42.46,284,
2016-02-26 08:00:00,42.42,273,0.936
2016-02-26 12:00:00,42.43,276,
2016-02-26 16:00:00,42.43,276,
2016-02-26 20:00:00,42.34,252,
2016-02-27 00:00:00,42.4,267,
2016-02-27 04:00:00,42.4,267,
2016-02-27 08:00:00,42.43,276,0.994
2016-02-27 12:00:00,42.43,276,
2016-02-27 14:00:00,42.44,278,
2016-02-27 16:00:00,42.41,270,
2016-02-27 20:00:00,42.36,257,
2016-02-28 00:00:00,42.36,257,
2016-02-28 04:00:00,42.37,259,
2016-02-28 06:00:00,42.33,249,
2016-02-28 08:00:00,42.36,257,0.717
2016-02-28 12:00:00,42.39,265,
2016-02-28 16:00:00,42.37,259,
2016-02-28 20:00:00,42.34,252,
2016-02-28 22:00:00,42.4,267,
2016-02-29 00:00:00,42.37,259,
2016-02-29 04:00:00,42.38,262,
2016-02-29 08:00:00,42.35,254,0.779
2016-02-29 10:00:00,42.42,273,
2016-02-29 12:00:00,42.42,273,
2016-02-29 16:00:00,42.39,265,
2016-02-29 20:00:00,42.41,270,
2016-03-01 00:00:00,42.36,257,
2016-03-01 04:00:00,42.38,262,
2016-03-01 08:00:00,42.39,265,0.681
2016-03-01 12:00:00,42.42,273,
2016-03-01 16:00:00,42.43,276,
2016-03-01 18:00:00,42.46,284,
2016-03-01 20:00:00,42.43,187,
2016-03-02 00:00:00,42.48,225,
2016-03-02 04:00:00,42.54,273,
2016-03-02 08:00:00,42.58,308,1.45
2016-03-02 12:00:00,42.67,389,
2016-03-02 16:00:00,42.68,399,
2016-03-02 18:00:00,42.73,446,
2016-03-02 20:00:00,42.67,389,
2016-03-03 00:00:00,42.68,399,
2016-03-03 04:00:00,42.67,389,
2016-03-03 08:00:00,42.67,389,1.6
2016-03-03 12:00:00,42.72,437,
2016-03-03 16:00:00,42.65,371,
2016-03-03 20:00:00,42.58,308,
2016-03-03 22:00:00,42.56,290,
2016-03-04 00:00:00,42.57,299,
2016-03-04 04:00:00,42.57,299,
2016-03-04 08:00:00,42.53,265,1.39
2016-03-04 12:00:00,42.6,326,
2016-03-04 16:00:00,42.56,290,
2016-03-04 20:00:00,42.56,290,
2016-03-05 00:00:00,42.57,299,
2016-03-05 04:00:00,42.57,299,
2016-03-05 08:00:00,42.52,257,1.02
2016-03-05 12:00:00,42.5,241,
2016-03-05 16:00:00,42.58,308,
2016-03-05 20:00:00,42.58,308,
2016-03-06 00:00:00,42.54,273,
2016-03-06 04:00:00,42.62,344,
2016-03-06 08:00:00,42.78,493,3.81
2016-03-06 09:00:00,42.83,539,
2016-03-06 10:00:00,42.88,585,
2016-03-06 12:00:00,42.85,558,
2016-03-06 16:00:00,42.86,566,
2016-03-06 20:00:00,42.87,576,
2016-03-07 00:00:00,42.86,566,
2016-03-07 04:00:00,42.85,558,
2016-03-07 08:00:00,42.86,566,3.02
2016-03-07 12:00:00,42.87,576,
2016-03-07 14:00:00,42.9,604,
2016-03-07 16:00:00,42.86,566,
2016-03-07 20:00:00,42.85,558,
2016-03-08 00:00:00,42.88,585,
2016-03-08 04:00:00,42.86,566,
2016-03-08 06:00:00,42.84,549,
2016-03-08 08:00:00,42.86,566,2.74
2016-03-08 12:00:00,42.91,613,
2016-03-08 16:00:00,43.0,699,
2016-03-08 18:00:00,43.03,728,
2016-03-08 20:00:00,43.0,699,
2016-03-09 00:00:00,42.94,642,
2016-03-09 04:00:00,42.93,632,
2016-03-09 06:00:00,42.91,613,
2016-03-09 08:00:00,42.92,623,2.06
2016-03-09 09:00:00,42.93,632,
2016-03-09 12:00:00,42.95,651,
2016-03-09 16:00:00,42.97,670,
2016-03-09 18:00:00,43.0,699,
2016-03-09 20:00:00,42.96,661,
2016-03-10 00:00:00,42.96,661,
2016-03-10 04:00:00,42.95,651,
2016-03-10 08:00:00,42.97,670,2.6
2016-03-10 12:00:00,42.95,651,
2016-03-10 16:00:00,43.03,728,
2016-03-10 20:00:00,42.98,680,
2016-03-11 00:00:00,42.95,651,
2016-03-11 04:00:00,42.91,613,
2016-03-11 08:00:00,42.93,632,2.04
2016-03-11 12:00:00,43.0,699,
2016-03-11 14:00:00,43.01,709,
2016-03-11 16:00:00,42.98,680,
2016-03-11 20:00:00,42.93,632,
2016-03-12 00:00:00,42.9,604,
2016-03-12 04:00:00,42.91,613,
2016-03-12 06:00:00,42.88,585,
2016-03-12 08:00:00,42.96,661,2.28
2016-03-12 12:00:00,42.92,623,
2016-03-12 16:00:00,43.13,829,
2016-03-12 20:00:00,43.0,699,
2016-03-13 00:00:00,42.98,680,
2016-03-13 04:00:00,42.94,642,
2016-03-13 08:00:00,42.93,632,1.66
2016-03-13 12:00:00,42.92,623,
2016-03-13 16:00:00,42.96,661,
2016-03-13 20:00:00,43.13,829,
2016-03-14 00:00:00,43.03,728,
2016-03-14 04:00:00,42.97,670,
2016-03-14 08:00:00,42.93,632,1.62
2016-03-14 12:00:00,42.97,670,
2016-03-14 16:00:00,42.94,642,
2016-03-14 20:00:00,42.87,576,
2016-03-15 00:00:00,42.89,594,
2016-03-15 04:00:00,42.87,576,
2016-03-15 06:00:00,42.86,566,
2016-03-15 08:00:00,42.93,632,1.95
2016-03-15 12:00:00,42.99,690,
2016-03-15 16:00:00,42.94,642,
2016-03-15 20:00:00,42.93,632,
2016-03-16 00:00:00,42.95,651,
2016-03-16 02:00:00,42.91,613,
2016-03-16 04:00:00,42.93,632,
2016-03-16 08:00:00,42.97,670,2.22
2016-03-16 12:00:00,42.99,690,
2016-03-16 14:00:00,43.0,699,
2016-03-16 16:00:00,42.97,670,
2016-03-16 20:00:00,42.94,642,
2016-03-17 00:00:00,42.94,642,
2016-03-17 04:00:00,42.94,642,
2016-03-17 08:00:00,42.93,632,1.79
2016-03-17 12:00:00,42.94,642,
2016-03-17 16:00:00,42.95,651,
2016-03-17 20:00:00,42.95,651,
2016-03-18 00:00:00,42.94,642,
2016-03-18 04:00:00,42.95,651,
2016-03-18 06:00:00,42.92,623,
2016-03-18 08:00:00,42.94,642,1.79
2016-03-18 12:00:00,42.97,670,
2016-03-18 14:00:00,42.98,680,
2016-03-18 16:00:00,42.98,680,
2016-03-18 20:00:00,42.93,632,
2016-03-19 00:00:00,42.95,651,
2016-03-19 04:00:00,42.95,651,
2016-03-19 08:00:00,42.96,661,1.73
2016-03-19 10:00:00,43.0,699,
2016-03-19 12:00:00,42.95,651,
2016-03-19 16:00:00,42.97,670,
2016-03-19 20:00:00,42.93,632,
2016-03-20 00:00:00,42.95,651,
2016-03-20 04:00:00,42.94,642,
2016-03-20 08:00:00,42.95,651,1.8
2016-03-20 12:00:00,42.97,670,
2016-03-20 14:00:00,43.01,709,
2016-03-20 16:00:00,42.96,661,
2016-03-20 20:00:00,42.94,642,
2016-03-21 00:00:00,42.93,632,
2016-03-21 04:00:00,42.98,680,
2016-03-21 08:00:00,43.0,699,2.6
2016-03-21 12:00:00,43.01,709,
2016-03-21 16:00:00,43.02,718,
2016-03-21 20:00:00,42.98,680,
2016-03-22 00:00:00,42.96,661,
2016-03-22 04:00:00,43.0,699,
2016-03-22 08:00:00,43.0,699,2.47
2016-03-22 12:00:00,43.06,758,
2016-03-22 16:00:00,43.04,738,
2016-03-22 20:00:00,43.02,718,
2016-03-23 00:00:00,43.03,728,
2016-03-23 04:00:00,43.05,748,
2016-03-23 08:00:00,43.06,758,2.34
2016-03-23 10:00:00,43.09,788,
2016-03-23 12:00:00,43.07,768,
2016-03-23 16:00:00,43.07,768,
2016-03-23 20:00:00,43.08,778,
2016-03-24 00:00:00,43.09,788,
2016-03-24 04:00:00,43.09,788,
2016-03-24 08:00:00,43.12,819,2.53
2016-03-24 10:00:00,43.15,849,
2016-03-24 12:00:00,43.12,819,
2016-03-24 16:00:00,43.14,839,
2016-03-24 20:00:00,43.11,808,
2016-03-25 00:00:00,43.09,788,
2016-03-25 04:00:00,43.1,798,
2016-03-25 08:00:00,43.11,808,2.11
2016-03-25 10:00:00,43.13,829,
2016-03-25 12:00:00,43.13,829,
2016-03-25 16:00:00,43.1,798,
2016-03-25 20:00:00,43.07,768,
2016-03-25 22:00:00,43.06,758,
2016-03-26 00:00:00,43.06,758,
2016-03-26 04:00:00,43.07,768,
2016-03-26 08:00:00,43.07,768,1.67
2016-03-26 10:00:00,43.11,808,
2016-03-26 12:00:00,43.09,788,
2016-03-26 16:00:00,43.05,748,
2016-03-26 20:00:00,43.04,738,
2016-03-27 00:00:00,43.0,699,
2016-03-27 04:00:00,43.02,718,
2016-03-27 08:00:00,43.04,738,1.61
2016-03-27 10:00:00,43.09,788,
2016-03-27 12:00:00,43.06,758,
2016-03-27 16:00:00,43.04,738,
2016-03-27 20:00:00,42.99,690,
2016-03-27 22:00:00,42.97,670,
2016-03-28 00:00:00,42.99,690,
2016-03-28 02:00:00,42.98,680,
2016-03-28 04:00:00,42.98,680,
2016-03-28 06:00:00,43.04,738,
2016-03-28 08:00:00,42.99,690,1.69
2016-03-28 09:00:00,43.02,718,
2016-03-28 12:00:00,43.04,738,
2016-03-28 20:00:00,43.01,709,
2016-03-29 00:00:00,43.01,709,
2016-03-29 04:00:00,42.97,670,
2016-03-29 08:00:00,43.03,728,1.81
2016-03-29 12:00:00,43.16,860,
2016-03-29 14:00:00,43.22,923,
2016-03-29 16:00:00,43.17,870,
2016-03-29 20:00:00,43.03,728,
2016-03-30 00:00:00,42.99,690,
2016-03-30 04:00:00,42.98,680,
2016-03-30 08:00:00,43.0,699,1.52
2016-03-30 10:00:00,43.02,718,
2016-03-30 12:00:00,43.0,699,
2016-03-30 16:00:00,43.01,709,
2016-03-30 20:00:00,42.99,690,
2016-03-30 22:00:00,42.97,670,
2016-03-31 00:00:00,42.97,670,
2016-03-31 04:00:00,42.96,661,
2016-03-31 08:00:00,42.93,632,1.75
2016-03-31 09:00:00,42.96,661,
2016-03-31 12:00:00,43.0,699,
2016-03-31 16:00:00,42.98,680,
2016-03-31 20:00:00,42.96,661,
2016-04-01 00:00:00,42.96,661,
2016-04-01 04:00:00,42.95,651,
2016-04-01 08:00:00,42.97,670,2.0
2016-04-01 12:00:00,42.99,690,
2016-04-01 16:00:00,42.99,690,
2016-04-01 18:00:00,43.01,709,
2016-04-01 20:00:00,42.97,670,
2016-04-02 00:00:00,42.98,680,
2016-04-02 04:00:00,42.96,661,
2016-04-02 08:00:00,42.96,661,1.52
2016-04-02 12:00:00,43.01,709,
2016-04-02 16:00:00,43.0,699,
2016-04-02 20:00:00,42.97,670,
2016-04-03 00:00:00,42.96,661,
2016-04-03 04:00:00,42.98,680,
2016-04-03 08:00:00,42.98,680,2.18
2016-04-03 12:00:00,43.0,699,
2016-04-03 16:00:00,42.96,661,
2016-04-03 20:00:00,43.0,699,
2016-04-03 22:00:00,43.01,709,
2016-04-04 00:00:00,43.0,699,
2016-04-04 04:00:00,43.03,728,
2016-04-04 08:00:00,43.0,699,2.4
2016-04-04 12:00:00,43.0,699,
2016-04-04 16:00:00,43.01,709,
2016-04-04 20:00:00,43.01,709,
2016-04-05 00:00:00,42.99,690,
2016-04-05 04:00:00,42.99,690,
2016-04-05 08:00:00,43.03,728,2.21
2016-04-05 12:00:00,43.06,758,
2016-04-05 16:00:00,43.03,728,
2016-04-05 20:00:00,43.0,699,
2016-04-06 00:00:00,43.0,699,
2016-04-06 04:00:00,43.02,718,
2016-04-06 08:00:00,43.02,718,2.26
2016-04-06 10:00:00,43.04,738,
2016-04-06 12:00:00,43.03,728,
2016-04-06 16:00:00,43.04,738,
2016-04-06 20:00:00,43.01,709,
2016-04-07 00:00:00,43.02,718,
2016-04-07 04:00:00,43.03,728,
2016-04-07 08:00:00,43.02,718,2.42
2016-04-07 12:00:00,43.03,728,
2016-04-07 14:00:00,43.07,768,
2016-04-07 16:00:00,43.01,709,
2016-04-07 20:00:00,43.04,738,
2016-04-08 00:00:00,43.0,699,
2016-04-08 04:00:00,43.02,718,
2016-04-08 08:00:00,43.02,718,2.12
2016-04-08 12:00:00,43.04,738,
2016-04-08 14:00:00,43.05,748,
2016-04-08 16:00:00,43.03,728,
2016-04-08 20:00:00,43.02,718,
2016-04-09 00:00:00,43.03,728,
2016-04-09 04:00:00,43.03,728,
2016-04-09 08:00:00,43.02,718,1.87
2016-04-09 12:00:00,43.06,758,
2016-04-09 14:00:00,43.08,778,
2016-04-09 16:00:00,43.05,748,
2016-04-09 20:00:00,43.01,709,
2016-04-09 22:00:00,43.0,699,
2016-04-10 00:00:00,43.01,709,
2016-04-10 04:00:00,42.99,690,
2016-04-10 08:00:00,43.0,699,1.52
2016-04-10 12:00:00,43.04,738,
2016-04-10 16:00:00,43.01,709,
2016-04-10 20:00:00,42.96,661,
2016-04-10 22:00:00,42.93,632,
2016-04-11 00:00:00,42.96,661,
2016-04-11 04:00:00,42.96,661,
2016-04-11 08:00:00,42.98,680,1.6
2016-04-11 12:00:00,42.96,661,
2016-04-11 16:00:00,42.99,690,
2016-04-11 18:00:00,43.0,699,
2016-04-11 20:00:00,42.97,670,
2016-04-12 00:00:00,42.97,670,
2016-04-12 02:00:00,42.96,661,
2016-04-12 04:00:00,43.01,709,
2016-04-12 08:00:00,43.02,718,1.71
2016-04-12 12:00:00,43.01,709,
2016-04-12 14:00:00,43.05,748,
2016-04-12 16:00:00,43.04,738,
2016-04-12 20:00:00,42.97,670,
2016-04-13 00:00:00,42.98,680,
2016-04-13 04:00:00,42.98,680,
2016-04-13 08:00:00,42.97,670,0.98
2016-04-13 12:00:00,43.01,709,
2016-04-13 16:00:00,42.96,661,
2016-04-13 20:00:00,42.91,613,
2016-04-14 00:00:00,42.93,632,
2016-04-14 04:00:00,42.95,651,
2016-04-14 08:00:00,42.93,632,1.3
2016-04-14 12:00:00,42.98,680,
2016-04-14 16:00:00,42.95,651,
2016-04-14 20:00:00,42.94,642,
2016-04-14 22:00:00,42.9,604,
2016-04-15 00:00:00,42.93,632,
2016-04-15 04:00:00,42.91,613,
2016-04-15 08:00:00,42.92,623,1.56
2016-04-15 12:00:00,42.9,604,
2016-04-15 14:00:00,42.89,594,
2016-04-15 16:00:00,42.89,594,
2016-04-15 20:00:00,42.9,604,
2016-04-16 00:00:00,42.89,594,
2016-04-16 02:00:00,42.89,594,
2016-04-16 08:00:00,42.88,585,1.35
2016-04-16 14:00:00,42.91,613,
2016-04-16 20:00:00,42.91,613,
2016-04-17 00:00:00,42.89,594,
2016-04-17 02:00:00,42.89,594,
2016-04-17 08:00:00,42.9,604,1.34
2016-04-17 14:00:00,42.92,623,
2016-04-17 20:00:00,42.89,594,
2016-04-18 00:00:00,42.9,604,
2016-04-18 02:00:00,42.92,623,
2016-04-18 08:00:00,42.89,594,1.35
2016-04-18 14:00:00,42.93,632,
2016-04-18 20:00:00,42.88,585,
2016-04-19 00:00:00,42.89,594,
2016-04-19 02:00:00,42.9,604,
2016-04-19 08:00:00,42.9,604,1.44
2016-04-19 14:00:00,42.9,604,
2016-04-19 20:00:00,42.9,604,
2016-04-20 00:00:00,42.9,604,
2016-04-20 02:00:00,42.89,594,
2016-04-20 08:00:00,42.89,594,1.65
2016-04-20 14:00:00,42.87,576,
2016-04-20 20:00:00,42.88,585,
2016-04-21 00:00:00,42.88,585,
2016-04-21 02:00:00,42.88,585,
2016-04-21 08:00:00,42.87,576,1.21
2016-04-21 14:00:00,42.85,558,
2016-04-21 20:00:00,42.84,549,
2016-04-22 00:00:00,42.84,549,
2016-04-22 02:00:00,42.83,539,
2016-04-22 08:00:00,42.82,530,1.36
2016-04-22 14:00:00,42.81,521,
2016-04-22 20:00:00,42.79,502,
2016-04-23 00:00:00,42.8,512,
2016-04-23 02:00:00,42.79,502,
2016-04-23 08:00:00,42.79,502,1.18
2016-04-23 14:00:00,42.79,502,
2016-04-23 20:00:00,42.79,502,
2016-04-24 00:00:00,42.8,512,
2016-04-24 02:00:00,42.8,512,
2016-04-24 08:00:00,42.78,493,1.41
2016-04-24 14:00:00,42.79,502,
2016-04-24 20:00:00,42.79,502,
2016-04-25 00:00:00,42.77,484,
2016-04-25 02:00:00,42.79,567,
2016-04-25 08:00:00,42.77,549,1.05
2016-04-25 14:00:00,42.76,539,
2016-04-25 20:00:00,42.74,521,
2016-04-26 00:00:00,42.73,512,
2016-04-26 02:00:00,42.74,521,
2016-04-26 08:00:00,42.75,530,1.08
2016-04-26 14:00:00,42.74,521,
2016-04-26 20:00:00,42.74,521,
2016-04-27 00:00:00,42.74,521,
2016-04-27 02:00:00,42.76,539,
2016-04-27 08:00:00,42.72,502,1.35
2016-04-27 14:00:00,42.71,493,
2016-04-27 20:00:00,42.71,493,
2016-04-28 00:00:00,42.71,493,
2016-04-28 02:00:00,42.7,483,
2016-04-28 08:00:00,42.71,493,0.779
2016-04-28 14:00:00,42.68,466,
2016-04-28 20:00:00,42.69,475,
2016-04-29 00:00:00,42.69,475,
2016-04-29 02:00:00,42.71,493,
2016-04-29 08:00:00,42.7,483,0.687
2016-04-29 10:00:00,42.73,512,
2016-04-29 14:00:00,42.7,483,
2016-04-29 20:00:00,42.69,475,
2016-04-30 00:00:00,42.69,475,
2016-04-30 02:00:00,42.69,475,
2016-04-30 08:00:00,42.69,475,1.02
2016-04-30 14:00:00,42.68,466,
2016-04-30 20:00:00,42.67,457,
2016-05-01 00:00:00,42.66,448,
2016-05-01 02:00:00,42.66,448,
2016-05-01 08:00:00,42.65,440,0.866
2016-05-01 14:00:00,42.64,431,
2016-05-01 20:00:00,42.64,431,
2016-05-02 00:00:00,42.64,431,
2016-05-02 02:00:00,42.63,423,
2016-05-02 08:00:00,42.63,423,0.833
2016-05-02 14:00:00,42.62,415,
2016-05-02 20:00:00,42.73,512,
2016-05-03 00:00:00,42.67,457,
2016-05-03 02:00:00,42.66,448,
2016-05-03 08:00:00,42.63,423,0.908
2016-05-03 14:00:00,42.62,415,
2016-05-03 20:00:00,42.61,407,
2016-05-04 00:00:00,42.6,398,
2016-05-04 02:00:00,42.6,398,
2016-05-04 08:00:00,42.59,390,1.0
2016-05-04 14:00:00,42.59,390,
2016-05-04 20:00:00,42.59,390,
2016-05-05 00:00:00,42.58,383,
2016-05-05 02:00:00,42.59,390,
2016-05-05 08:00:00,42.58,383,1.19
2016-05-05 14:00:00,42.56,367,
2016-05-05 20:00:00,42.54,352,
2016-05-06 00:00:00,42.54,352,
2016-05-06 02:00:00,42.52,337,
2016-05-06 08:00:00,42.56,490,0.716
2016-05-06 14:00:00,42.61,539,
2016-05-06 20:00:00,42.55,480,
2016-05-07 00:00:00,42.54,470,
2016-05-07 02:00:00,42.54,470,
2016-05-07 08:00:00,42.54,470,0.676
2016-05-07 14:00:00,42.56,490,
2016-05-07 20:00:00,42.57,500,
2016-05-08 00:00:00,42.54,470,
2016-05-08 02:00:00,42.55,480,
2016-05-08 08:00:00,42.52,452,0.792
2016-05-08 14:00:00,42.52,452,
2016-05-08 20:00:00,42.52,452,
2016-05-09 00:00:00,42.54,470,
2016-05-09 02:00:00,42.52,452,
2016-05-09 08:00:00,42.52,452,0.638
2016-05-09 14:00:00,42.58,510,
2016-05-09 20:00:00,42.55,480,
2016-05-10 00:00:00,42.53,461,
2016-05-10 02:00:00,42.53,461,
2016-05-10 08:00:00,42.53,461,0.526
2016-05-10 14:00:00,42.51,442,
2016-05-10 20:00:00,42.51,442,
2016-05-11 00:00:00,42.51,442,
2016-05-11 02:00:00,42.5,433,
2016-05-11 08:00:00,42.5,433,0.823
2016-05-11 10:00:00,42.49,424,
2016-05-11 14:00:00,42.47,406,
2016-05-11 20:00:00,42.48,415,
2016-05-12 00:00:00,42.48,415,
2016-05-12 02:00:00,42.48,415,
2016-05-12 08:00:00,42.48,415,0.71
2016-05-12 14:00:00,42.46,397,
2016-05-12 20:00:00,42.54,470,
2016-05-13 00:00:00,42.5,433,
2016-05-13 02:00:00,42.49,424,
2016-05-13 08:00:00,42.46,397,0.692
2016-05-13 14:00:00,42.46,397,
2016-05-13 20:00:00,42.47,406,
2016-05-14 00:00:00,42.47,406,
2016-05-14 02:00:00,42.48,415,
2016-05-14 08:00:00,42.47,406,0.77
2016-05-14 14:00:00,42.47,406,
2016-05-14 20:00:00,42.49,424,
2016-05-15 00:00:00,42.5,433,
2016-05-15 02:00:00,42.49,424,
2016-05-15 08:00:00,42.49,424,0.553
2016-05-15 10:00:00,42.47,406,0.632
2016-05-15 14:00:00,42.47,406,
2016-05-15 20:00:00,42.5,433,
2016-05-16 00:00:00,42.47,406,
2016-05-16 02:00:00,42.48,415,
2016-05-16 08:00:00,42.47,406,0.598
2016-05-16 14:00:00,42.46,397,
2016-05-16 20:00:00,42.46,397,
2016-05-17 00:00:00,42.46,397,
2016-05-17 02:00:00,42.46,397,
2016-05-17 08:00:00,42.45,388,0.792
2016-05-17 14:00:00,42.43,371,
2016-05-17 20:00:00,42.43,371,
2016-05-18 00:00:00,42.43,371,
2016-05-18 02:00:00,42.44,380,
2016-05-18 08:00:00,42.44,380,0.769
2016-05-18 14:00:00,42.43,371,
2016-05-18 20:00:00,42.44,380,
2016-05-19 00:00:00,42.44,380,
2016-05-19 02:00:00,42.45,388,
2016-05-19 08:00:00,42.44,380,0.713
2016-05-19 14:00:00,42.42,362,
2016-05-19 20:00:00,42.42,362,
2016-05-20 00:00:00,42.42,362,
2016-05-20 02:00:00,42.44,380,
2016-05-20 08:00:00,42.43,371,0.539
2016-05-20 14:00:00,42.43,371,
2016-05-20 20:00:00,42.44,380,
2016-05-21 00:00:00,42.43,371,
2016-05-21 02:00:00,42.43,371,
2016-05-21 08:00:00,42.43,371,0.622
2016-05-21 14:00:00,42.42,362,
2016-05-21 20:00:00,42.42,362,
2016-05-22 00:00:00,42.44,380,
2016-05-22 02:00:00,42.43,371,
2016-05-22 08:00:00,42.41,354,0.578
2016-05-22 14:00:00,42.41,354,
2016-05-22 20:00:00,42.41,354,
2016-05-23 00:00:00,42.4,345,
2016-05-23 02:00:00,42.39,336,
2016-05-23 08:00:00,42.4,399,0.738
2016-05-23 10:00:00,42.4,399,
2016-05-23 14:00:00,42.39,392,
2016-05-23 20:00:00,42.4,399,
2016-05-24 00:00:00,42.39,392,
2016-05-24 02:00:00,42.38,385,
2016-05-24 08:00:00,42.38,385,0.536
2016-05-24 14:00:00,42.39,392,
2016-05-24 20:00:00,42.37,378,
2016-05-25 00:00:00,42.38,385,
2016-05-25 02:00:00,42.37,378,
2016-05-25 08:00:00,42.36,372,0.55
2016-05-25 14:00:00,42.34,359,
2016-05-25 20:00:00,42.37,378,
2016-05-26 00:00:00,42.36,372,
2016-05-26 02:00:00,42.35,365,
2016-05-26 08:00:00,42.34,359,0.493
2016-05-26 14:00:00,42.33,353,
2016-05-26 20:00:00,42.33,353,
2016-05-27 00:00:00,42.32,347,
2016-05-27 02:00:00,42.33,353,
2016-05-27 08:00:00,42.3,335,0.477
2016-05-27 14:00:00,42.31,341,
2016-05-27 20:00:00,42.32,347,
2016-05-28 00:00:00,42.31,341,
2016-05-28 02:00:00,42.3,335,
2016-05-28 08:00:00,42.32,347,0.502
2016-05-28 14:00:00,42.31,341,
2016-05-28 20:00:00,42.32,347,
2016-05-29 00:00:00,42.32,347,
2016-05-29 02:00:00,42.31,341,
2016-05-29 08:00:00,42.32,347,0.497
2016-05-29 14:00:00,42.33,353,
2016-05-29 20:00:00,42.33,353,
2016-05-30 00:00:00,42.32,347,
2016-05-30 02:00:00,42.32,347,
2016-05-30 08:00:00,42.3,335,0.51
2016-05-30 14:00:00,42.29,329,
2016-05-30 20:00:00,42.3,335,
2016-05-31 00:00:00,42.3,335,
2016-05-31 02:00:00,42.3,335,
2016-05-31 08:00:00,42.3,335,0.597
2016-05-31 10:00:00,42.31,341,
2016-05-31 14:00:00,42.32,347,
2016-05-31 20:00:00,42.3,335,
2016-06-01 00:00:00,42.31,341,
2016-06-01 01:00:00,42.3,335,
2016-06-01 04:00:00,42.31,341,
2016-06-01 07:00:00,42.34,359,
2016-06-01 08:00:00,42.34,359,0.543
2016-06-01 12:00:00,42.32,347,
2016-06-01 16:00:00,42.31,341,
2016-06-01 20:00:00,42.31,341,
2016-06-02 00:00:00,42.31,341,
2016-06-02 04:00:00,42.32,347,
2016-06-02 08:00:00,42.32,347,0.518
2016-06-02 12:00:00,42.33,353,
2016-06-02 16:00:00,42.31,341,
2016-06-02 20:00:00,42.31,341,
2016-06-03 00:00:00,42.32,347,
2016-06-03 04:00:00,42.32,347,
2016-06-03 08:00:00,42.32,347,0.589
2016-06-03 10:00:00,42.31,341,
2016-06-03 12:00:00,42.34,359,
2016-06-03 16:00:00,42.33,353,
2016-06-03 20:00:00,42.32,347,
2016-06-04 00:00:00,42.33,353,
2016-06-04 04:00:00,42.34,359,
2016-06-04 08:00:00,42.34,359,0.522
2016-06-04 12:00:00,42.34,359,
2016-06-04 14:00:00,42.32,347,
2016-06-04 16:00:00,42.33,353,
2016-06-04 20:00:00,42.33,353,
2016-06-05 00:00:00,42.32,347,
2016-06-05 04:00:00,42.33,353,
2016-06-05 06:00:00,42.34,359,
2016-06-05 08:00:00,42.34,359,0.625
2016-06-05 12:00:00,42.33,353,
2016-06-05 16:00:00,42.31,341,
2016-06-05 20:00:00,42.31,341,
2016-06-06 00:00:00,42.31,341,
2016-06-06 04:00:00,42.3,335,
2016-06-06 08:00:00,42.28,323,0.518
2016-06-06 12:00:00,42.27,317,
2016-06-06 16:00:00,42.26,312,
2016-06-06 18:00:00,42.25,306,
2016-06-06 20:00:00,42.26,312,
2016-06-07 00:00:00,42.24,301,
2016-06-07 04:00:00,42.24,301,
2016-06-07 08:00:00,42.27,317,0.495
2016-06-07 12:00:00,42.24,301,
2016-06-07 16:00:00,42.23,295,
2016-06-07 20:00:00,42.21,285,
2016-06-08 00:00:00,42.19,275,
2016-06-08 02:00:00,42.21,285,
2016-06-08 04:00:00,42.2,280,
2016-06-08 08:00:00,42.2,280,0.564
2016-06-08 12:00:00,42.21,285,
2016-06-08 16:00:00,42.2,280,
2016-06-08 20:00:00,42.2,280,
2016-06-09 00:00:00,42.2,280,
2016-06-09 04:00:00,42.21,285,
2016-06-09 06:00:00,42.22,290,
2016-06-09 08:00:00,42.22,290,0.498
2016-06-09 12:00:00,42.2,280,
2016-06-09 16:00:00,42.21,285,
2016-06-09 20:00:00,42.21,285,
2016-06-10 00:00:00,42.21,285,
2016-06-10 04:00:00,42.22,290,
2016-06-10 08:00:00,42.22,290,0.479
2016-06-10 12:00:00,42.22,290,
2016-06-10 16:00:00,42.22,290,
2016-06-10 20:00:00,42.24,301,
2016-06-11 00:00:00,42.24,301,
2016-06-11 02:00:00,42.25,306,
2016-06-11 04:00:00,42.25,306,
2016-06-11 08:00:00,42.25,306,0.408
2016-06-11 10:00:00,42.22,290,
2016-06-11 12:00:00,42.23,295,
2016-06-11 16:00:00,42.24,301,
2016-06-11 20:00:00,42.23,295,
2016-06-12 00:00:00,42.22,290,
2016-06-12 04:00:00,42.23,295,
2016-06-12 08:00:00,42.23,295,0.517
2016-06-12 10:00:00,42.24,301,
2016-06-12 12:00:00,42.23,295,
2016-06-12 16:00:00,42.23,295,
2016-06-12 20:00:00,42.24,301,
2016-06-13 00:00:00,42.24,301,
2016-06-13 04:00:00,42.24,301,
2016-06-13 08:00:00,42.23,295,0.429
2016-06-13 12:00:00,42.21,285,
2016-06-13 16:00:00,42.22,290,
2016-06-13 20:00:00,42.25,306,
2016-06-14 00:00:00,42.25,306,
2016-06-14 04:00:00,42.3,335,
2016-06-14 08:00:00,42.26,312,0.419
2016-06-14 12:00:00,42.23,295,
2016-06-14 14:00:00,42.22,290,
2016-06-14 16:00:00,42.22,290,
2016-06-14 20:00:00,42.23,295,
2016-06-15 00:00:00,42.23,295,
2016-06-15 04:00:00,42.23,295,
2016-06-15 08:00:00,42.2,280,0.402
2016-06-15 12:00:00,42.23,295,
2016-06-15 16:00:00,42.21,285,
2016-06-15 18:00:00,42.19,275,
2016-06-15 20:00:00,42.2,280,
2016-06-16 00:00:00,42.2,280,
2016-06-16 04:00:00,42.21,285,
2016-06-16 08:00:00,42.18,270,0.419
2016-06-16 12:00:00,42.21,285,
2016-06-16 16:00:00,42.18,270,
2016-06-16 20:00:00,42.2,280,
2016-06-17 00:00:00,42.19,189,
2016-06-17 02:00:00,42.18,183,
2016-06-17 04:00:00,42.18,183,
2016-06-17 08:00:00,42.19,189,0.393
2016-06-17 12:00:00,42.19,189,
2016-06-17 16:00:00,42.18,183,
2016-06-17 20:00:00,42.2,196,
2016-06-18 00:00:00,42.2,196,
2016-06-18 04:00:00,42.23,216,
2016-06-18 08:00:00,42.21,202,0.424
2016-06-18 12:00:00,42.2,196,
2016-06-18 16:00:00,42.21,202,
2016-06-18 20:00:00,42.22,209,
2016-06-19 00:00:00,42.23,216,
2016-06-19 04:00:00,42.25,229,
2016-06-19 08:00:00,42.29,258,0.429
2016-06-19 12:00:00,42.32,280,
2016-06-19 16:00:00,42.35,304,
2016-06-19 20:00:00,42.38,328,
2016-06-19 22:00:00,42.4,345,
2016-06-20 00:00:00,42.41,354,
2016-06-20 04:00:00,42.46,397,
2016-06-20 08:00:00,42.49,424,1.04
2016-06-20 12:00:00,42.5,433,
2016-06-20 16:00:00,42.52,452,
2016-06-20 20:00:00,42.54,470,
2016-06-20 22:00:00,42.55,480,
2016-06-21 00:00:00,42.56,490,
2016-06-21 04:00:00,42.61,539,
2016-06-21 08:00:00,42.65,578,1.62
2016-06-21 12:00:00,42.7,627,
2016-06-21 16:00:00,42.72,647,
2016-06-21 20:00:00,42.75,677,
2016-06-21 22:00:00,42.78,708,
2016-06-22 00:00:00,42.78,708,
2016-06-22 04:00:00,42.81,739,
2016-06-22 08:00:00,42.82,749,1.93
2016-06-22 10:00:00,42.82,749,1.67
2016-06-22 12:00:00,42.83,760,
2016-06-22 16:00:00,42.82,749,
2016-06-22 20:00:00,42.83,760,
2016-06-23 00:00:00,42.83,760,
2016-06-23 04:00:00,42.84,770,
2016-06-23 08:00:00,42.83,760,1.48
2016-06-23 10:00:00,42.86,791,
2016-06-23 12:00:00,42.86,791,
2016-06-23 16:00:00,42.84,770,
2016-06-23 20:00:00,42.81,739,
2016-06-24 00:00:00,42.8,729,
2016-06-24 04:00:00,42.82,749,
2016-06-24 08:00:00,42.83,760,1.69
2016-06-24 12:00:00,42.82,749,
2016-06-24 16:00:00,42.83,760,
2016-06-24 20:00:00,42.84,770,
2016-06-24 22:00:00,42.85,781,
2016-06-25 00:00:00,42.84,770,
2016-06-25 04:00:00,42.84,770,
2016-06-25 08:00:00,42.81,739,1.28
2016-06-25 10:00:00,42.82,749,
2016-06-25 12:00:00,42.81,739,
2016-06-25 16:00:00,42.8,729,
2016-06-25 20:00:00,42.76,688,
2016-06-26 00:00:00,42.75,677,
2016-06-26 04:00:00,42.75,677,
2016-06-26 08:00:00,42.76,688,1.17
2016-06-26 12:00:00,42.77,698,
2016-06-26 16:00:00,42.78,708,
2016-06-26 20:00:00,42.78,708,
2016-06-26 22:00:00,42.79,718,
2016-06-27 00:00:00,42.8,729,
2016-06-27 04:00:00,42.81,739,
2016-06-27 08:00:00,42.82,749,1.61
2016-06-27 12:00:00,42.8,729,
2016-06-27 16:00:00,42.81,739,
2016-06-27 20:00:00,42.81,739,
2016-06-28 00:00:00,42.8,729,
2016-06-28 02:00:00,42.82,749,
2016-06-28 04:00:00,42.81,739,
2016-06-28 08:00:00,42.81,739,1.28
2016-06-28 10:00:00,42.81,739,1.39
2016-06-28 12:00:00,42.81,739,
2016-06-28 16:00:00,42.8,729,
2016-06-28 20:00:00,42.81,739,
2016-06-29 00:00:00,42.81,739,
2016-06-29 04:00:00,42.82,749,
2016-06-29 06:00:00,42.83,760,
2016-06-29 08:00:00,42.81,739,1.53
2016-06-29 12:00:00,42.8,729,
2016-06-29 16:00:00,42.8,729,
2016-06-29 20:00:00,42.83,760,
2016-06-30 00:00:00,42.83,760,
2016-06-30 04:00:00,42.83,760,
2016-06-30 08:00:00,42.82,749,1.3
2016-06-30 12:00:00,42.81,739,
2016-06-30 16:00:00,42.81,739,
2016-06-30 20:00:00,42.8,729,
2016-06-30 22:00:00,42.79,718,
2016-07-01 00:00:00,42.79,718,
2016-07-01 02:00:00,42.78,708,
2016-07-01 04:00:00,42.8,729,
2016-07-01 08:00:00,42.87,802,1.52
2016-07-01 12:00:00,42.85,781,
2016-07-01 16:00:00,42.84,770,
2016-07-01 20:00:00,42.83,760,
2016-07-02 00:00:00,42.79,718,
2016-07-02 04:00:00,42.78,708,
2016-07-02 08:00:00,42.76,688,1.27
2016-07-02 12:00:00,42.74,667,
2016-07-02 16:00:00,42.72,647,
2016-07-02 20:00:00,42.71,637,
2016-07-03 00:00:00,42.71,637,
2016-07-03 04:00:00,42.68,607,
2016-07-03 08:00:00,42.67,597,1.27
2016-07-03 12:00:00,42.64,568,
2016-07-03 16:00:00,42.62,548,
2016-07-03 20:00:00,42.62,548,
2016-07-03 22:00:00,42.61,539,
2016-07-04 00:00:00,42.61,539,
2016-07-04 04:00:00,42.6,529,
2016-07-04 08:00:00,42.59,553,0.942
2016-07-04 12:00:00,42.58,510,
2016-07-04 16:00:00,42.59,519,
2016-07-04 20:00:00,42.59,519,
2016-07-05 00:00:00,42.6,529,
2016-07-05 04:00:00,42.64,568,
2016-07-05 08:00:00,42.67,597,0.936
2016-07-05 12:00:00,42.69,617,
2016-07-05 14:00:00,42.7,627,
2016-07-05 16:00:00,42.72,647,
2016-07-05 20:00:00,42.76,688,
2016-07-05 22:00:00,42.77,698,
2016-07-06 00:00:00,42.79,718,
2016-07-06 04:00:00,42.82,749,
2016-07-06 08:00:00,42.84,770,1.46
2016-07-06 12:00:00,42.85,781,
2016-07-06 16:00:00,42.87,802,
2016-07-06 20:00:00,42.89,823,
2016-07-07 00:00:00,42.88,750,
2016-07-07 04:00:00,42.89,759,
2016-07-07 08:00:00,42.9,768,1.81
2016-07-07 12:00:00,42.91,777,
2016-07-07 16:00:00,42.96,823,
2016-07-07 20:00:00,42.98,841,
2016-07-07 22:00:00,43.0,860,
2016-07-08 00:00:00,43.01,869,
2016-07-08 04:00:00,43.04,897,
2016-07-08 08:00:00,43.08,935,2.63
2016-07-08 12:00:00,43.11,963,
2016-07-08 16:00:00,43.13,982,
2016-07-08 20:00:00,43.16,1010,
2016-07-09 00:00:00,43.16,1010,
2016-07-09 04:00:00,43.17,1020,
2016-07-09 08:00:00,43.16,1010,2.65
2016-07-09 12:00:00,43.15,1000,
2016-07-09 16:00:00,43.12,973,
2016-07-09 20:00:00,43.1,954,
2016-07-09 22:00:00,43.07,925,
2016-07-10 00:00:00,43.06,916,
2016-07-10 04:00:00,43.02,878,
2016-07-10 08:00:00,42.98,841,1.75
2016-07-10 12:00:00,42.94,804,
2016-07-10 16:00:00,42.92,786,
2016-07-10 20:00:00,42.9,768,
2016-07-10 22:00:00,42.89,759,
2016-07-11 00:00:00,42.88,750,
2016-07-11 04:00:00,42.86,732,
2016-07-11 08:00:00,42.86,732,1.55
2016-07-11 12:00:00,42.86,732,
2016-07-11 16:00:00,42.86,732,
2016-07-11 18:00:00,42.84,714,
2016-07-11 20:00:00,42.84,714,
2016-07-12 00:00:00,42.83,705,
2016-07-12 04:00:00,42.83,705,
2016-07-12 08:00:00,42.82,696,1.57
2016-07-12 12:00:00,42.81,687,
2016-07-12 16:00:00,42.82,696,
2016-07-12 20:00:00,42.83,705,
2016-07-13 00:00:00,42.83,705,
2016-07-13 02:00:00,42.82,696,
2016-07-13 04:00:00,42.82,696,
2016-07-13 08:00:00,42.82,696,1.61
2016-07-13 12:00:00,42.82,696,
2016-07-13 16:00:00,42.82,696,
2016-07-13 20:00:00,42.82,696,
2016-07-14 00:00:00,42.82,696,
2016-07-14 04:00:00,42.82,696,
2016-07-14 06:00:00,42.83,705,
2016-07-14 08:00:00,42.83,705,1.27
2016-07-14 12:00:00,42.82,696,
2016-07-14 16:00:00,42.83,705,
2016-07-14 20:00:00,42.82,696,
2016-07-15 00:00:00,42.85,723,
2016-07-15 02:00:00,42.83,705,
2016-07-15 04:00:00,42.84,714,
2016-07-15 08:00:00,42.88,750,1.54
2016-07-15 09:00:00,42.89,759,
2016-07-15 12:00:00,42.89,759,
2016-07-15 16:00:00,42.88,750,
2016-07-15 20:00:00,42.89,759,
2016-07-16 00:00:00,42.89,759,
2016-07-16 04:00:00,42.9,768,
2016-07-16 08:00:00,42.89,759,1.38
2016-07-16 12:00:00,42.92,786,
2016-07-16 16:00:00,42.9,768,
2016-07-16 20:00:00,42.91,777,
2016-07-16 22:00:00,42.93,795,
2016-07-17 00:00:00,42.92,786,
2016-07-17 04:00:00,42.92,786,
2016-07-17 08:00:00,42.93,795,1.78
2016-07-17 10:00:00,42.94,804,
2016-07-17 12:00:00,42.94,804,
2016-07-17 16:00:00,42.93,795,
2016-07-17 20:00:00,42.94,804,
2016-07-18 00:00:00,42.95,813,
2016-07-18 04:00:00,42.98,841,
2016-07-18 08:00:00,42.97,832,1.42
2016-07-18 12:00:00,42.97,832,
2016-07-18 16:00:00,42.97,832,
2016-07-18 20:00:00,42.98,841,
2016-07-19 00:00:00,42.99,850,
2016-07-19 04:00:00,43.0,860,
2016-07-19 08:00:00,43.0,860,1.47
2016-07-19 12:00:00,43.01,869,
2016-07-19 16:00:00,43.02,878,
2016-07-19 20:00:00,43.04,897,
2016-07-19 22:00:00,43.05,906,
2016-07-20 00:00:00,43.11,963,
2016-07-20 04:00:00,43.11,963,
2016-07-20 08:00:00,43.16,1010,3.11
2016-07-20 12:00:00,42.17,1020,
2016-07-20 16:00:00,42.19,1040,
2016-07-20 20:00:00,42.2,1050,
2016-07-21 00:00:00,42.19,1040,
2016-07-21 04:00:00,42.2,1050,
2016-07-21 08:00:00,42.19,899,1.82
2016-07-21 12:00:00,42.19,899,
2016-07-21 16:00:00,42.18,892,
2016-07-21 20:00:00,42.19,899,
2016-07-22 00:00:00,42.19,899,
2016-07-22 04:00:00,42.19,899,
2016-07-22 08:00:00,42.2,908,1.75
2016-07-22 12:00:00,42.2,908,
2016-07-22 16:00:00,42.24,946,
2016-07-22 20:00:00,42.27,974,
2016-07-23 00:00:00,42.29,993,
2016-07-23 04:00:00,42.31,1010,
2016-07-23 08:00:00,42.34,1040,2.21
2016-07-23 12:00:00,42.38,1080,
2016-07-23 16:00:00,42.43,1120,
2016-07-23 20:00:00,42.48,1170,
2016-07-23 22:00:00,42.52,1210,
2016-07-24 00:00:00,42.51,1200,
2016-07-24 04:00:00,42.54,1230,
2016-07-24 08:00:00,42.59,1270,2.76
2016-07-24 12:00:00,42.63,1310,
2016-07-24 16:00:00,42.68,1360,
2016-07-24 20:00:00,42.7,1380,
2016-07-24 22:00:00,42.72,1400,
2016-07-25 00:00:00,42.69,1370,
2016-07-25 04:00:00,42.7,1380,
2016-07-25 08:00:00,42.7,1380,3.23
2016-07-25 12:00:00,42.7,1380,
2016-07-25 16:00:00,42.7,1380,
2016-07-25 20:00:00,42.74,1410,
2016-07-25 22:00:00,42.76,1430,
2016-07-26 00:00:00,42.78,1450,
2016-07-26 04:00:00,42.78,1450,
2016-07-26 08:00:00,42.79,1460,2.91
2016-07-26 12:00:00,42.82,1490,
2016-07-26 16:00:00,42.84,1510,
2016-07-26 20:00:00,42.85,1520,
2016-07-27 00:00:00,43.84,1510,
2016-07-27 02:00:00,43.85,1520,
2016-07-27 04:00:00,43.84,1510,
2016-07-27 08:00:00,43.84,1510,2.8
2016-07-27 12:00:00,43.8,1470,
2016-07-27 16:00:00,43.78,1450,
2016-07-27 20:00:00,43.76,1430,
2016-07-27 22:00:00,43.75,1420,
2016-07-28 00:00:00,43.73,1400,
2016-07-28 04:00:00,43.7,1380,
2016-07-28 08:00:00,43.68,1360,1.92
2016-07-28 12:00:00,43.68,1360,
2016-07-28 16:00:00,43.68,1360,
2016-07-28 18:00:00,43.67,1350,
2016-07-28 20:00:00,43.68,1360,
2016-07-29 00:00:00,43.67,1350,
2016-07-29 04:00:00,43.66,1340,
2016-07-29 08:00:00,43.64,1320,2.18
2016-07-29 12:00:00,43.63,1310,
2016-07-29 16:00:00,43.59,1270,
2016-07-29 20:00:00,43.57,1250,
2016-07-29 22:00:00,43.55,1230,
2016-07-30 00:00:00,43.52,1210,
2016-07-30 04:00:00,43.5,1190,
2016-07-30 08:00:00,43.46,1150,1.95
2016-07-30 12:00:00,43.43,1120,
2016-07-30 16:00:00,43.39,1090,
2016-07-30 20:00:00,43.38,1080,
2016-07-31 00:00:00,43.36,1060,
2016-07-31 04:00:00,43.35,1050,
2016-07-31 08:00:00,43.33,1030,1.88
2016-07-31 12:00:00,43.32,1020,
2016-07-31 16:00:00,43.3,1000,
2016-07-31 20:00:00,43.29,993,
2016-08-01 00:00:00,43.29,993,
2016-08-01 04:00:00,43.28,983,
2016-08-01 08:00:00,43.26,964,1.58
2016-08-01 10:00:00,43.27,974,
2016-08-01 12:00:00,43.27,974,
2016-08-01 16:00:00,43.26,964,
2016-08-01 20:00:00,43.25,955,
2016-08-02 00:00:00,43.26,964,
2016-08-02 04:00:00,43.26,964,
2016-08-02 08:00:00,43.28,983,1.86
2016-08-02 12:00:00,43.26,964,
2016-08-02 16:00:00,43.28,983,
2016-08-02 20:00:00,43.3,1000,
2016-08-02 22:00:00,43.32,1020,
2016-08-03 00:00:00,43.32,1020,
2016-08-03 04:00:00,43.35,1050,
2016-08-03 08:00:00,43.38,1080,2.12
2016-08-03 12:00:00,43.41,1100,
2016-08-03 16:00:00,43.44,1130,
2016-08-03 20:00:00,43.48,1170,
2016-08-04 00:00:00,43.46,1150,
2016-08-04 04:00:00,43.48,1170,
2016-08-04 08:00:00,43.48,1170,1.64
2016-08-04 12:00:00,43.49,1180,
2016-08-04 16:00:00,43.52,1210,
2016-08-04 20:00:00,43.54,1230,
2016-08-05 00:00:00,43.51,1200,
2016-08-05 04:00:00,43.51,1200,
2016-08-05 08:00:00,43.5,1190,1.57
2016-08-05 12:00:00,43.47,1160,
2016-08-05 16:00:00,43.48,1170,
2016-08-05 20:00:00,43.45,1140,
2016-08-05 22:00:00,43.42,1110,
2016-08-06 00:00:00,43.4,1100,
2016-08-06 04:00:00,43.36,1060,
2016-08-06 08:00:00,43.32,1020,1.92
2016-08-06 12:00:00,43.28,983,
2016-08-06 16:00:00,43.25,955,
2016-08-06 20:00:00,43.22,927,
2016-08-07 00:00:00,43.19,899,
2016-08-07 04:00:00,43.17,883,
2016-08-07 08:00:00,43.14,854,1.84
2016-08-07 12:00:00,43.11,825,
2016-08-07 16:00:00,43.1,816,
2016-08-07 20:00:00,43.09,806,
2016-08-08 00:00:00,43.07,787,
2016-08-08 04:00:00,43.06,777,
2016-08-08 08:00:00,43.05,768,1.67
2016-08-08 10:00:00,43.05,768,1.6
2016-08-08 12:00:00,43.05,768,
2016-08-08 16:00:00,43.03,748,
2016-08-08 20:00:00,43.03,748,
2016-08-08 22:00:00,43.02,738,
2016-08-09 00:00:00,43.02,738,
2016-08-09 04:00:00,43.02,738,
2016-08-09 08:00:00,43.01,728,1.3
2016-08-09 12:00:00,43.0,719,
2016-08-09 16:00:00,43.0,719,
2016-08-09 18:00:00,42.99,709,
2016-08-09 20:00:00,42.99,709,
2016-08-10 00:00:00,42.99,709,
2016-08-10 04:00:00,42.99,709,
2016-08-10 08:00:00,43.01,728,1.3
2016-08-10 12:00:00,43.04,758,
2016-08-10 16:00:00,43.05,768,
2016-08-10 20:00:00,43.05,768,
2016-08-11 00:00:00,43.05,768,
2016-08-11 04:00:00,43.05,768,
2016-08-11 08:00:00,43.04,758,1.14
2016-08-11 10:00:00,43.03,748,
2016-08-11 12:00:00,43.02,738,
2016-08-11 16:00:00,42.97,689,
2016-08-11 20:00:00,42.95,669,
2016-08-12 00:00:00,42.92,634,
2016-08-12 04:00:00,42.89,605,
2016-08-12 08:00:00,42.87,585,1.04
2016-08-12 12:00:00,42.84,556,
2016-08-12 16:00:00,42.81,528,
2016-08-12 20:00:00,42.8,519,
2016-08-13 00:00:00,42.79,510,
2016-08-13 04:00:00,42.79,510,
2016-08-13 08:00:00,42.78,501,0.926
2016-08-13 12:00:00,42.76,483,
2016-08-13 16:00:00,42.75,474,
2016-08-13 20:00:00,42.73,458,
2016-08-13 22:00:00,42.71,440,
2016-08-14 00:00:00,42.73,458,
2016-08-14 04:00:00,42.72,449,
2016-08-14 08:00:00,42.72,449,0.671
2016-08-14 12:00:00,42.71,440,
2016-08-14 16:00:00,42.72,449,
2016-08-14 20:00:00,42.7,432,
2016-08-14 22:00:00,42.69,423,
2016-08-15 00:00:00,42.69,423,
2016-08-15 04:00:00,42.69,423,
2016-08-15 08:00:00,42.69,423,0.665
2016-08-15 10:00:00,42.68,415,
2016-08-15 12:00:00,42.69,423,
2016-08-15 16:00:00,42.7,432,
2016-08-15 20:00:00,42.69,423,
2016-08-16 00:00:00,42.7,432,
2016-08-16 04:00:00,42.71,440,
2016-08-16 08:00:00,42.72,449,0.62
2016-08-16 09:00:00,42.73,458,
2016-08-16 10:00:00,42.72,449,
2016-08-16 12:00:00,42.72,449,
2016-08-16 16:00:00,42.72,449,
2016-08-16 20:00:00,42.71,440,
2016-08-17 00:00:00,42.73,458,
2016-08-17 04:00:00,42.71,440,
2016-08-17 08:00:00,42.72,449,0.655
2016-08-17 12:00:00,42.72,449,
2016-08-17 16:00:00,42.71,440,
2016-08-17 20:00:00,42.71,440,
2016-08-18 00:00:00,42.72,449,
2016-08-18 04:00:00,42.73,458,
2016-08-18 08:00:00,42.74,465,0.753
2016-08-18 10:00:00,42.75,474,
2016-08-18 12:00:00,42.74,465,
2016-08-18 16:00:00,42.75,474,
2016-08-18 20:00:00,42.73,458,
2016-08-19 00:00:00,42.73,458,
2016-08-19 04:00:00,42.72,449,
2016-08-19 08:00:00,42.7,432,0.699
2016-08-19 12:00:00,42.68,415,
2016-08-19 16:00:00,42.67,406,
2016-08-19 20:00:00,42.65,389,
2016-08-19 22:00:00,42.64,380,
2016-08-20 00:00:00,42.63,372,
2016-08-20 04:00:00,42.61,355,
2016-08-20 08:00:00,42.6,347,0.47
2016-08-20 10:00:00,42.6,347,
2016-08-20 12:00:00,42.6,347,
2016-08-20 16:00:00,42.59,338,
2016-08-20 18:00:00,42.58,330,
2016-08-20 20:00:00,42.6,347,
2016-08-21 00:00:00,42.6,347,
2016-08-21 02:00:00,42.59,338,
2016-08-21 04:00:00,42.59,338,
2016-08-21 08:00:00,42.6,347,0.433
2016-08-21 10:00:00,42.61,355,
2016-08-21 12:00:00,42.6,347,
2016-08-21 16:00:00,42.59,338,
2016-08-21 20:00:00,42.6,347,
2016-08-22 00:00:00,42.6,347,
2016-08-22 04:00:00,42.58,330,
2016-08-22 08:00:00,42.59,338,0.452
2016-08-22 12:00:00,42.57,322,
2016-08-22 14:00:00,42.56,314,
2016-08-22 16:00:00,42.56,314,
2016-08-22 20:00:00,42.56,314,
2016-08-23 00:00:00,42.57,322,
2016-08-23 04:00:00,42.57,322,
2016-08-23 06:00:00,42.59,338,
2016-08-23 08:00:00,42.59,338,0.528
2016-08-23 12:00:00,42.57,322,
2016-08-23 16:00:00,42.58,330,
2016-08-23 20:00:00,42.58,330,
2016-08-24 00:00:00,42.58,330,
2016-08-24 04:00:00,42.58,330,
2016-08-24 08:00:00,42.58,330,0.516
2016-08-24 10:00:00,42.55,306,
2016-08-24 12:00:00,42.56,314,
2016-08-24 16:00:00,42.55,306,
2016-08-24 20:00:00,42.55,306,
2016-08-25 00:00:00,42.55,306,
2016-08-25 04:00:00,42.56,314,
2016-08-25 08:00:00,42.56,314,0.4
2016-08-25 12:00:00,42.59,338,
2016-08-25 14:00:00,42.6,347,
2016-08-25 16:00:00,42.59,338,
2016-08-25 20:00:00,42.57,322,
2016-08-26 00:00:00,42.59,338,
2016-08-26 04:00:00,42.58,330,
2016-08-26 08:00:00,42.59,338,0.544
2016-08-26 10:00:00,42.58,330,
2016-08-26 12:00:00,42.58,330,
2016-08-26 14:00:00,42.56,314,
2016-08-26 16:00:00,42.57,322,
2016-08-26 20:00:00,42.57,322,
2016-08-27 00:00:00,42.58,330,
2016-08-27 02:00:00,42.57,322,
2016-08-27 04:00:00,42.58,330,
2016-08-27 08:00:00,42.57,322,0.532
2016-08-27 12:00:00,42.57,322,
2016-08-27 16:00:00,42.57,322,
2016-08-27 20:00:00,42.59,338,
2016-08-28 00:00:00,42.58,330,
2016-08-28 02:00:00,42.59,338,
2016-08-28 04:00:00,42.59,338,
2016-08-28 08:00:00,42.57,322,0.476
2016-08-28 12:00:00,42.55,306,
2016-08-28 16:00:00,42.54,297,
2016-08-28 20:00:00,42.54,297,
2016-08-29 00:00:00,42.54,297,
2016-08-29 04:00:00,42.54,297,
2016-08-29 08:00:00,42.53,289,0.455
2016-08-29 10:00:00,42.53,289,
2016-08-29 12:00:00,42.53,289,
2016-08-29 16:00:00,42.52,281,
2016-08-29 20:00:00,42.52,281,
2016-08-30 00:00:00,42.52,281,
2016-08-30 04:00:00,42.53,289,
2016-08-30 08:00:00,42.53,289,0.384
2016-08-30 12:00:00,42.51,273,
2016-08-30 16:00:00,42.53,306,
2016-08-30 20:00:00,42.54,312,
2016-08-31 00:00:00,42.53,306,
2016-08-31 02:00:00,42.54,312,
2016-08-31 04:00:00,42.54,312,
2016-08-31 08:00:00,42.54,312,0.462
2016-08-31 12:00:00,42.53,306,
2016-08-31 16:00:00,42.52,300,
2016-08-31 20:00:00,42.53,306,
2016-09-01 00:00:00,42.52,300,
2016-09-01 04:00:00,42.52,300,
2016-09-01 08:00:00,42.5,288,0.425
2016-09-01 12:00:00,42.49,282,
2016-09-01 16:00:00,42.47,270,
2016-09-01 20:00:00,42.5,288,
2016-09-02 00:00:00,42.49,282,
2016-09-02 04:00:00,42.49,282,
2016-09-02 06:00:00,42.5,288,
2016-09-02 08:00:00,42.5,288,0.367
2016-09-02 12:00:00,42.49,282,
2016-09-02 14:00:00,42.47,270,
2016-09-02 16:00:00,42.49,282,
2016-09-02 20:00:00,42.5,288,
2016-09-03 00:00:00,42.5,288,
2016-09-03 04:00:00,42.51,294,
2016-09-03 08:00:00,42.51,294,0.333
2016-09-03 12:00:00,42.5,288,
2016-09-03 14:00:00,42.49,282,
2016-09-03 16:00:00,42.49,282,
2016-09-03 20:00:00,42.5,288,
2016-09-04 00:00:00,42.5,288,
2016-09-04 04:00:00,42.49,282,
2016-09-04 08:00:00,42.49,282,0.286
2016-09-04 12:00:00,42.49,282,
2016-09-04 16:00:00,42.49,282,
2016-09-04 20:00:00,42.48,275,
2016-09-05 00:00:00,42.49,282,
2016-09-05 04:00:00,42.48,275,
2016-09-05 08:00:00,42.48,275,0.248
2016-09-05 12:00:00,42.47,270,
2016-09-05 16:00:00,42.47,270,
2016-09-05 20:00:00,42.49,282,
2016-09-06 00:00:00,42.49,282,
2016-09-06 04:00:00,42.49,282,
2016-09-06 08:00:00,42.49,282,0.328
2016-09-06 12:00:00,42.49,282,
2016-09-06 16:00:00,42.49,282,
2016-09-06 18:00:00,42.48,275,
2016-09-06 20:00:00,42.49,282,
2016-09-07 00:00:00,42.49,282,
2016-09-07 04:00:00,42.49,282,
2016-09-07 08:00:00,42.48,275,0.36
2016-09-07 12:00:00,42.48,275,
2016-09-07 14:00:00,42.46,264,
2016-09-07 16:00:00,42.47,270,
2016-09-07 20:00:00,42.48,275,
2016-09-08 00:00:00,42.47,270,
2016-09-08 04:00:00,42.47,270,
2016-09-08 08:00:00,42.46,264,0.33
2016-09-08 12:00:00,42.45,259,
2016-09-08 16:00:00,42.47,298,
2016-09-08 20:00:00,42.47,298,
2016-09-09 00:00:00,42.47,298,
2016-09-09 04:00:00,42.47,298,
2016-09-09 08:00:00,42.47,298,0.312
2016-09-09 12:00:00,42.46,292,
2016-09-09 14:00:00,42.44,281,
2016-09-09 16:00:00,42.47,298,
2016-09-09 20:00:00,42.47,298,
2016-09-10 00:00:00,42.46,292,
2016-09-10 04:00:00,42.47,298,
2016-09-10 06:00:00,42.49,310,
2016-09-10 08:00:00,42.48,304,0.302
2016-09-10 12:00:00,42.47,298,
2016-09-10 16:00:00,42.47,298,
2016-09-10 20:00:00,42.47,298,
2016-09-11 00:00:00,42.45,286,
2016-09-11 02:00:00,42.47,298,
2016-09-11 04:00:00,42.45,286,
2016-09-11 08:00:00,42.45,286,0.322
2016-09-11 12:00:00,42.45,286,
2016-09-11 16:00:00,42.43,276,
2016-09-11 20:00:00,42.44,281,
2016-09-12 00:00:00,42.43,276,
2016-09-12 04:00:00,42.44,281,
2016-09-12 08:00:00,42.44,281,0.358
2016-09-12 12:00:00,42.43,276,
2016-09-12 16:00:00,42.45,286,
2016-09-12 20:00:00,42.46,292,
2016-09-13 00:00:00,42.46,292,
2016-09-13 04:00:00,42.45,286,
2016-09-13 08:00:00,42.47,298,0.409
2016-09-13 12:00:00,42.47,298,
2016-09-13 16:00:00,42.48,304,
2016-09-13 20:00:00,42.48,304,
2016-09-14 00:00:00,42.48,304,
2016-09-14 04:00:00,42.48,304,
2016-09-14 08:00:00,42.47,298,0.41
2016-09-14 12:00:00,42.47,298,
2016-09-14 16:00:00,42.45,286,
2016-09-14 20:00:00,42.46,292,
2016-09-15 00:00:00,42.45,286,
2016-09-15 04:00:00,42.45,286,
2016-09-15 08:00:00,42.45,286,0.426
2016-09-15 12:00:00,42.45,286,
2016-09-15 16:00:00,42.44,281,
2016-09-15 20:00:00,42.44,281,
2016-09-16 00:00:00,42.44,281,
2016-09-16 04:00:00,42.44,281,
2016-09-16 08:00:00,42.44,281,0.322
2016-09-16 12:00:00,42.43,276,
2016-09-16 16:00:00,42.43,276,
2016-09-16 20:00:00,42.44,281,
2016-09-17 00:00:00,42.45,286,
2016-09-17 04:00:00,42.45,286,
2016-09-17 08:00:00,42.46,292,0.38
2016-09-17 12:00:00,42.45,286,
2016-09-17 16:00:00,42.46,292,
2016-09-17 20:00:00,42.46,292,
2016-09-18 00:00:00,42.47,298,
2016-09-18 04:00:00,42.48,304,
2016-09-18 08:00:00,42.47,298,0.35
2016-09-18 12:00:00,42.46,292,
2016-09-18 14:00:00,42.45,286,
2016-09-18 16:00:00,42.46,292,
2016-09-18 20:00:00,42.46,292,
2016-09-19 00:00:00,42.45,286,
2016-09-19 04:00:00,42.44,281,
2016-09-19 08:00:00,42.45,286,0.397
2016-09-19 12:00:00,42.46,292,
2016-09-19 16:00:00,42.44,281,
2016-09-19 20:00:00,42.45,286,
2016-09-20 00:00:00,42.44,281,
2016-09-20 04:00:00,42.44,281,
2016-09-20 08:00:00,42.45,286,0.343
2016-09-20 12:00:00,42.45,286,
2016-09-20 16:00:00,42.43,276,
2016-09-20 20:00:00,42.44,281,
2016-09-21 00:00:00,42.44,281,
2016-09-21 04:00:00,42.44,281,
2016-09-21 08:00:00,42.45,286,0.422
2016-09-21 12:00:00,42.43,276,
2016-09-21 16:00:00,42.41,267,
2016-09-21 20:00:00,42.43,276,
2016-09-22 00:00:00,42.43,276,
2016-09-22 04:00:00,42.43,276,
2016-09-22 06:00:00,42.44,281,
2016-09-22 08:00:00,42.43,276,0.329
2016-09-22 12:00:00,42.41,267,
2016-09-22 16:00:00,42.4,262,
2016-09-22 20:00:00,42.42,271,
2016-09-23 00:00:00,42.41,267,
2016-09-23 04:00:00,42.44,281,
2016-09-23 08:00:00,42.43,276,0.371
2016-09-23 12:00:00,42.42,271,
2016-09-23 16:00:00,42.42,271,
2016-09-23 20:00:00,42.41,267,
2016-09-23 22:00:00,42.4,262,
2016-09-24 00:00:00,42.4,262,
2016-09-24 04:00:00,42.4,262,
2016-09-24 08:00:00,42.4,262,0.338
2016-09-24 12:00:00,42.38,255,
2016-09-24 16:00:00,42.39,258,
2016-09-24 20:00:00,42.4,262,
2016-09-25 00:00:00,42.4,262,
2016-09-25 04:00:00,42.39,258,
2016-09-25 08:00:00,42.38,255,0.43
2016-09-25 12:00:00,42.39,258,
2016-09-25 16:00:00,42.38,255,
2016-09-25 20:00:00,42.37,251,
2016-09-26 00:00:00,42.39,258,
2016-09-26 04:00:00,42.39,258,
2016-09-26 08:00:00,42.38,255,0.387
2016-09-26 10:00:00,42.37,251,
2016-09-26 12:00:00,42.37,251,
2016-09-26 16:00:00,42.38,255,
2016-09-26 20:00:00,42.37,251,
2016-09-27 00:00:00,42.38,255,
2016-09-27 04:00:00,42.38,255,
2016-09-27 08:00:00,42.37,251,0.426
2016-09-27 10:00:00,42.36,248,
2016-09-27 12:00:00,42.37,251,
2016-09-27 16:00:00,42.37,251,
2016-09-27 20:00:00,42.38,255,
2016-09-27 22:00:00,42.4,262,
2016-09-28 00:00:00,42.4,262,
2016-09-28 04:00:00,42.42,271,
2016-09-28 08:00:00,42.41,267,0.441
2016-09-28 12:00:00,42.43,276,
2016-09-28 16:00:00,42.45,318,
2016-09-28 20:00:00,42.47,331,
2016-09-29 00:00:00,42.42,300,
2016-09-29 04:00:00,42.44,312,
2016-09-29 08:00:00,42.45,318,0.614
2016-09-29 12:00:00,42.47,331,
2016-09-29 16:00:00,42.47,331,
2016-09-29 20:00:00,42.48,338,
2016-09-29 22:00:00,42.5,354,
2016-09-30 00:00:00,42.51,361,
2016-09-30 04:00:00,42.52,368,
2016-09-30 08:00:00,42.53,375,0.673
2016-09-30 12:00:00,42.52,368,
2016-09-30 16:00:00,42.51,361,
2016-09-30 20:00:00,42.52,368,
2016-10-01 00:00:00,42.51,361,
2016-10-01 02:00:00,42.52,368,
2016-10-01 04:00:00,42.52,368,
2016-10-01 08:00:00,42.52,368,0.692
2016-10-01 12:00:00,42.49,347,
2016-10-01 16:00:00,42.51,361,
2016-10-01 20:00:00,42.51,361,
2016-10-02 00:00:00,42.51,361,
2016-10-02 02:00:00,42.52,368,
2016-10-02 04:00:00,42.51,361,
2016-10-02 08:00:00,42.5,354,0.67
2016-10-02 12:00:00,42.49,347,
2016-10-02 16:00:00,42.49,347,
2016-10-02 20:00:00,42.49,347,
2016-10-03 00:00:00,42.5,354,
2016-10-03 04:00:00,42.5,354,
2016-10-03 08:00:00,42.5,354,0.557
2016-10-03 12:00:00,42.49,347,
2016-10-03 16:00:00,42.5,354,
2016-10-03 18:00:00,42.51,361,
2016-10-03 20:00:00,42.5,354,
2016-10-04 00:00:00,42.49,347,
2016-10-04 04:00:00,42.51,361,
2016-10-04 08:00:00,42.5,354,0.486
2016-10-04 12:00:00,42.49,347,
2016-10-04 16:00:00,42.49,347,
2016-10-04 20:00:00,42.49,347,
2016-10-05 00:00:00,42.51,361,
2016-10-05 02:00:00,42.49,347,
2016-10-05 08:00:00,42.48,338,0.496
2016-10-05 14:00:00,42.48,338,
2016-10-05 20:00:00,42.47,331,
2016-10-06 00:00:00,42.47,331,
2016-10-06 02:00:00,42.46,325,
2016-10-06 08:00:00,42.47,331,0.535
2016-10-06 14:00:00,42.47,331,
2016-10-06 15:00:00,42.48,338,
2016-10-06 16:00:00,42.47,331,
2016-10-06 20:00:00,42.46,325,
2016-10-07 00:00:00,42.47,331,
2016-10-07 04:00:00,42.46,325,
2016-10-07 08:00:00,42.46,325,0.421
2016-10-07 09:00:00,42.45,318,
2016-10-07 12:00:00,42.47,331,
2016-10-07 16:00:00,42.45,318,
2016-10-07 20:00:00,42.46,325,
2016-10-08 00:00:00,42.45,318,
2016-10-08 01:00:00,42.44,312,
2016-10-08 02:00:00,42.46,325,
2016-10-08 08:00:00,42.46,325,0.64
2016-10-08 14:00:00,42.47,331,
2016-10-08 17:00:00,42.49,347,
2016-10-08 20:00:00,42.49,347,
2016-10-09 00:00:00,42.49,347,
2016-10-09 02:00:00,42.5,354,
2016-10-09 08:00:00,42.47,331,0.975
2016-10-09 14:00:00,42.46,325,
2016-10-09 20:00:00,42.48,338,
2016-10-10 00:00:00,42.48,338,
2016-10-10 02:00:00,42.48,338,
2016-10-10 03:00:00,42.49,347,
2016-10-10 08:00:00,42.48,338,0.703
2016-10-10 14:00:00,42.47,331,
2016-10-10 20:00:00,42.46,325,
2016-10-11 00:00:00,42.46,325,
2016-10-11 02:00:00,42.47,331,
2016-10-11 08:00:00,42.46,325,0.457
2016-10-11 09:00:00,42.44,312,
2016-10-11 14:00:00,42.46,325,
2016-10-11 20:00:00,42.45,318,
2016-10-12 00:00:00,42.45,318,
2016-10-12 01:00:00,42.46,325,
2016-10-12 04:00:00,42.46,325,
2016-10-12 08:00:00,42.44,312,0.661
2016-10-12 12:00:00,42.45,318,
2016-10-12 16:00:00,42.44,312,
2016-10-12 20:00:00,42.44,312,
2016-10-12 23:00:00,42.43,306,
2016-10-13 00:00:00,42.43,306,
2016-10-13 01:00:00,42.44,312,
2016-10-13 04:00:00,42.41,295,
2016-10-13 08:00:00,42.41,295,0.54
2016-10-13 12:00:00,42.4,289,
2016-10-13 15:00:00,42.38,279,
2016-10-13 16:00:00,42.4,344,
2016-10-13 20:00:00,42.4,344,
2016-10-14 00:00:00,42.39,338,
2016-10-14 04:00:00,42.39,338,
2016-10-14 08:00:00,42.38,333,0.728
2016-10-14 11:00:00,42.37,329,0.72
2016-10-14 12:00:00,42.36,324,
2016-10-14 16:00:00,42.37,329,
2016-10-14 20:00:00,42.38,333,
2016-10-15 00:00:00,42.38,333,
2016-10-15 04:00:00,42.37,329,
2016-10-15 08:00:00,42.38,333,0.668
2016-10-15 12:00:00,42.38,333,
2016-10-15 16:00:00,42.39,338,
2016-10-15 17:00:00,42.4,344,
2016-10-15 20:00:00,42.4,344,
2016-10-16 00:00:00,42.4,344,
2016-10-16 02:00:00,42.4,344,
2016-10-16 06:00:00,42.39,338,
2016-10-16 08:00:00,42.41,349,0.649
2016-10-16 14:00:00,42.44,366,
2016-10-16 20:00:00,42.44,366,
2016-10-16 22:00:00,42.45,372,
2016-10-17 00:00:00,42.44,366,
2016-10-17 02:00:00,42.45,372,
2016-10-17 08:00:00,42.44,366,0.751
2016-10-17 14:00:00,42.43,360,
2016-10-17 20:00:00,42.44,366,
2016-10-18 00:00:00,42.44,366,
2016-10-18 04:00:00,42.43,360,
2016-10-18 08:00:00,42.41,349,0.689
2016-10-18 12:00:00,42.42,354,
2016-10-18 16:00:00,42.39,338,
2016-10-18 20:00:00,42.4,344,
2016-10-19 00:00:00,42.41,349,
2016-10-19 04:00:00,42.4,344,
2016-10-19 08:00:00,42.41,349,0.909
2016-10-19 10:00:00,42.39,338,
2016-10-19 12:00:00,42.4,344,
2016-10-19 16:00:00,42.4,344,
2016-10-19 20:00:00,42.4,344,
2016-10-20 00:00:00,42.4,344,
2016-10-20 04:00:00,42.4,344,
2016-10-20 08:00:00,42.38,333,0.914
2016-10-20 12:00:00,42.4,344,
2016-10-20 15:00:00,42.39,338,
2016-10-20 16:00:00,42.39,338,
2016-10-20 20:00:00,42.41,349,
2016-10-21 00:00:00,42.4,344,
2016-10-21 02:00:00,42.39,338,
2016-10-21 08:00:00,42.37,329,1.2
2016-10-21 14:00:00,42.38,333,
2016-10-21 20:00:00,42.39,338,
2016-10-22 00:00:00,42.39,338,
2016-10-22 02:00:00,42.39,338,
2016-10-22 08:00:00,42.4,344,0.643
2016-10-22 14:00:00,42.42,354,
2016-10-22 20:00:00,42.46,378,
2016-10-23 00:00:00,42.44,366,
2016-10-23 02:00:00,42.54,433,
2016-10-23 03:00:00,42.57,454,
2016-10-23 08:00:00,42.52,419,0.711
2016-10-23 14:00:00,42.48,391,
2016-10-23 20:00:00,42.48,391,
2016-10-24 00:00:00,42.49,399,
2016-10-24 01:00:00,42.5,405,
2016-10-24 02:00:00,42.49,399,
2016-10-24 08:00:00,42.49,399,0.785
2016-10-24 14:00:00,42.5,405,
2016-10-24 20:00:00,42.49,399,
2016-10-24 21:00:00,42.47,384,
2016-10-25 00:00:00,42.48,391,
2016-10-25 02:00:00,42.5,405,
2016-10-25 08:00:00,42.47,384,0.807
2016-10-25 14:00:00,42.48,391,
2016-10-25 20:00:00,42.46,378,
2016-10-26 00:00:00,42.47,384,
2016-10-26 02:00:00,42.48,391,
2016-10-26 08:00:00,42.48,391,0.753
2016-10-26 14:00:00,42.49,399,
2016-10-26 20:00:00,42.5,405,
2016-10-27 00:00:00,42.51,412,
2016-10-27 02:00:00,42.51,412,
2016-10-27 08:00:00,42.52,419,0.757
2016-10-27 14:00:00,42.53,426,
2016-10-27 20:00:00,42.54,433,
2016-10-27 22:00:00,42.56,447,
2016-10-28 00:00:00,42.56,447,
2016-10-28 02:00:00,42.56,447,
2016-10-28 08:00:00,42.57,454,0.919
2016-10-28 14:00:00,42.6,477,
2016-10-28 20:00:00,42.63,499,
2016-10-28 22:00:00,42.64,506,
2016-10-29 00:00:00,42.64,506,
2016-10-29 02:00:00,42.63,499,
2016-10-29 08:00:00,42.66,521,1.42
2016-10-29 12:00:00,42.66,521,
2016-10-29 14:00:00,42.66,521,
2016-10-29 20:00:00,42.67,529,
2016-10-30 00:00:00,42.68,536,
2016-10-30 02:00:00,42.68,536,
2016-10-30 08:00:00,42.67,483,1.26
2016-10-30 14:00:00,42.65,467,
2016-10-30 20:00:00,42.68,491,
2016-10-31 00:00:00,42.66,391,
2016-10-31 02:00:00,42.67,398,
2016-10-31 08:00:00,42.78,475,1.11
2016-10-31 14:00:00,42.85,526,
2016-10-31 20:00:00,42.74,447,
2016-11-01 00:00:00,42.69,412,
2016-11-01 02:00:00,42.68,491,
2016-11-01 08:00:00,42.66,475,1.01
2016-11-01 14:00:00,42.67,483,
2016-11-01 20:00:00,42.67,483,
2016-11-02 00:00:00,42.67,483,
2016-11-02 02:00:00,42.66,475,
2016-11-02 08:00:00,42.65,467,1.28
2016-11-02 12:00:00,42.63,451,
2016-11-02 14:00:00,42.64,459,
2016-11-02 20:00:00,42.65,467,
2016-11-03 00:00:00,42.65,467,
2016-11-03 04:00:00,42.64,459,
2016-11-03 08:00:00,42.62,443,1.03
2016-11-03 12:00:00,42.68,491,
2016-11-03 16:00:00,42.81,599,
2016-11-03 20:00:00,42.69,499,
2016-11-04 00:00:00,42.66,475,
2016-11-04 04:00:00,42.63,451,
2016-11-04 08:00:00,42.63,451,0.804
2016-11-04 12:00:00,42.61,435,
2016-11-04 14:00:00,42.59,420,
2016-11-04 16:00:00,42.61,435,
2016-11-04 20:00:00,42.62,443,
2016-11-05 00:00:00,42.61,435,
2016-11-05 02:00:00,42.6,428,
2016-11-05 08:00:00,42.61,435,1.29
2016-11-05 14:00:00,42.61,435,
2016-11-05 20:00:00,42.56,397,
2016-11-06 00:00:00,42.62,443,
2016-11-06 04:00:00,42.6,428,
2016-11-06 08:00:00,42.56,397,1.04
2016-11-06 10:00:00,42.55,390,
2016-11-06 12:00:00,42.72,524,
2016-11-06 16:00:00,42.63,371,
2016-11-06 20:00:00,42.65,384,
2016-11-07 00:00:00,42.69,412,
2016-11-07 04:00:00,42.72,433,
2016-11-07 08:00:00,42.72,433,0.74
2016-11-07 10:00:00,42.65,384,
2016-11-07 12:00:00,42.62,364,
2016-11-07 16:00:00,42.6,351,
2016-11-07 18:00:00,42.63,371,
2016-11-07 20:00:00,42.74,447,
2016-11-08 00:00:00,42.66,391,
2016-11-08 04:00:00,42.7,419,
2016-11-08 08:00:00,42.61,358,0.78
2016-11-08 12:00:00,42.65,384,
2016-11-08 16:00:00,42.71,426,
2016-11-08 18:00:00,42.75,454,
2016-11-08 20:00:00,42.67,398,
2016-11-09 00:00:00,42.59,345,
2016-11-09 04:00:00,42.7,419,
2016-11-09 08:00:00,42.67,398,0.563
2016-11-09 12:00:00,42.74,447,
2016-11-09 16:00:00,42.71,426,
2016-11-09 18:00:00,42.81,496,
2016-11-09 20:00:00,42.74,447,
2016-11-10 00:00:00,42.63,371,
2016-11-10 04:00:00,42.72,433,
2016-11-10 08:00:00,42.7,419,0.751
2016-11-10 12:00:00,42.65,384,
2016-11-10 16:00:00,42.78,475,
2016-11-10 20:00:00,42.69,412,
2016-11-11 00:00:00,42.62,364,
2016-11-11 04:00:00,42.67,398,
2016-11-11 08:00:00,42.66,391,0.523
2016-11-11 12:00:00,42.65,384,
2016-11-11 16:00:00,42.67,398,
2016-11-11 18:00:00,42.76,461,
2016-11-11 20:00:00,42.71,426,
2016-11-12 00:00:00,42.6,351,
2016-11-12 04:00:00,42.68,405,
2016-11-12 08:00:00,42.57,331,0.543
2016-11-12 12:00:00,42.54,312,
2016-11-12 16:00:00,42.54,312,
2016-11-12 20:00:00,42.52,300,
2016-11-13 00:00:00,42.65,384,
2016-11-13 04:00:00,42.57,331,
2016-11-13 08:00:00,42.53,306,0.582
2016-11-13 12:00:00,42.51,294,
2016-11-13 14:00:00,42.5,288,
2016-11-13 16:00:00,42.52,300,
2016-11-13 20:00:00,42.69,412,
2016-11-14 00:00:00,42.53,306,
2016-11-14 02:00:00,42.51,294,
2016-11-14 04:00:00,42.54,312,
2016-11-14 08:00:00,42.6,351,0.64
2016-11-14 10:00:00,42.63,371,
2016-11-14 12:00:00,42.61,358,
2016-11-14 16:00:00,42.6,351,
2016-11-14 20:00:00,42.54,312,
2016-11-15 00:00:00,42.68,405,
2016-11-15 04:00:00,42.55,318,
2016-11-15 06:00:00,42.52,300,
2016-11-15 08:00:00,42.52,300,0.548
2016-11-15 12:00:00,42.53,306,
2016-11-15 16:00:00,42.57,331,
2016-11-15 20:00:00,42.7,419,
2016-11-16 00:00:00,42.62,364,
2016-11-16 04:00:00,42.59,345,
2016-11-16 08:00:00,42.56,325,0.497
2016-11-16 12:00:00,42.59,345,
2016-11-16 16:00:00,42.53,306,
2016-11-16 18:00:00,42.68,405,
2016-11-16 20:00:00,42.67,398,
2016-11-17 00:00:00,42.59,345,
2016-11-17 04:00:00,42.54,312,
2016-11-17 08:00:00,42.53,306,0.514
2016-11-17 12:00:00,42.53,306,
2016-11-17 16:00:00,42.57,331,
2016-11-17 20:00:00,42.67,398,
2016-11-18 00:00:00,42.58,338,
2016-11-18 04:00:00,42.57,331,
2016-11-18 08:00:00,42.63,371,0.664
2016-11-18 12:00:00,42.53,306,
2016-11-18 16:00:00,42.65,384,
2016-11-18 20:00:00,42.62,364,
2016-11-19 00:00:00,42.52,300,
2016-11-19 04:00:00,42.62,364,
2016-11-19 08:00:00,42.53,306,0.559
2016-11-19 12:00:00,42.62,364,
2016-11-19 16:00:00,42.53,306,
2016-11-19 18:00:00,42.51,294,
2016-11-19 20:00:00,42.52,300,
2016-11-20 00:00:00,42.55,318,
2016-11-20 02:00:00,42.62,364,
2016-11-20 04:00:00,42.59,345,
2016-11-20 08:00:00,42.53,306,0.612
2016-11-20 12:00:00,42.5,288,
2016-11-20 16:00:00,42.51,294,
2016-11-20 20:00:00,42.59,345,
2016-11-21 00:00:00,42.59,345,
2016-11-21 04:00:00,42.52,300,
2016-11-21 08:00:00,42.51,294,0.543
2016-11-21 12:00:00,42.46,264,
2016-11-21 16:00:00,42.42,245,
2016-11-21 20:00:00,42.4,236,
2016-11-21 22:00:00,42.38,228,
2016-11-22 00:00:00,42.38,228,
2016-11-22 04:00:00,42.38,228,
2016-11-22 08:00:00,42.41,240,0.645
2016-11-22 12:00:00,42.43,249,
2016-11-22 16:00:00,42.44,254,
2016-11-22 20:00:00,42.47,270,
2016-11-22 22:00:00,42.5,288,
2016-11-23 00:00:00,42.51,231,
2016-11-23 04:00:00,42.54,248,
2016-11-23 08:00:00,42.55,253,0.556
2016-11-23 12:00:00,42.56,259,
2016-11-23 16:00:00,42.57,265,
2016-11-23 20:00:00,42.6,284,
2016-11-23 22:00:00,42.61,291,
2016-11-24 00:00:00,42.61,291,
2016-11-24 04:00:00,42.61,291,
2016-11-24 08:00:00,42.61,291,0.613
2016-11-24 12:00:00,42.6,284,
2016-11-24 16:00:00,42.61,291,
2016-11-24 20:00:00,42.62,297,
2016-11-24 22:00:00,42.63,303,
2016-11-25 00:00:00,42.63,303,
2016-11-25 04:00:00,42.64,309,
2016-11-25 08:00:00,42.65,316,0.656
2016-11-25 12:00:00,42.63,303,
2016-11-25 16:00:00,42.63,303,
2016-11-25 20:00:00,42.65,316,
2016-11-26 00:00:00,42.63,303,
2016-11-26 04:00:00,42.65,316,
2016-11-26 08:00:00,42.65,316,0.689
2016-11-26 12:00:00,42.65,316,
2016-11-26 16:00:00,42.66,322,
2016-11-26 20:00:00,42.68,335,
2016-11-26 22:00:00,42.74,374,
2016-11-27 00:00:00,42.76,387,
2016-11-27 04:00:00,42.78,400,
2016-11-27 06:00:00,42.82,427,
2016-11-27 08:00:00,42.79,407,0.783
2016-11-27 12:00:00,42.72,360,
2016-11-27 16:00:00,42.68,335,
2016-11-27 20:00:00,42.67,328,
2016-11-27 22:00:00,42.66,322,
2016-11-28 00:00:00,42.65,316,
2016-11-28 04:00:00,42.73,367,
2016-11-28 08:00:00,42.69,341,0.594
2016-11-28 12:00:00,42.64,309,
2016-11-28 16:00:00,42.61,291,
2016-11-28 20:00:00,42.61,291,
2016-11-28 22:00:00,42.6,284,
2016-11-29 00:00:00,42.6,284,
2016-11-29 04:00:00,42.59,278,
2016-11-29 08:00:00,42.58,271,0.608
2016-11-29 10:00:00,42.53,306,
2016-11-29 12:00:00,42.53,306,
2016-11-29 16:00:00,42.54,312,
2016-11-29 20:00:00,42.53,306,
2016-11-30 00:00:00,42.51,294,
2016-11-30 04:00:00,42.5,288,
2016-11-30 08:00:00,42.49,282,0.478
2016-11-30 12:00:00,42.47,270,
2016-11-30 16:00:00,42.48,275,
2016-11-30 20:00:00,42.47,270,
2016-11-30 22:00:00,42.45,259,
2016-12-01 00:00:00,42.46,281,
2016-12-01 04:00:00,42.44,276,
2016-12-01 08:00:00,42.43,273,0.486
2016-12-01 12:00:00,42.43,273,
2016-12-01 16:00:00,42.43,273,
2016-12-01 20:00:00,42.42,270,
2016-12-02 00:00:00,42.42,270,
2016-12-02 02:00:00,42.43,273,
2016-12-02 04:00:00,42.42,270,
2016-12-02 08:00:00,42.42,270,0.464
2016-12-02 12:00:00,42.39,263,
2016-12-02 16:00:00,42.4,265,
2016-12-02 20:00:00,42.42,270,
2016-12-03 00:00:00,42.43,273,
2016-12-03 04:00:00,42.42,270,
2016-12-03 08:00:00,42.42,270,0.458
2016-12-03 12:00:00,42.4,265,
2016-12-03 16:00:00,42.4,265,
2016-12-03 20:00:00,42.42,270,
2016-12-04 00:00:00,42.43,273,
2016-12-04 02:00:00,42.44,276,
2016-12-04 04:00:00,42.43,273,
2016-12-04 08:00:00,42.43,273,0.453
2016-12-04 12:00:00,42.42,270,
2016-12-04 14:00:00,42.41,268,
2016-12-04 16:00:00,42.43,273,
2016-12-04 20:00:00,42.43,273,
2016-12-05 00:00:00,42.42,270,
2016-12-05 02:00:00,42.41,268,
2016-12-05 08:00:00,42.39,263,0.411
2016-12-05 14:00:00,42.36,255,
2016-12-05 20:00:00,42.38,260,
2016-12-06 00:00:00,42.38,260,
2016-12-06 02:00:00,42.38,260,
2016-12-06 08:00:00,42.37,258,0.559
2016-12-06 10:00:00,42.36,255,
2016-12-06 14:00:00,42.37,258,
2016-12-06 20:00:00,42.4,265,
2016-12-06 22:00:00,42.42,270,
2016-12-07 00:00:00,42.43,273,
2016-12-07 02:00:00,42.43,273,
2016-12-07 08:00:00,42.41,268,0.512
2016-12-07 12:00:00,42.39,263,
2016-12-07 14:00:00,42.39,263,
2016-12-07 20:00:00,42.41,268,
2016-12-08 00:00:00,42.41,268,
2016-12-08 02:00:00,42.41,268,
2016-12-08 08:00:00,42.4,265,0.549
2016-12-08 14:00:00,42.38,260,
2016-12-08 20:00:00,42.41,268,
2016-12-09 00:00:00,42.41,268,
2016-12-09 02:00:00,42.41,268,
2016-12-09 04:00:00,42.4,265,
2016-12-09 08:00:00,42.41,268,0.508
2016-12-09 10:00:00,42.42,270,
2016-12-09 14:00:00,42.41,268,
2016-12-09 20:00:00,42.41,268,
2016-12-10 00:00:00,42.41,268,
2016-12-10 02:00:00,42.41,268,
2016-12-10 06:00:00,42.42,270,
2016-12-10 08:00:00,42.42,270,0.626
2016-12-10 12:00:00,42.4,265,
2016-12-10 14:00:00,42.42,270,
2016-12-10 20:00:00,42.41,268,
2016-12-11 00:00:00,42.42,270,
2016-12-11 02:00:00,42.42,270,
2016-12-11 04:00:00,42.43,273,
2016-12-11 08:00:00,42.41,268,0.55
2016-12-11 14:00:00,42.4,265,
2016-12-11 20:00:00,42.41,268,
2016-12-12 00:00:00,42.41,268,
2016-12-12 02:00:00,42.41,268,
2016-12-12 06:00:00,42.43,273,
2016-12-12 08:00:00,42.43,273,0.424
2016-12-12 14:00:00,42.43,273,
2016-12-12 16:00:00,42.4,265,
2016-12-12 20:00:00,42.42,270,
2016-12-13 00:00:00,42.41,268,
2016-12-13 02:00:00,42.41,268,
2016-12-13 04:00:00,42.39,263,
2016-12-13 08:00:00,42.4,265,0.554
2016-12-13 14:00:00,42.39,263,
2016-12-13 20:00:00,42.4,265,
2016-12-14 00:00:00,42.39,263,
2016-12-14 02:00:00,42.4,265,
2016-12-14 04:00:00,42.42,270,
2016-12-14 08:00:00,42.42,270,0.593
2016-12-14 14:00:00,42.4,265,
2016-12-14 20:00:00,42.39,263,
2016-12-15 00:00:00,42.4,265,
2016-12-15 02:00:00,42.39,263,
2016-12-15 04:00:00,42.41,268,
2016-12-15 08:00:00,42.4,265,0.522
2016-12-15 12:00:00,42.38,260,
2016-12-15 14:00:00,42.38,260,
2016-12-15 20:00:00,42.39,263,
2016-12-16 00:00:00,42.38,260,
2016-12-16 02:00:00,42.39,263,
2016-12-16 08:00:00,42.37,258,0.635
2016-12-16 10:00:00,42.36,255,
2016-12-16 14:00:00,42.36,255,
2016-12-16 20:00:00,42.37,258,
2016-12-17 00:00:00,42.36,255,
2016-12-17 02:00:00,42.36,255,
2016-12-17 08:00:00,42.36,255,0.5
2016-12-17 14:00:00,42.36,255,
2016-12-17 18:00:00,42.38,260,
2016-12-17 20:00:00,42.37,258,
2016-12-18 00:00:00,42.37,258,
2016-12-18 04:00:00,42.37,258,
2016-12-18 08:00:00,42.35,253,0.486
2016-12-18 12:00:00,42.34,250,
2016-12-18 16:00:00,42.33,248,
2016-12-18 20:00:00,42.33,248,
2016-12-18 22:00:00,42.32,246,
2016-12-19 00:00:00,42.31,243,
2016-12-19 02:00:00,42.29,238,
2016-12-19 08:00:00,42.27,233,0.439
2016-12-19 14:00:00,42.25,229,
2016-12-19 20:00:00,42.23,225,
2016-12-19 22:00:00,42.21,221,
2016-12-20 00:00:00,42.21,221,
2016-12-20 02:00:00,42.21,221,
2016-12-20 08:00:00,42.19,217,0.422
2016-12-20 14:00:00,42.18,215,
2016-12-20 20:00:00,42.17,213,
2016-12-20 21:00:00,42.16,212,
2016-12-21 00:00:00,42.16,212,
2016-12-21 02:00:00,42.16,212,
2016-12-21 08:00:00,42.17,213,0.39
2016-12-21 13:00:00,42.18,215,
2016-12-21 14:00:00,42.17,213,
2016-12-21 16:00:00,42.15,210,
2016-12-21 20:00:00,42.17,213,
2016-12-22 00:00:00,42.17,213,
2016-12-22 02:00:00,42.17,213,
2016-12-22 08:00:00,42.17,213,0.424
2016-12-22 14:00:00,42.18,215,
2016-12-22 15:00:00,42.19,217,
2016-12-22 20:00:00,42.19,217,
2016-12-23 00:00:00,42.19,217,
2016-12-23 02:00:00,42.19,217,
2016-12-23 08:00:00,42.19,217,0.377
2016-12-23 14:00:00,42.19,217,
2016-12-23 18:00:00,42.2,219,
2016-12-23 20:00:00,42.2,219,
2016-12-24 00:00:00,42.2,219,
2016-12-24 02:00:00,42.2,219,
2016-12-24 08:00:00,42.21,221,0.362
2016-12-24 12:00:00,42.19,217,
2016-12-24 14:00:00,42.19,217,
2016-12-24 20:00:00,42.2,219,
2016-12-25 00:00:00,42.21,221,
2016-12-25 04:00:00,42.21,221,
2016-12-25 08:00:00,42.21,221,0.387
2016-12-25 12:00:00,42.2,219,
2016-12-25 16:00:00,42.2,219,
2016-12-25 18:00:00,42.24,227,
2016-12-25 20:00:00,42.24,227,
2016-12-26 00:00:00,42.24,227,
2016-12-26 04:00:00,42.24,227,
2016-12-26 08:00:00,42.23,225,0.308
2016-12-26 12:00:00,42.23,225,
2016-12-26 16:00:00,42.24,227,
2016-12-26 20:00:00,42.24,227,
2016-12-27 00:00:00,42.25,229,
2016-12-27 04:00:00,42.25,229,
2016-12-27 08:00:00,42.25,229,0.302
2016-12-27 12:00:00,42.25,229,
2016-12-27 16:00:00,42.25,229,
2016-12-27 20:00:00,42.25,229,
2016-12-28 00:00:00,42.24,227,
2016-12-28 02:00:00,42.24,227,
2016-12-28 04:00:00,42.25,229,
2016-12-28 08:00:00,42.24,227,0.285
2016-12-28 14:00:00,42.24,227,
2016-12-28 20:00:00,42.24,227,
2016-12-29 00:00:00,42.22,223,
2016-12-29 02:00:00,42.23,225,
2016-12-29 08:00:00,42.23,225,0.425
2016-12-29 14:00:00,42.22,223,
2016-12-29 20:00:00,42.22,223,
2016-12-30 00:00:00,42.21,221,
2016-12-30 02:00:00,42.21,221,
2016-12-30 08:00:00,42.19,217,0.415
2016-12-30 14:00:00,42.18,215,
2016-12-30 20:00:00,42.19,217,
2016-12-31 00:00:00,42.19,217,
2016-12-31 02:00:00,42.19,217,
2016-12-31 08:00:00,42.19,217,0.356
2016-12-31 14:00:00,42.17,213,
2016-12-31 20:00:00,42.18,215,
2017-01-01 00:00:00,42.18,215,0.461
2017-01-01 02:00:00,42.18,215,
2017-01-01 08:00:00,42.17,212,0.514
2017-01-01 14:00:00,42.17,212,
2017-01-01 20:00:00,42.16,210,
2017-01-02 00:00:00,42.15,207,
2017-01-02 02:00:00,42.14,204,
2017-01-02 08:00:00,42.14,204,0.581
2017-01-02 14:00:00,42.12,200,
2017-01-02 20:00:00,42.11,197,
2017-01-03 00:00:00,42.11,197,
2017-01-03 02:00:00,42.1,195,
2017-01-03 08:00:00,42.09,193,0.469
2017-01-03 14:00:00,42.09,193,
2017-01-03 20:00:00,42.09,193,
2017-01-04 00:00:00,42.08,190,
2017-01-04 02:00:00,42.08,190,
2017-01-04 08:00:00,42.08,190,0.418
2017-01-04 13:00:00,42.07,188,0.415
2017-01-04 14:00:00,42.07,188,
2017-01-04 20:00:00,42.06,186,
2017-01-05 00:00:00,42.06,186,
2017-01-05 04:00:00,42.06,186,
2017-01-05 08:00:00,42.06,186,0.419
2017-01-05 12:00:00,42.06,186,
2017-01-05 16:00:00,42.06,186,
2017-01-05 20:00:00,42.05,184,
2017-01-06 00:00:00,42.05,184,
2017-01-06 02:00:00,42.06,186,
2017-01-06 08:00:00,42.05,184,0.444
2017-01-06 14:00:00,42.05,184,
2017-01-06 20:00:00,42.05,184,
2017-01-07 00:00:00,42.05,184,
2017-01-07 02:00:00,42.05,184,
2017-01-07 08:00:00,42.05,184,0.468
2017-01-07 14:00:00,42.04,182,
2017-01-07 20:00:00,42.04,182,
2017-01-08 00:00:00,42.05,202,
2017-01-08 02:00:00,42.05,202,
2017-01-08 08:00:00,42.06,204,0.529
2017-01-08 14:00:00,42.05,202,
2017-01-08 20:00:00,42.06,204,
2017-01-09 00:00:00,42.05,202,
2017-01-09 02:00:00,42.05,202,
2017-01-09 08:00:00,42.05,202,0.532
2017-01-09 14:00:00,42.05,202,
2017-01-09 20:00:00,42.05,202,
2017-01-10 00:00:00,42.06,204,
2017-01-10 02:00:00,42.05,202,
2017-01-10 08:00:00,42.05,202,0.526
2017-01-10 14:00:00,42.05,202,
2017-01-10 20:00:00,42.05,202,
2017-01-11 00:00:00,42.05,202,
2017-01-11 02:00:00,42.05,202,
2017-01-11 08:00:00,42.05,202,0.483
2017-01-11 14:00:00,42.05,202,
2017-01-11 20:00:00,42.06,204,
2017-01-12 00:00:00,42.06,204,
2017-01-12 02:00:00,42.06,204,
2017-01-12 08:00:00,42.06,204,
2017-01-12 14:00:00,42.06,204,0.516
2017-01-12 20:00:00,42.07,206,
2017-01-13 00:00:00,42.07,206,
2017-01-13 02:00:00,42.07,206,
2017-01-13 08:00:00,42.07,206,
2017-01-13 14:00:00,42.07,206,0.519
2017-01-13 20:00:00,42.07,206,
2017-01-14 00:00:00,42.07,206,
2017-01-14 02:00:00,42.07,206,
2017-01-14 08:00:00,42.08,208,
2017-01-14 14:00:00,42.07,206,0.541
2017-01-14 20:00:00,42.08,208,
2017-01-15 00:00:00,42.08,208,
2017-01-15 02:00:00,42.08,208,
2017-01-15 08:00:00,42.08,208,
2017-01-15 14:00:00,42.05,202,0.464
2017-01-15 20:00:00,42.07,206,
2017-01-16 00:00:00,42.06,204,
2017-01-16 04:00:00,42.06,204,
2017-01-16 08:00:00,42.06,204,
2017-01-16 12:00:00,42.04,201,
2017-01-16 14:00:00,42.04,201,0.571
2017-01-16 16:00:00,42.05,202,
2017-01-16 20:00:00,42.05,202,
2017-01-17 00:00:00,42.04,201,
2017-01-17 02:00:00,42.04,201,
2017-01-17 08:00:00,42.04,201,
2017-01-17 14:00:00,42.03,199,0.458
2017-01-17 20:00:00,42.03,199,
2017-01-18 00:00:00,42.03,199,
2017-01-18 02:00:00,42.03,199,
2017-01-18 08:00:00,42.03,199,0.515
2017-01-18 14:00:00,42.03,199,
2017-01-18 20:00:00,42.03,199,
2017-01-19 00:00:00,42.03,199,
2017-01-19 02:00:00,42.03,199,
2017-01-19 08:00:00,42.03,199,0.438
2017-01-19 14:00:00,42.02,197,
2017-01-19 20:00:00,42.02,197,
2017-01-20 00:00:00,42.02,197,
2017-01-20 02:00:00,42.03,199,
2017-01-20 08:00:00,42.02,197,0.386
2017-01-20 14:00:00,42.02,197,
2017-01-20 20:00:00,42.02,197,
2017-01-21 00:00:00,42.01,196,
2017-01-21 02:00:00,42.01,196,
2017-01-21 08:00:00,42.01,196,0.536
2017-01-21 14:00:00,42.0,194,
2017-01-21 20:00:00,42.01,196,
2017-01-22 00:00:00,42.01,196,
2017-01-22 02:00:00,42.01,196,
2017-01-22 08:00:00,42.0,194,0.488
2017-01-22 14:00:00,41.99,192,
2017-01-22 20:00:00,41.99,192,
2017-01-23 00:00:00,41.99,192,
2017-01-23 02:00:00,41.99,192,
2017-01-23 08:00:00,41.98,191,0.354
2017-01-23 14:00:00,41.96,188,
2017-01-23 20:00:00,41.97,190,
2017-01-24 00:00:00,41.97,190,
2017-01-24 02:00:00,41.97,190,
2017-01-24 08:00:00,41.96,188,0.436
2017-01-24 14:00:00,41.96,188,
2017-01-24 20:00:00,41.96,188,
2017-01-25 00:00:00,41.96,188,
2017-01-25 02:00:00,41.96,188,
2017-01-25 08:00:00,41.95,187,0.412
2017-01-25 14:00:00,41.94,186,
2017-01-25 20:00:00,41.95,187,
2017-01-26 00:00:00,41.93,184,
2017-01-26 02:00:00,41.93,184,
2017-01-26 08:00:00,41.93,184,0.468
2017-01-26 14:00:00,41.92,183,
2017-01-26 20:00:00,41.94,186,
2017-01-27 00:00:00,41.93,184,
2017-01-27 02:00:00,41.93,184,
2017-01-27 08:00:00,41.93,184,0.509
2017-01-27 14:00:00,41.91,182,
2017-01-27 20:00:00,41.91,182,
2017-01-28 00:00:00,41.91,182,
2017-01-28 02:00:00,41.91,182,
2017-01-28 08:00:00,41.89,180,0.523
2017-01-28 14:00:00,41.89,180,
2017-01-28 20:00:00,41.89,180,
2017-01-29 00:00:00,41.89,180,
2017-01-29 02:00:00,41.89,180,
2017-01-29 06:00:00,41.88,179,
2017-01-29 08:00:00,41.88,179,0.445
2017-01-29 14:00:00,41.89,180,
2017-01-29 20:00:00,41.89,180,
2017-01-30 00:00:00,41.9,181,
2017-01-30 02:00:00,41.91,182,
2017-01-30 08:00:00,41.9,181,0.451
2017-01-30 14:00:00,41.9,181,
2017-01-30 20:00:00,41.9,181,
2017-01-31 00:00:00,41.9,181,
2017-01-31 02:00:00,41.9,181,
2017-01-31 08:00:00,41.9,181,0.4
2017-01-31 14:00:00,41.9,181,
2017-01-31 20:00:00,41.9,181,
2017-02-01 00:00:00,41.91,182,
2017-02-01 02:00:00,41.9,181,
2017-02-01 08:00:00,41.9,181,0.474
2017-02-01 14:00:00,41.89,180,
2017-02-01 20:00:00,41.91,182,
2017-02-02 00:00:00,41.91,182,
2017-02-02 04:00:00,41.91,182,
2017-02-02 08:00:00,41.91,182,0.541
2017-02-02 12:00:00,41.9,181,
2017-02-02 16:00:00,41.91,182,
2017-02-02 20:00:00,41.91,182,
2017-02-03 00:00:00,41.91,182,
2017-02-03 02:00:00,41.91,182,
2017-02-03 08:00:00,41.92,183,0.405
2017-02-03 14:00:00,41.91,182,
2017-02-03 20:00:00,41.91,182,
2017-02-04 00:00:00,41.91,182,
2017-02-04 02:00:00,41.91,182,
2017-02-04 08:00:00,41.91,182,0.427
2017-02-04 14:00:00,41.91,182,
2017-02-04 20:00:00,41.92,183,
2017-02-05 00:00:00,41.92,183,
2017-02-05 02:00:00,41.92,183,
2017-02-05 08:00:00,41.92,183,0.431
2017-02-05 14:00:00,41.92,183,
2017-02-05 20:00:00,41.92,183,
2017-02-06 00:00:00,41.92,183,
2017-02-06 02:00:00,41.92,183,
2017-02-06 08:00:00,41.92,183,0.44
2017-02-06 14:00:00,41.92,183,
2017-02-06 20:00:00,41.93,184,
2017-02-07 00:00:00,41.94,186,
2017-02-07 02:00:00,41.95,187,
2017-02-07 08:00:00,41.96,188,0.561
2017-02-07 14:00:00,41.98,191,
2017-02-07 20:00:00,41.99,192,
2017-02-08 00:00:00,42.0,194,
2017-02-08 02:00:00,42.0,194,
2017-02-08 08:00:00,42.01,196,0.678
2017-02-08 14:00:00,42.01,196,
2017-02-08 20:00:00,42.03,199,
2017-02-09 00:00:00,42.03,199,
2017-02-09 02:00:00,42.04,201,
2017-02-09 08:00:00,42.05,202,0.7
2017-02-09 14:00:00,42.03,199,
2017-02-09 20:00:00,42.05,202,
2017-02-10 00:00:00,42.05,202,
2017-02-10 02:00:00,42.06,216,
2017-02-10 08:00:00,42.05,214,0.615
2017-02-10 14:00:00,42.04,211,
2017-02-10 20:00:00,42.07,219,
2017-02-11 00:00:00,42.07,219,
2017-02-11 04:00:00,42.06,216,
2017-02-11 08:00:00,42.06,216,0.676
2017-02-11 12:00:00,42.06,216,
2017-02-11 16:00:00,42.05,214,
2017-02-11 20:00:00,42.08,221,
2017-02-12 00:00:00,42.08,221,
2017-02-12 02:00:00,42.07,219,
2017-02-12 08:00:00,42.07,219,0.515
2017-02-12 14:00:00,42.05,214,
2017-02-12 20:00:00,42.06,216,
2017-02-13 00:00:00,42.06,216,
2017-02-13 02:00:00,42.06,216,
2017-02-13 08:00:00,42.05,214,0.63
2017-02-13 14:00:00,42.04,211,
2017-02-13 20:00:00,42.04,211,
2017-02-14 00:00:00,42.03,209,
2017-02-14 02:00:00,42.04,211,
2017-02-14 08:00:00,42.03,209,0.446
2017-02-14 14:00:00,42.02,207,
2017-02-14 20:00:00,42.02,207,
2017-02-15 00:00:00,42.04,211,
2017-02-15 02:00:00,42.05,214,
2017-02-15 08:00:00,42.06,216,0.822
2017-02-15 14:00:00,42.05,214,
2017-02-15 20:00:00,42.09,224,
2017-02-16 00:00:00,42.13,236,
2017-02-16 04:00:00,42.13,236,
2017-02-16 08:00:00,42.17,250,0.871
2017-02-16 12:00:00,42.18,253,
2017-02-16 14:00:00,42.19,257,
2017-02-16 16:00:00,42.2,260,
2017-02-16 20:00:00,42.26,280,
2017-02-17 00:00:00,42.27,284,
2017-02-17 04:00:00,42.28,287,
2017-02-17 08:00:00,42.31,299,0.862
2017-02-17 12:00:00,42.33,306,
2017-02-17 16:00:00,42.34,310,
2017-02-17 20:00:00,42.36,317,
2017-02-18 00:00:00,42.37,321,
2017-02-18 04:00:00,42.38,325,
2017-02-18 08:00:00,42.36,317,1.14
2017-02-18 12:00:00,42.38,325,
2017-02-18 16:00:00,42.39,329,
2017-02-18 20:00:00,42.43,344,
2017-02-19 00:00:00,42.46,356,
2017-02-19 04:00:00,42.47,360,
2017-02-19 08:00:00,42.48,363,1.26
2017-02-19 12:00:00,42.48,363,
2017-02-19 16:00:00,42.51,375,
2017-02-19 20:00:00,42.49,367,
2017-02-20 00:00:00,42.49,367,
2017-02-20 04:00:00,42.43,344,
2017-02-20 08:00:00,42.4,333,0.78
2017-02-20 12:00:00,42.38,325,
2017-02-20 16:00:00,42.39,329,
2017-02-20 20:00:00,42.43,344,
2017-02-21 00:00:00,42.47,360,
2017-02-21 04:00:00,42.5,371,
2017-02-21 08:00:00,42.52,379,0.93
2017-02-21 12:00:00,42.56,395,
2017-02-21 15:00:00,42.56,395,
2017-02-21 16:00:00,42.56,395,
2017-02-21 20:00:00,42.58,403,
2017-02-22 00:00:00,42.59,407,
2017-02-22 04:00:00,42.61,415,
2017-02-22 08:00:00,42.62,419,
2017-02-22 12:00:00,42.65,431,
2017-02-22 14:00:00,42.65,431,1.04
2017-02-22 16:00:00,42.67,439,
2017-02-22 20:00:00,42.71,455,
2017-02-23 00:00:00,42.71,455,
2017-02-23 04:00:00,42.71,455,
2017-02-23 08:00:00,42.73,463,1.27
2017-02-23 12:00:00,42.7,451,
2017-02-23 16:00:00,42.72,459,
2017-02-23 18:00:00,42.74,467,
2017-02-23 20:00:00,42.73,463,
2017-02-24 00:00:00,42.73,463,
2017-02-24 04:00:00,42.73,463,
2017-02-24 08:00:00,42.72,459,1.36
2017-02-24 12:00:00,42.72,459,
2017-02-24 16:00:00,42.71,455,
2017-02-24 20:00:00,42.73,463,
2017-02-25 00:00:00,42.7,451,
2017-02-25 04:00:00,42.71,455,
2017-02-25 08:00:00,42.71,455,1.22
2017-02-25 12:00:00,42.64,427,
2017-02-25 16:00:00,42.57,399,
2017-02-25 20:00:00,42.65,431,
2017-02-26 00:00:00,42.7,451,
2017-02-26 04:00:00,42.7,451,
2017-02-26 08:00:00,42.7,451,1.28
2017-02-26 12:00:00,42.66,435,
2017-02-26 16:00:00,42.63,423,
2017-02-26 20:00:00,42.64,427,
2017-02-27 00:00:00,42.63,423,
2017-02-27 04:00:00,42.61,415,
2017-02-27 08:00:00,42.59,407,1.18
2017-02-27 12:00:00,42.52,379,
2017-02-27 16:00:00,42.57,434,
2017-02-27 20:00:00,42.62,454,
2017-02-28 00:00:00,42.6,446,
2017-02-28 04:00:00,42.59,442,
2017-02-28 08:00:00,42.57,434,1.07
2017-02-28 12:00:00,42.48,401,
2017-02-28 16:00:00,42.52,415,
2017-02-28 20:00:00,42.59,442,
2017-03-01 00:00:00,42.59,442,
2017-03-01 04:00:00,42.57,434,
2017-03-01 08:00:00,42.52,415,0.941
2017-03-01 12:00:00,42.48,401,
2017-03-01 16:00:00,42.44,387,
2017-03-01 20:00:00,42.43,384,
2017-03-02 00:00:00,42.52,415,
2017-03-02 04:00:00,42.61,450,
2017-03-02 08:00:00,42.67,475,1.17
2017-03-02 12:00:00,42.57,434,
2017-03-02 16:00:00,42.62,454,
2017-03-02 20:00:00,42.66,471,
2017-03-03 00:00:00,42.62,454,
2017-03-03 04:00:00,42.6,446,
2017-03-03 08:00:00,42.54,423,0.739
2017-03-03 12:00:00,42.5,408,
2017-03-03 16:00:00,42.63,458,
2017-03-03 20:00:00,42.64,462,
2017-03-04 00:00:00,42.61,450,
2017-03-04 04:00:00,42.55,426,
2017-03-04 08:00:00,42.52,415,0.909
2017-03-04 12:00:00,42.58,438,
2017-03-04 16:00:00,42.6,446,
2017-03-04 20:00:00,42.6,446,
2017-03-05 00:00:00,42.6,446,
2017-03-05 04:00:00,42.6,446,
2017-03-05 08:00:00,42.61,450,1.11
2017-03-05 12:00:00,42.57,434,
2017-03-05 16:00:00,42.64,462,
2017-03-05 20:00:00,42.73,501,
2017-03-06 00:00:00,42.77,518,
2017-03-06 04:00:00,42.76,514,
2017-03-06 08:00:00,42.75,510,1.44
2017-03-06 12:00:00,42.72,497,
2017-03-06 16:00:00,42.75,510,
2017-03-06 20:00:00,42.8,531,
2017-03-07 00:00:00,42.82,540,
2017-03-07 04:00:00,42.8,531,
2017-03-07 08:00:00,42.86,558,1.76
2017-03-07 12:00:00,42.85,554,
2017-03-07 16:00:00,42.83,545,
2017-03-07 20:00:00,42.85,554,
2017-03-08 00:00:00,42.83,545,
2017-03-08 04:00:00,42.83,545,
2017-03-08 08:00:00,42.82,540,1.52
2017-03-08 12:00:00,42.83,545,
2017-03-08 16:00:00,42.82,540,
2017-03-08 20:00:00,42.82,540,
2017-03-09 00:00:00,42.79,527,
2017-03-09 04:00:00,42.79,527,
2017-03-09 08:00:00,42.84,549,1.16
2017-03-09 12:00:00,42.85,554,
2017-03-09 16:00:00,42.81,536,
2017-03-09 20:00:00,42.75,510,
2017-03-10 00:00:00,42.73,501,
2017-03-10 04:00:00,42.73,501,
2017-03-10 08:00:00,42.74,505,0.967
2017-03-10 12:00:00,42.72,497,
2017-03-10 16:00:00,42.7,488,
2017-03-10 20:00:00,42.69,484,
2017-03-11 00:00:00,42.69,484,
2017-03-11 04:00:00,42.72,497,
2017-03-11 08:00:00,42.75,510,1.22
2017-03-11 12:00:00,42.71,492,
2017-03-11 16:00:00,42.71,492,
2017-03-11 20:00:00,42.69,484,
2017-03-12 00:00:00,42.7,488,
2017-03-12 04:00:00,42.68,480,
2017-03-12 08:00:00,42.68,480,1.11
2017-03-12 12:00:00,42.63,458,
2017-03-12 16:00:00,42.61,450,
2017-03-12 20:00:00,42.62,454,
2017-03-13 00:00:00,42.85,554,
2017-03-13 04:00:00,42.82,540,
2017-03-13 08:00:00,42.73,501,1.01
2017-03-13 12:00:00,42.75,510,
2017-03-13 16:00:00,42.66,471,
2017-03-13 20:00:00,42.84,549,
2017-03-14 00:00:00,42.76,514,
2017-03-14 04:00:00,42.77,518,
2017-03-14 08:00:00,42.76,514,0.879
2017-03-14 12:00:00,42.75,510,
2017-03-14 16:00:00,42.79,527,
2017-03-14 20:00:00,42.74,505,
2017-03-15 00:00:00,42.74,505,
2017-03-15 04:00:00,42.76,514,
2017-03-15 08:00:00,42.79,527,1.04
2017-03-15 12:00:00,42.82,540,
2017-03-15 16:00:00,42.8,531,
2017-03-15 20:00:00,42.77,518,
2017-03-16 00:00:00,42.75,510,
2017-03-16 04:00:00,42.77,554,
2017-03-16 08:00:00,42.8,564,1.47
2017-03-16 12:00:00,42.76,551,
2017-03-16 16:00:00,42.73,541,
2017-03-16 20:00:00,42.74,544,
2017-03-17 00:00:00,42.74,544,
2017-03-17 04:00:00,42.75,547,
2017-03-17 08:00:00,42.78,557,1.25
2017-03-17 12:00:00,42.83,574,
2017-03-17 16:00:00,42.83,574,
2017-03-17 20:00:00,42.76,551,
2017-03-18 00:00:00,42.75,547,
2017-03-18 04:00:00,42.75,547,
2017-03-18 08:00:00,42.77,554,1.2
2017-03-18 12:00:00,42.85,581,
2017-03-18 16:00:00,42.84,577,
2017-03-18 20:00:00,42.77,554,
2017-03-19 00:00:00,42.76,551,
2017-03-19 04:00:00,42.75,547,
2017-03-19 08:00:00,42.8,564,1.3
2017-03-19 12:00:00,42.83,574,
2017-03-19 16:00:00,42.79,561,
2017-03-19 20:00:00,42.76,551,
2017-03-20 00:00:00,42.76,551,
2017-03-20 04:00:00,42.82,571,
2017-03-20 08:00:00,42.84,577,1.11
2017-03-20 12:00:00,42.84,577,
2017-03-20 16:00:00,42.77,554,
2017-03-20 20:00:00,42.78,557,
2017-03-21 00:00:00,42.77,554,
2017-03-21 04:00:00,42.76,551,
2017-03-21 08:00:00,42.83,574,1.38
2017-03-21 12:00:00,42.9,598,
2017-03-21 16:00:00,42.92,605,
2017-03-21 20:00:00,42.79,561,
2017-03-22 00:00:00,42.76,551,
2017-03-22 04:00:00,42.76,551,
2017-03-22 08:00:00,42.78,557,1.33
2017-03-22 12:00:00,42.77,554,
2017-03-22 16:00:00,42.78,557,
2017-03-22 20:00:00,42.82,571,
2017-03-23 00:00:00,42.89,594,
2017-03-23 04:00:00,42.84,577,
2017-03-23 08:00:00,42.78,557,1.28
2017-03-23 12:00:00,42.78,557,
2017-03-23 16:00:00,42.81,567,
2017-03-23 20:00:00,42.8,564,
2017-03-24 00:00:00,42.8,564,
2017-03-24 04:00:00,42.83,574,
2017-03-24 08:00:00,42.88,591,1.09
2017-03-24 12:00:00,42.92,605,
2017-03-24 16:00:00,42.93,608,
2017-03-24 20:00:00,42.82,571,
2017-03-25 00:00:00,42.8,564,
2017-03-25 04:00:00,42.79,561,
2017-03-25 08:00:00,42.79,561,1.74
2017-03-25 12:00:00,42.77,554,
2017-03-25 16:00:00,42.76,551,
2017-03-25 20:00:00,42.76,551,
2017-03-26 00:00:00,42.77,554,
2017-03-26 04:00:00,42.76,551,
2017-03-26 08:00:00,42.76,551,1.86
2017-03-26 12:00:00,42.75,547,
2017-03-26 16:00:00,42.76,551,
2017-03-26 20:00:00,42.76,551,
2017-03-27 00:00:00,42.76,551,
2017-03-27 04:00:00,42.75,547,
2017-03-27 08:00:00,42.75,547,1.53
2017-03-27 12:00:00,42.77,554,
2017-03-27 16:00:00,42.73,541,
2017-03-27 20:00:00,42.75,547,
2017-03-28 00:00:00,42.75,547,
2017-03-28 04:00:00,42.77,554,
2017-03-28 08:00:00,42.9,598,1.06
2017-03-28 12:00:00,42.95,615,
2017-03-28 14:00:00,42.96,619,
2017-03-28 16:00:00,42.92,605,
2017-03-28 20:00:00,42.8,564,
2017-03-29 00:00:00,42.77,554,
2017-03-29 04:00:00,42.78,557,
2017-03-29 08:00:00,42.77,554,1.76
2017-03-29 12:00:00,42.77,554,
2017-03-29 16:00:00,42.74,544,
2017-03-29 20:00:00,42.74,544,
2017-03-30 00:00:00,42.75,547,
2017-03-30 04:00:00,42.76,551,
2017-03-30 08:00:00,42.77,554,1.29
2017-03-30 12:00:00,42.78,557,
2017-03-30 16:00:00,42.78,557,
2017-03-30 20:00:00,42.76,551,
2017-03-31 00:00:00,42.78,557,
2017-03-31 04:00:00,42.78,557,
2017-03-31 08:00:00,42.82,571,1.66
2017-03-31 12:00:00,42.84,577,
2017-03-31 16:00:00,42.84,577,
2017-03-31 20:00:00,42.84,577,
2017-04-01 00:00:00,42.83,574,
2017-04-01 04:00:00,42.84,658,
2017-04-01 08:00:00,42.84,658,2.05
2017-04-01 12:00:00,42.85,665,
2017-04-01 16:00:00,42.83,650,
2017-04-01 20:00:00,42.85,665,
2017-04-02 00:00:00,42.83,650,
2017-04-02 04:00:00,42.85,665,
2017-04-02 08:00:00,42.84,658,1.3
2017-04-02 12:00:00,42.86,673,
2017-04-02 16:00:00,42.85,665,
2017-04-02 20:00:00,42.85,665,
2017-04-03 00:00:00,42.86,673,
2017-04-03 04:00:00,42.86,673,
2017-04-03 08:00:00,42.86,673,1.88
2017-04-03 12:00:00,42.85,665,
2017-04-03 16:00:00,42.84,658,
2017-04-03 20:00:00,42.86,673,
2017-04-04 00:00:00,42.86,673,
2017-04-04 04:00:00,42.83,650,
2017-04-04 08:00:00,42.83,650,1.52
2017-04-04 12:00:00,42.84,658,
2017-04-04 16:00:00,42.85,665,
2017-04-04 20:00:00,42.86,673,
2017-04-05 00:00:00,42.86,673,
2017-04-05 04:00:00,42.88,689,
2017-04-05 08:00:00,42.89,696,1.96
2017-04-05 12:00:00,42.9,704,
2017-04-05 16:00:00,42.9,704,
2017-04-05 20:00:00,42.89,696,
2017-04-06 00:00:00,42.9,704,
2017-04-06 04:00:00,42.9,704,
2017-04-06 08:00:00,42.88,689,2.01
2017-04-06 12:00:00,42.89,696,
2017-04-06 16:00:00,42.89,696,
2017-04-06 20:00:00,42.89,696,
2017-04-07 00:00:00,42.89,696,
2017-04-07 04:00:00,42.88,689,
2017-04-07 08:00:00,42.87,681,1.99
2017-04-07 12:00:00,42.89,696,
2017-04-07 16:00:00,42.88,689,
2017-04-07 20:00:00,42.9,704,
2017-04-08 00:00:00,42.91,712,
2017-04-08 04:00:00,42.92,720,
2017-04-08 08:00:00,42.92,720,1.85
2017-04-08 12:00:00,42.92,720,
2017-04-08 16:00:00,42.9,704,
2017-04-08 20:00:00,42.96,751,
2017-04-09 00:00:00,42.94,735,
2017-04-09 04:00:00,42.94,735,
2017-04-09 08:00:00,42.93,728,1.4
2017-04-09 12:00:00,42.95,743,
2017-04-09 16:00:00,42.94,735,
2017-04-09 20:00:00,42.94,735,
2017-04-10 00:00:00,42.95,743,
2017-04-10 04:00:00,42.96,751,
2017-04-10 08:00:00,42.96,751,1.64
2017-04-10 12:00:00,42.97,759,
2017-04-10 16:00:00,42.98,767,
2017-04-10 20:00:00,42.97,759,
2017-04-11 00:00:00,42.94,735,
2017-04-11 04:00:00,42.96,751,
2017-04-11 08:00:00,42.97,759,1.9
2017-04-11 12:00:00,42.98,767,
2017-04-11 16:00:00,42.96,751,
2017-04-11 20:00:00,42.95,743,
2017-04-12 00:00:00,42.98,767,
2017-04-12 04:00:00,42.98,767,
2017-04-12 08:00:00,42.99,775,2.21
2017-04-12 12:00:00,43.02,799,
2017-04-12 16:00:00,43.02,799,
2017-04-12 20:00:00,43.02,799,
2017-04-13 00:00:00,43.02,799,
2017-04-13 04:00:00,43.02,799,
2017-04-13 08:00:00,43.02,799,1.94
2017-04-13 12:00:00,43.02,799,
2017-04-13 16:00:00,43.02,799,
2017-04-13 20:00:00,43.0,783,
2017-04-14 00:00:00,43.02,799,
2017-04-14 04:00:00,43.01,791,
2017-04-14 08:00:00,43.02,799,1.92
2017-04-14 12:00:00,43.01,791,
2017-04-14 16:00:00,43.01,791,
2017-04-14 20:00:00,43.02,799,
2017-04-15 00:00:00,43.02,799,
2017-04-15 04:00:00,43.02,799,
2017-04-15 08:00:00,43.04,815,1.96
2017-04-15 12:00:00,43.03,807,
2017-04-15 16:00:00,43.03,807,
2017-04-15 18:00:00,43.03,807,
2017-04-15 20:00:00,43.02,799,
2017-04-16 00:00:00,43.04,815,
2017-04-16 04:00:00,43.05,823,
2017-04-16 08:00:00,43.03,807,2.03
2017-04-16 12:00:00,43.04,815,
2017-04-16 16:00:00,43.07,839,
2017-04-16 20:00:00,43.09,855,
2017-04-17 00:00:00,43.12,880,
2017-04-17 04:00:00,43.11,872,
2017-04-17 08:00:00,43.12,880,2.25
2017-04-17 12:00:00,43.1,864,
2017-04-17 16:00:00,43.11,872,
2017-04-17 20:00:00,43.09,855,
2017-04-18 00:00:00,43.1,864,
2017-04-18 04:00:00,43.09,855,
2017-04-18 08:00:00,43.09,855,2.3
2017-04-18 12:00:00,43.08,847,
2017-04-18 16:00:00,43.06,831,
2017-04-18 20:00:00,43.07,839,
2017-04-19 00:00:00,43.06,831,
2017-04-19 04:00:00,43.06,831,
2017-04-19 08:00:00,43.07,839,1.96
2017-04-19 12:00:00,43.05,823,
2017-04-19 16:00:00,43.04,815,
2017-04-19 20:00:00,43.05,823,
2017-04-20 00:00:00,43.06,831,
2017-04-20 04:00:00,43.07,839,
2017-04-20 08:00:00,43.09,855,1.64
2017-04-20 12:00:00,43.08,847,
2017-04-20 16:00:00,43.06,831,
2017-04-20 20:00:00,43.09,855,
2017-04-21 00:00:00,43.09,855,
2017-04-21 04:00:00,43.09,855,
2017-04-21 08:00:00,43.09,855,2.08
2017-04-21 12:00:00,43.07,839,
2017-04-21 16:00:00,43.06,831,
2017-04-21 20:00:00,43.08,847,
2017-04-22 00:00:00,43.09,855,
2017-04-22 04:00:00,43.09,855,
2017-04-22 08:00:00,43.1,864,2.06
2017-04-22 12:00:00,43.08,847,
2017-04-22 16:00:00,43.1,939,
2017-04-22 20:00:00,43.11,948,
2017-04-23 00:00:00,43.08,920,
2017-04-23 04:00:00,43.08,920,
2017-04-23 08:00:00,43.08,920,1.73
2017-04-23 12:00:00,43.08,920,
2017-04-23 16:00:00,43.06,902,
2017-04-23 20:00:00,43.07,911,
2017-04-24 00:00:00,43.09,930,
2017-04-24 04:00:00,43.1,939,
2017-04-24 08:00:00,43.12,958,2.18
2017-04-24 12:00:00,43.11,948,
2017-04-24 16:00:00,43.09,930,
2017-04-24 20:00:00,43.07,911,
2017-04-25 00:00:00,43.07,911,
2017-04-25 04:00:00,43.07,911,
2017-04-25 08:00:00,43.07,911,2.28
2017-04-25 12:00:00,43.07,911,
2017-04-25 16:00:00,43.09,930,
2017-04-25 20:00:00,43.08,920,
2017-04-26 00:00:00,43.09,930,
2017-04-26 04:00:00,43.1,939,
2017-04-26 08:00:00,43.12,958,2.35
2017-04-26 12:00:00,43.11,948,
2017-04-26 16:00:00,43.09,930,
2017-04-26 20:00:00,43.11,948,
2017-04-27 00:00:00,43.12,958,
2017-04-27 04:00:00,43.13,967,
2017-04-27 08:00:00,43.11,948,1.75
2017-04-27 12:00:00,43.1,939,
2017-04-27 16:00:00,43.07,911,
2017-04-27 20:00:00,43.07,911,
2017-04-28 00:00:00,43.05,893,
2017-04-28 04:00:00,43.06,902,
2017-04-28 08:00:00,43.05,893,1.8
2017-04-28 12:00:00,43.04,884,
2017-04-28 16:00:00,43.03,875,
2017-04-28 20:00:00,43.03,875,
2017-04-29 00:00:00,43.01,857,
2017-04-29 04:00:00,42.99,840,
2017-04-29 08:00:00,42.99,840,1.44
2017-04-29 12:00:00,42.98,831,
2017-04-29 16:00:00,42.96,814,
2017-04-29 20:00:00,42.97,822,
2017-04-30 00:00:00,42.97,822,
2017-04-30 04:00:00,42.98,831,
2017-04-30 08:00:00,42.95,805,1.47
2017-04-30 12:00:00,42.94,796,
2017-04-30 16:00:00,42.92,780,
2017-04-30 20:00:00,42.92,780,
2017-05-01 00:00:00,42.9,763,
2017-05-01 04:00:00,42.9,763,
2017-05-01 08:00:00,42.88,746,1.18
2017-05-01 12:00:00,42.87,738,
2017-05-01 16:00:00,42.85,722,
2017-05-01 20:00:00,42.84,714,
2017-05-02 00:00:00,42.84,714,
2017-05-02 04:00:00,42.85,722,
2017-05-02 08:00:00,42.85,722,1.12
2017-05-02 12:00:00,42.85,722,
2017-05-02 16:00:00,42.82,698,
2017-05-02 20:00:00,42.8,682,
2017-05-03 00:00:00,42.8,682,
2017-05-03 04:00:00,42.8,682,
2017-05-03 08:00:00,42.78,667,1.11
2017-05-03 12:00:00,42.8,727,
2017-05-03 16:00:00,42.78,710,
2017-05-03 20:00:00,42.79,718,
2017-05-04 00:00:00,42.81,735,
2017-05-04 04:00:00,42.83,752,1.25
2017-05-04 08:00:00,42.82,743,1.27
2017-05-04 12:00:00,42.82,743,
2017-05-04 16:00:00,42.82,743,
2017-05-04 20:00:00,42.84,760,
2017-05-05 00:00:00,42.84,760,
2017-05-05 04:00:00,42.83,752,
2017-05-05 08:00:00,42.83,752,1.28
2017-05-05 12:00:00,42.82,743,
2017-05-05 16:00:00,42.82,743,
2017-05-05 20:00:00,42.84,760,
2017-05-06 00:00:00,42.83,752,
2017-05-06 04:00:00,42.83,752,
2017-05-06 08:00:00,42.84,760,1.12
2017-05-06 12:00:00,42.82,743,
2017-05-06 16:00:00,42.81,735,
2017-05-06 20:00:00,42.8,727,
2017-05-07 00:00:00,42.8,727,
2017-05-07 04:00:00,42.8,727,
2017-05-07 08:00:00,42.79,718,1.32
2017-05-07 12:00:00,42.78,710,
2017-05-07 16:00:00,42.77,702,
2017-05-07 20:00:00,42.78,710,
2017-05-08 00:00:00,42.79,718,
2017-05-08 04:00:00,42.79,718,
2017-05-08 08:00:00,42.78,710,1.2
2017-05-08 12:00:00,42.78,710,
2017-05-08 16:00:00,42.78,710,
2017-05-08 20:00:00,42.79,718,
2017-05-09 00:00:00,42.8,727,
2017-05-09 04:00:00,42.81,735,
2017-05-09 08:00:00,42.81,735,1.37
2017-05-09 12:00:00,42.8,727,
2017-05-09 16:00:00,42.8,727,
2017-05-09 20:00:00,42.79,718,
2017-05-10 00:00:00,42.8,727,
2017-05-10 04:00:00,42.8,727,
2017-05-10 08:00:00,42.81,735,1.44
2017-05-10 12:00:00,42.81,735,
2017-05-10 16:00:00,42.78,710,
2017-05-10 20:00:00,42.77,702,
2017-05-11 00:00:00,42.77,702,
2017-05-11 04:00:00,42.76,693,
2017-05-11 08:00:00,42.76,693,1.3
2017-05-11 12:00:00,42.75,685,
2017-05-11 16:00:00,42.73,668,
2017-05-11 20:00:00,42.73,668,
2017-05-12 00:00:00,42.74,676,
2017-05-12 04:00:00,42.74,676,
2017-05-12 08:00:00,42.75,685,1.02
2017-05-12 12:00:00,42.74,676,
2017-05-12 16:00:00,42.72,659,
2017-05-12 20:00:00,42.72,659,
2017-05-13 00:00:00,42.73,668,
2017-05-13 04:00:00,42.73,668,
2017-05-13 08:00:00,42.74,676,1.03
2017-05-13 12:00:00,42.74,676,
2017-05-13 16:00:00,42.75,685,
2017-05-13 20:00:00,42.72,659,
2017-05-14 00:00:00,42.74,676,
2017-05-14 04:00:00,42.73,668,
2017-05-14 08:00:00,42.72,659,1.09
2017-05-14 12:00:00,42.72,659,
2017-05-14 16:00:00,42.72,659,
2017-05-14 20:00:00,42.73,668,
2017-05-15 00:00:00,42.72,659,
2017-05-15 04:00:00,42.71,650,
2017-05-15 08:00:00,42.71,650,0.996
2017-05-15 12:00:00,42.69,633,
2017-05-15 16:00:00,42.7,695,
2017-05-15 20:00:00,42.72,710,
2017-05-16 00:00:00,42.71,702,
2017-05-16 04:00:00,42.71,702,
2017-05-16 08:00:00,42.7,695,1.23
2017-05-16 12:00:00,42.69,687,
2017-05-16 16:00:00,42.69,687,
2017-05-16 20:00:00,42.7,695,
2017-05-17 00:00:00,42.7,695,
2017-05-17 04:00:00,42.69,687,
2017-05-17 08:00:00,42.69,687,1.2
2017-05-17 12:00:00,42.68,680,
2017-05-17 16:00:00,42.66,666,
2017-05-17 20:00:00,42.66,666,
2017-05-18 00:00:00,42.66,666,
2017-05-18 04:00:00,42.67,673,
2017-05-18 08:00:00,42.67,673,0.96
2017-05-18 12:00:00,42.64,652,
2017-05-18 16:00:00,42.63,645,
2017-05-18 20:00:00,42.64,652,
2017-05-19 00:00:00,42.65,659,
2017-05-19 04:00:00,42.62,638,
2017-05-19 08:00:00,42.62,638,0.947
2017-05-19 12:00:00,42.61,632,
2017-05-19 16:00:00,42.59,619,
2017-05-19 20:00:00,42.6,625,
2017-05-20 00:00:00,42.6,625,
2017-05-20 04:00:00,42.6,625,
2017-05-20 08:00:00,42.61,632,1.06
2017-05-20 12:00:00,42.61,632,
2017-05-20 16:00:00,42.61,632,
2017-05-20 20:00:00,42.63,645,
2017-05-21 00:00:00,42.62,638,
2017-05-21 04:00:00,42.62,638,
2017-05-21 08:00:00,42.63,645,1.0
2017-05-21 12:00:00,42.62,638,
2017-05-21 16:00:00,42.61,632,
2017-05-21 20:00:00,42.63,645,
2017-05-22 00:00:00,42.62,638,
2017-05-22 04:00:00,42.61,632,
2017-05-22 08:00:00,42.61,632,0.907
2017-05-22 12:00:00,42.59,619,
2017-05-22 16:00:00,42.59,619,
2017-05-22 20:00:00,42.58,613,
2017-05-23 00:00:00,42.61,632,
2017-05-23 04:00:00,42.57,607,
2017-05-23 08:00:00,42.59,619,1.09
2017-05-23 12:00:00,42.58,613,
2017-05-23 16:00:00,42.55,595,
2017-05-23 20:00:00,42.57,607,
2017-05-24 00:00:00,42.58,613,
2017-05-24 04:00:00,42.59,619,
2017-05-24 08:00:00,42.59,619,1.24
2017-05-24 12:00:00,42.59,619,
2017-05-24 16:00:00,42.59,619,
2017-05-24 20:00:00,42.59,619,
2017-05-25 00:00:00,42.57,607,
2017-05-25 04:00:00,42.57,607,
2017-05-25 08:00:00,42.56,601,0.902
2017-05-25 12:00:00,42.56,601,
2017-05-25 16:00:00,42.56,601,
2017-05-25 20:00:00,42.58,613,
2017-05-26 00:00:00,42.59,619,
2017-05-26 04:00:00,42.59,619,
2017-05-26 08:00:00,42.59,619,0.959
2017-05-26 12:00:00,42.59,619,
2017-05-26 16:00:00,42.59,619,
2017-05-26 20:00:00,42.58,613,
2017-05-27 00:00:00,42.58,613,
2017-05-27 04:00:00,42.59,619,
2017-05-27 08:00:00,42.57,607,1.2
2017-05-27 12:00:00,42.57,607,
2017-05-27 16:00:00,42.57,607,
2017-05-27 20:00:00,42.57,607,
2017-05-28 00:00:00,42.55,595,
2017-05-28 04:00:00,42.55,595,
2017-05-28 08:00:00,42.55,595,1.05
2017-05-28 12:00:00,42.52,579,
2017-05-28 16:00:00,42.52,579,
2017-05-28 20:00:00,42.55,595,
2017-05-29 00:00:00,42.54,590,
2017-05-29 04:00:00,42.55,595,
2017-05-29 08:00:00,42.55,595,0.837
2017-05-29 12:00:00,42.53,584,
2017-05-29 14:00:00,42.54,590,
2017-05-29 16:00:00,42.53,584,
2017-05-29 20:00:00,42.57,607,
2017-05-30 00:00:00,42.57,607,
2017-05-30 04:00:00,42.57,607,
2017-05-30 08:00:00,42.56,601,0.982
2017-05-30 12:00:00,42.56,601,
2017-05-30 16:00:00,42.56,601,
2017-05-30 20:00:00,42.58,613,
2017-05-31 00:00:00,42.58,613,
2017-05-31 04:00:00,42.57,607,
2017-05-31 08:00:00,42.58,613,1.02
2017-05-31 12:00:00,42.57,607,
2017-05-31 16:00:00,42.55,595,
2017-05-31 20:00:00,42.55,595,
2017-06-01 00:00:00,42.54,590,
2017-06-01 04:00:00,42.53,584,
2017-06-01 08:00:00,42.52,579,0.978
2017-06-01 12:00:00,42.52,579,
2017-06-01 16:00:00,42.51,573,
2017-06-01 20:00:00,42.51,573,
2017-06-02 00:00:00,42.52,579,
2017-06-02 04:00:00,42.52,579,
2017-06-02 08:00:00,42.51,573,0.955
2017-06-02 12:00:00,42.51,573,
2017-06-02 14:00:00,42.49,563,
2017-06-02 16:00:00,42.51,573,
2017-06-02 20:00:00,42.51,573,
2017-06-03 00:00:00,42.51,573,
2017-06-03 04:00:00,42.5,568,
2017-06-03 08:00:00,42.5,568,1.12
2017-06-03 12:00:00,42.5,568,
2017-06-03 16:00:00,42.49,563,
2017-06-03 20:00:00,42.49,563,
2017-06-04 00:00:00,42.49,563,
2017-06-04 04:00:00,42.5,568,
2017-06-04 08:00:00,42.5,568,0.948
2017-06-04 12:00:00,42.51,573,
2017-06-04 16:00:00,42.52,579,
2017-06-04 20:00:00,42.54,590,
2017-06-05 00:00:00,42.55,595,
2017-06-05 04:00:00,42.55,595,
2017-06-05 08:00:00,42.56,601,0.934
2017-06-05 12:00:00,42.55,564,
2017-06-05 16:00:00,42.54,556,
2017-06-05 20:00:00,42.53,548,
2017-06-06 00:00:00,42.53,548,
2017-06-06 04:00:00,42.54,556,
2017-06-06 08:00:00,42.56,573,0.931
2017-06-06 12:00:00,42.56,573,
2017-06-06 16:00:00,42.55,564,
2017-06-06 20:00:00,42.56,573,
2017-06-07 00:00:00,42.57,581,
2017-06-07 04:00:00,42.56,573,
2017-06-07 08:00:00,42.58,590,1.11
2017-06-07 12:00:00,42.59,598,
2017-06-07 16:00:00,42.59,598,
2017-06-07 20:00:00,42.6,607,
2017-06-08 00:00:00,42.61,618,
2017-06-08 04:00:00,42.6,607,
2017-06-08 08:00:00,42.59,598,1.44
2017-06-08 12:00:00,42.59,598,
2017-06-08 16:00:00,42.58,590,
2017-06-08 20:00:00,42.6,607,
2017-06-09 00:00:00,42.61,618,
2017-06-09 04:00:00,42.61,618,
2017-06-09 08:00:00,42.6,607,1.04
2017-06-09 12:00:00,42.6,607,
2017-06-09 16:00:00,42.61,618,
2017-06-09 20:00:00,42.6,607,
2017-06-10 00:00:00,42.61,618,
2017-06-10 04:00:00,42.62,627,
2017-06-10 08:00:00,42.61,618,1.01
2017-06-10 12:00:00,42.6,607,
2017-06-10 16:00:00,42.6,607,
2017-06-10 20:00:00,42.6,607,
2017-06-11 00:00:00,42.6,607,
2017-06-11 04:00:00,42.6,607,
2017-06-11 08:00:00,42.61,618,1.06
2017-06-11 12:00:00,42.59,598,
2017-06-11 16:00:00,42.58,590,
2017-06-11 20:00:00,42.6,607,
2017-06-12 00:00:00,42.6,607,
2017-06-12 04:00:00,42.59,598,
2017-06-12 08:00:00,42.59,598,1.12
2017-06-12 12:00:00,42.57,581,
2017-06-12 16:00:00,42.58,590,
2017-06-12 20:00:00,42.59,598,
2017-06-13 00:00:00,42.61,618,
2017-06-13 04:00:00,42.61,618,
2017-06-13 08:00:00,42.59,598,1.09
2017-06-13 12:00:00,42.58,590,
2017-06-13 16:00:00,42.58,590,
2017-06-13 20:00:00,42.58,590,
2017-06-14 00:00:00,42.57,581,
2017-06-14 04:00:00,42.56,573,
2017-06-14 08:00:00,42.55,564,0.901
2017-06-14 12:00:00,42.56,573,
2017-06-14 16:00:00,42.55,564,
2017-06-14 20:00:00,42.57,581,
2017-06-15 00:00:00,42.58,590,
2017-06-15 04:00:00,42.59,598,
2017-06-15 08:00:00,42.59,598,1.22
2017-06-15 12:00:00,42.58,590,
2017-06-15 16:00:00,42.6,607,
2017-06-15 20:00:00,42.61,618,
2017-06-16 00:00:00,42.63,637,
2017-06-16 04:00:00,42.64,646,
2017-06-16 08:00:00,42.65,656,1.38
2017-06-16 12:00:00,42.62,627,
2017-06-16 16:00:00,42.65,656,
2017-06-16 20:00:00,42.66,665,
2017-06-17 00:00:00,42.65,656,
2017-06-17 04:00:00,42.67,675,
2017-06-17 08:00:00,42.68,685,1.3
2017-06-17 12:00:00,42.69,695,
2017-06-17 16:00:00,42.69,695,
2017-06-17 20:00:00,42.72,726,
2017-06-18 00:00:00,42.73,736,
2017-06-18 04:00:00,42.75,757,
2017-06-18 08:00:00,42.75,757,1.49
2017-06-18 12:00:00,42.72,726,
2017-06-18 16:00:00,42.71,715,
2017-06-18 20:00:00,42.74,746,
2017-06-19 00:00:00,42.75,757,
2017-06-19 04:00:00,42.74,746,
2017-06-19 08:00:00,42.74,746,1.36
2017-06-19 12:00:00,42.74,746,
2017-06-19 16:00:00,42.74,746,
2017-06-19 20:00:00,42.75,757,
2017-06-20 00:00:00,42.77,779,
2017-06-20 04:00:00,42.76,768,
2017-06-20 08:00:00,42.77,779,1.45
2017-06-20 12:00:00,42.76,768,
2017-06-20 16:00:00,42.76,768,
2017-06-20 20:00:00,42.77,779,
2017-06-21 00:00:00,42.76,768,
2017-06-21 04:00:00,42.76,768,
2017-06-21 08:00:00,42.75,757,1.49
2017-06-21 12:00:00,42.74,746,
2017-06-21 16:00:00,42.74,746,
2017-06-21 20:00:00,42.74,746,
2017-06-22 00:00:00,42.74,746,
2017-06-22 04:00:00,42.75,757,
2017-06-22 08:00:00,42.74,746,1.3
2017-06-22 12:00:00,42.75,757,
2017-06-22 16:00:00,42.76,768,
2017-06-22 20:00:00,42.76,768,
2017-06-23 00:00:00,42.76,768,
2017-06-23 04:00:00,42.75,757,
2017-06-23 08:00:00,42.75,757,1.31
2017-06-23 12:00:00,42.74,746,
2017-06-23 16:00:00,42.76,768,
2017-06-23 20:00:00,42.76,768,
2017-06-24 00:00:00,42.76,768,
2017-06-24 04:00:00,42.77,779,
2017-06-24 08:00:00,42.76,768,1.35
2017-06-24 12:00:00,42.78,790,
2017-06-24 16:00:00,42.77,779,
2017-06-24 20:00:00,42.78,790,
2017-06-25 00:00:00,42.77,779,
2017-06-25 04:00:00,42.77,779,
2017-06-25 08:00:00,42.77,779,1.39
2017-06-25 12:00:00,42.77,779,
2017-06-25 16:00:00,42.76,768,
2017-06-25 20:00:00,42.76,768,
2017-06-26 00:00:00,42.75,757,
2017-06-26 04:00:00,42.75,757,
2017-06-26 08:00:00,42.75,757,1.35
2017-06-26 12:00:00,42.77,779,
2017-06-26 16:00:00,42.77,779,
2017-06-26 20:00:00,42.79,801,
2017-06-27 00:00:00,42.77,779,
2017-06-27 04:00:00,42.78,790,
2017-06-27 08:00:00,42.79,801,1.52
2017-06-27 12:00:00,42.79,801,
2017-06-27 16:00:00,42.77,779,
2017-06-27 20:00:00,42.78,790,
2017-06-28 00:00:00,42.78,790,
2017-06-28 04:00:00,42.79,801,
2017-06-28 08:00:00,42.77,779,1.28
2017-06-28 12:00:00,42.76,768,
2017-06-28 16:00:00,42.76,768,
2017-06-28 20:00:00,42.77,779,
2017-06-29 00:00:00,42.77,779,
2017-06-29 04:00:00,42.76,768,
2017-06-29 08:00:00,42.76,768,1.36
2017-06-29 12:00:00,42.75,757,
2017-06-29 16:00:00,42.75,757,
2017-06-29 20:00:00,42.77,779,
2017-06-30 00:00:00,42.79,801,
2017-06-30 04:00:00,42.79,801,
2017-06-30 08:00:00,42.81,823,1.44
2017-06-30 12:00:00,42.8,812,
2017-06-30 16:00:00,42.8,812,
2017-06-30 20:00:00,42.79,801,
2017-07-01 00:00:00,42.78,790,
2017-07-01 04:00:00,42.77,779,
2017-07-01 08:00:00,42.76,768,1.29
2017-07-01 12:00:00,42.75,757,
2017-07-01 16:00:00,42.74,746,
2017-07-01 20:00:00,42.73,736,
2017-07-02 00:00:00,42.72,726,
2017-07-02 04:00:00,42.7,705,
2017-07-02 08:00:00,42.69,695,1.07
2017-07-02 12:00:00,42.68,685,
2017-07-02 16:00:00,42.65,656,
2017-07-02 20:00:00,42.65,656,
2017-07-03 00:00:00,42.64,646,
2017-07-03 04:00:00,42.64,646,
2017-07-03 08:00:00,42.64,646,1.2
2017-07-03 12:00:00,42.63,637,
2017-07-03 16:00:00,42.63,637,
2017-07-03 20:00:00,42.63,637,
2017-07-04 00:00:00,42.62,627,
2017-07-04 04:00:00,42.62,627,
2017-07-04 08:00:00,42.62,627,1.23
2017-07-04 12:00:00,42.62,627,
2017-07-04 16:00:00,42.6,607,
2017-07-04 20:00:00,42.6,607,
2017-07-05 00:00:00,42.6,607,
2017-07-05 04:00:00,42.6,607,
2017-07-05 08:00:00,42.59,598,1.14
2017-07-05 12:00:00,42.59,598,
2017-07-05 16:00:00,42.59,598,
2017-07-05 20:00:00,42.61,618,
2017-07-06 00:00:00,42.62,627,
2017-07-06 04:00:00,42.62,627,
2017-07-06 08:00:00,42.62,627,1.03
2017-07-06 12:00:00,42.61,618,
2017-07-06 16:00:00,42.62,627,
2017-07-06 20:00:00,42.63,637,
2017-07-07 00:00:00,42.63,637,
2017-07-07 04:00:00,42.63,637,
2017-07-07 08:00:00,42.63,637,1.24
2017-07-07 12:00:00,42.64,646,
2017-07-07 16:00:00,42.62,627,
2017-07-07 20:00:00,42.62,627,
2017-07-08 00:00:00,42.58,590,
2017-07-08 04:00:00,42.56,573,
2017-07-08 08:00:00,42.52,540,0.915
2017-07-08 12:00:00,42.51,532,
2017-07-08 16:00:00,42.48,510,
2017-07-08 20:00:00,42.49,518,
2017-07-09 00:00:00,42.48,510,
2017-07-09 04:00:00,42.49,518,
2017-07-09 08:00:00,42.49,518,0.878
2017-07-09 12:00:00,42.49,518,
2017-07-09 16:00:00,42.51,532,
2017-07-09 20:00:00,42.52,540,
2017-07-10 00:00:00,42.52,540,
2017-07-10 04:00:00,42.52,540,
2017-07-10 08:00:00,42.5,525,0.933
2017-07-10 12:00:00,42.49,518,
2017-07-10 16:00:00,42.47,503,
2017-07-10 20:00:00,42.48,510,
2017-07-11 00:00:00,42.46,496,
2017-07-11 04:00:00,42.47,503,
2017-07-11 08:00:00,42.46,496,0.772
2017-07-11 12:00:00,42.44,483,
2017-07-11 16:00:00,42.44,483,
2017-07-11 20:00:00,42.46,542,
2017-07-12 00:00:00,42.45,531,
2017-07-12 04:00:00,42.45,531,
2017-07-12 08:00:00,42.44,520,0.794
2017-07-12 12:00:00,42.41,489,
2017-07-12 16:00:00,42.4,479,
2017-07-12 20:00:00,42.41,489,
2017-07-13 00:00:00,42.4,479,
2017-07-13 04:00:00,42.39,470,
2017-07-13 08:00:00,42.37,451,0.817
2017-07-13 12:00:00,42.34,424,
2017-07-13 16:00:00,42.32,406,
2017-07-13 20:00:00,42.34,424,
2017-07-14 00:00:00,42.32,406,
2017-07-14 04:00:00,42.33,415,
2017-07-14 08:00:00,42.32,406,0.853
2017-07-14 12:00:00,42.31,398,
2017-07-14 16:00:00,42.29,382,
2017-07-14 20:00:00,42.29,382,
2017-07-15 00:00:00,42.29,382,
2017-07-15 04:00:00,42.28,375,
2017-07-15 08:00:00,42.29,382,0.603
2017-07-15 12:00:00,42.28,375,
2017-07-15 16:00:00,42.27,368,
2017-07-15 20:00:00,42.27,368,
2017-07-16 00:00:00,42.27,368,
2017-07-16 04:00:00,42.27,368,
2017-07-16 08:00:00,42.27,368,0.603
2017-07-16 12:00:00,42.27,368,
2017-07-16 16:00:00,42.28,375,
2017-07-16 20:00:00,42.27,368,
2017-07-17 00:00:00,42.27,368,
2017-07-17 04:00:00,42.27,368,
2017-07-17 08:00:00,42.27,368,0.619
2017-07-17 12:00:00,42.26,361,
2017-07-17 16:00:00,42.25,354,
2017-07-17 20:00:00,42.26,361,
2017-07-18 00:00:00,42.26,361,
2017-07-18 04:00:00,42.27,368,
2017-07-18 08:00:00,42.31,398,0.762
2017-07-18 12:00:00,42.31,398,
2017-07-18 16:00:00,42.31,398,
2017-07-18 20:00:00,42.31,398,
2017-07-19 00:00:00,42.32,406,
2017-07-19 04:00:00,42.38,460,
2017-07-19 08:00:00,42.38,460,0.914
2017-07-19 12:00:00,42.35,432,
2017-07-19 16:00:00,42.31,398,
2017-07-19 20:00:00,42.31,398,
2017-07-20 00:00:00,42.29,382,
2017-07-20 04:00:00,42.28,375,
2017-07-20 08:00:00,42.24,347,0.736
2017-07-20 12:00:00,42.22,335,
2017-07-20 16:00:00,42.21,329,
2017-07-20 18:00:00,42.2,323,
2017-07-20 20:00:00,42.22,335,
2017-07-21 00:00:00,42.23,341,
2017-07-21 04:00:00,42.22,335,
2017-07-21 08:00:00,42.21,329,0.607
2017-07-21 12:00:00,42.23,341,
2017-07-21 16:00:00,42.24,347,
2017-07-21 20:00:00,42.26,361,
2017-07-22 00:00:00,42.25,354,
2017-07-22 04:00:00,42.24,347,
2017-07-22 08:00:00,42.25,354,0.543
2017-07-22 12:00:00,42.25,354,
2017-07-22 16:00:00,42.26,361,
2017-07-22 20:00:00,42.26,361,
2017-07-23 00:00:00,42.26,361,
2017-07-23 04:00:00,42.27,368,
2017-07-23 08:00:00,42.27,368,0.542
2017-07-23 12:00:00,42.26,361,
2017-07-23 16:00:00,42.25,354,
2017-07-23 20:00:00,42.25,354,
2017-07-24 00:00:00,42.26,361,
2017-07-24 04:00:00,42.25,354,
2017-07-24 08:00:00,42.24,347,0.619
2017-07-24 12:00:00,42.23,341,
2017-07-24 16:00:00,42.24,347,
2017-07-24 20:00:00,42.24,347,
2017-07-25 00:00:00,42.23,341,
2017-07-25 04:00:00,42.24,347,
2017-07-25 08:00:00,42.23,341,0.723
2017-07-25 12:00:00,42.23,341,
2017-07-25 16:00:00,42.23,341,
2017-07-25 20:00:00,42.23,341,
2017-07-26 00:00:00,42.25,354,
2017-07-26 04:00:00,42.27,368,
2017-07-26 08:00:00,42.27,368,0.8
2017-07-26 12:00:00,42.28,375,
2017-07-26 16:00:00,42.28,375,
2017-07-26 20:00:00,42.29,382,
2017-07-27 00:00:00,42.3,390,
2017-07-27 04:00:00,42.29,382,
2017-07-27 08:00:00,42.3,390,0.584
2017-07-27 12:00:00,42.31,398,
2017-07-27 16:00:00,42.31,398,
2017-07-27 20:00:00,42.3,390,
2017-07-28 00:00:00,42.3,390,
2017-07-28 04:00:00,42.29,382,
2017-07-28 08:00:00,42.3,390,0.779
2017-07-28 12:00:00,42.3,390,
2017-07-28 16:00:00,42.29,382,
2017-07-28 20:00:00,42.28,375,
2017-07-29 00:00:00,42.29,382,
2017-07-29 04:00:00,42.3,390,
2017-07-29 08:00:00,42.3,390,0.849
2017-07-29 12:00:00,42.3,390,
2017-07-29 16:00:00,42.35,432,
2017-07-29 20:00:00,42.34,424,
2017-07-30 00:00:00,42.33,415,
2017-07-30 04:00:00,42.34,424,
2017-07-30 08:00:00,42.37,451,0.73
2017-07-30 12:00:00,42.35,432,
2017-07-30 16:00:00,42.36,441,
2017-07-30 20:00:00,42.37,451,
2017-07-31 00:00:00,42.36,441,
2017-07-31 04:00:00,42.37,451,
2017-07-31 08:00:00,42.37,451,0.797
2017-07-31 12:00:00,42.38,460,
2017-07-31 16:00:00,42.41,489,
2017-07-31 20:00:00,42.45,531,
2017-08-01 00:00:00,42.44,520,
2017-08-01 04:00:00,42.46,542,
2017-08-01 08:00:00,42.46,542,0.925
2017-08-01 12:00:00,42.46,580,
2017-08-01 16:00:00,42.44,572,
2017-08-01 20:00:00,42.44,572,
2017-08-02 00:00:00,42.44,572,
2017-08-02 04:00:00,42.44,572,
2017-08-02 08:00:00,42.45,576,0.983
2017-08-02 12:00:00,42.48,589,
2017-08-02 16:00:00,42.52,607,
2017-08-02 20:00:00,42.57,632,
2017-08-03 00:00:00,42.62,659,
2017-08-03 04:00:00,42.67,686,
2017-08-03 08:00:00,42.69,698,1.79
2017-08-03 12:00:00,42.69,698,
2017-08-03 16:00:00,42.66,680,
2017-08-03 20:00:00,42.67,686,
2017-08-04 00:00:00,42.64,670,
2017-08-04 04:00:00,42.62,659,
2017-08-04 07:00:00,42.6,648,
2017-08-04 08:00:00,42.61,653,1.13
2017-08-04 12:00:00,42.62,659,
2017-08-04 16:00:00,42.65,676,
2017-08-04 20:00:00,42.71,711,
2017-08-05 00:00:00,42.75,739,
2017-08-05 04:00:00,42.78,762,
2017-08-05 08:00:00,42.81,786,1.57
2017-08-05 12:00:00,42.83,803,
2017-08-05 16:00:00,42.84,805,
2017-08-05 20:00:00,42.85,815,
2017-08-06 00:00:00,42.84,805,
2017-08-06 04:00:00,42.81,775,
2017-08-06 08:00:00,42.78,745,1.05
2017-08-06 12:00:00,42.74,708,
2017-08-06 16:00:00,42.68,655,
2017-08-06 20:00:00,42.63,614,
2017-08-07 00:00:00,42.58,578,
2017-08-07 04:00:00,42.53,540,
2017-08-07 08:00:00,42.51,525,0.813
2017-08-07 12:00:00,42.48,503,
2017-08-07 16:00:00,42.45,480,
2017-08-07 20:00:00,42.42,455,
2017-08-08 00:00:00,42.41,447,
2017-08-08 04:00:00,42.38,426,
2017-08-08 08:00:00,42.39,433,0.855
2017-08-08 12:00:00,42.38,426,
2017-08-08 16:00:00,42.36,413,
2017-08-08 20:00:00,42.37,420,
2017-08-09 00:00:00,42.36,413,
2017-08-09 04:00:00,42.35,406,
2017-08-09 08:00:00,42.35,406,0.69
2017-08-09 12:00:00,42.34,399,
2017-08-09 16:00:00,42.33,393,
2017-08-09 20:00:00,42.34,399,
2017-08-10 00:00:00,42.34,399,
2017-08-10 04:00:00,42.34,399,
2017-08-10 08:00:00,42.35,406,0.614
2017-08-10 12:00:00,42.34,399,
2017-08-10 16:00:00,42.33,393,
2017-08-10 20:00:00,42.33,393,
2017-08-11 00:00:00,42.34,399,
2017-08-11 04:00:00,42.34,399,
2017-08-11 08:00:00,42.35,406,0.696
2017-08-11 12:00:00,42.33,393,
2017-08-11 16:00:00,42.33,393,
2017-08-11 20:00:00,42.34,399,
2017-08-12 00:00:00,42.34,399,
2017-08-12 04:00:00,42.34,399,
2017-08-12 08:00:00,42.35,406,0.579
2017-08-12 12:00:00,42.34,399,
2017-08-12 16:00:00,42.33,393,
2017-08-12 20:00:00,42.34,399,
2017-08-13 00:00:00,42.33,393,
2017-08-13 04:00:00,42.33,393,
2017-08-13 08:00:00,42.33,393,0.594
2017-08-13 12:00:00,42.33,393,
2017-08-13 16:00:00,42.34,399,
2017-08-13 20:00:00,42.35,406,
2017-08-14 00:00:00,42.36,413,
2017-08-14 04:00:00,42.34,399,
2017-08-14 08:00:00,42.34,399,0.562
2017-08-14 12:00:00,42.33,393,
2017-08-14 16:00:00,42.33,393,
2017-08-14 20:00:00,42.34,399,
2017-08-15 00:00:00,42.34,399,
2017-08-15 04:00:00,42.34,399,
2017-08-15 08:00:00,42.33,393,0.588
2017-08-15 12:00:00,42.32,387,
2017-08-15 16:00:00,42.32,387,
2017-08-15 20:00:00,42.33,393,
2017-08-16 00:00:00,42.32,387,
2017-08-16 04:00:00,42.32,387,
2017-08-16 08:00:00,42.32,387,0.601
2017-08-16 12:00:00,42.32,387,
2017-08-16 16:00:00,42.3,374,
2017-08-16 20:00:00,42.31,380,
2017-08-17 00:00:00,42.31,380,
2017-08-17 04:00:00,42.31,380,
2017-08-17 08:00:00,42.31,380,0.668
2017-08-17 12:00:00,42.28,362,
2017-08-17 16:00:00,42.29,368,
2017-08-17 20:00:00,42.28,362,
2017-08-18 00:00:00,42.27,356,
2017-08-18 04:00:00,42.29,368,
2017-08-18 08:00:00,42.27,356,0.631
2017-08-18 12:00:00,42.28,362,
2017-08-18 16:00:00,42.27,356,
2017-08-18 20:00:00,42.28,362,
2017-08-19 00:00:00,42.28,362,
2017-08-19 04:00:00,42.28,362,
2017-08-19 08:00:00,42.27,356,0.639
2017-08-19 12:00:00,42.27,356,
2017-08-19 16:00:00,42.25,344,
2017-08-19 20:00:00,42.25,344,
2017-08-20 00:00:00,42.23,334,
2017-08-20 04:00:00,42.21,323,
2017-08-20 08:00:00,42.2,318,0.579
2017-08-20 12:00:00,42.19,313,
2017-08-20 16:00:00,42.16,297,
2017-08-20 20:00:00,42.17,302,
2017-08-21 00:00:00,42.17,302,
2017-08-21 04:00:00,42.16,297,
2017-08-21 08:00:00,42.17,302,0.607
2017-08-21 12:00:00,42.18,307,
2017-08-21 16:00:00,42.17,302,
2017-08-21 20:00:00,42.17,302,
2017-08-22 00:00:00,42.18,307,
2017-08-22 04:00:00,42.18,307,
2017-08-22 08:00:00,42.18,307,0.651
2017-08-22 12:00:00,42.15,292,
2017-08-22 16:00:00,42.15,292,
2017-08-22 20:00:00,42.17,302,
2017-08-23 00:00:00,42.15,292,
2017-08-23 04:00:00,42.16,297,
2017-08-23 08:00:00,42.15,292,0.583
2017-08-23 12:00:00,42.16,297,
2017-08-23 16:00:00,42.15,292,
2017-08-23 20:00:00,42.16,297,
2017-08-24 00:00:00,42.16,297,
2017-08-24 04:00:00,42.14,287,
2017-08-24 08:00:00,42.14,287,0.434
2017-08-24 12:00:00,42.13,282,
2017-08-24 16:00:00,42.12,277,
2017-08-24 20:00:00,42.13,282,
2017-08-25 00:00:00,42.13,282,
2017-08-25 04:00:00,42.13,282,
2017-08-25 08:00:00,42.12,277,0.491
2017-08-25 12:00:00,42.12,277,
2017-08-25 14:00:00,42.11,272,
2017-08-25 16:00:00,42.13,282,
2017-08-25 20:00:00,42.12,277,
2017-08-26 00:00:00,42.12,277,
2017-08-26 04:00:00,42.13,282,
2017-08-26 08:00:00,42.13,282,0.492
2017-08-26 12:00:00,42.13,282,
2017-08-26 16:00:00,42.12,277,
2017-08-26 20:00:00,42.12,277,
2017-08-27 00:00:00,42.12,277,
2017-08-27 04:00:00,42.13,282,
2017-08-27 08:00:00,42.14,287,0.518
2017-08-27 12:00:00,42.13,282,
2017-08-27 16:00:00,42.14,287,
2017-08-27 20:00:00,42.15,292,
2017-08-28 00:00:00,42.14,287,
2017-08-28 04:00:00,42.14,287,
2017-08-28 08:00:00,42.14,287,0.527
2017-08-28 12:00:00,42.15,292,
2017-08-28 16:00:00,42.15,292,
2017-08-28 20:00:00,42.16,297,
2017-08-29 00:00:00,42.14,287,
2017-08-29 04:00:00,42.15,292,
2017-08-29 08:00:00,42.14,287,0.495
2017-08-29 12:00:00,42.16,297,
2017-08-29 16:00:00,42.17,302,
2017-08-29 20:00:00,42.13,282,
2017-08-30 00:00:00,42.14,287,
2017-08-30 04:00:00,42.14,287,
2017-08-30 08:00:00,42.14,287,0.697
2017-08-30 12:00:00,42.2,318,
2017-08-30 16:00:00,42.24,339,
2017-08-30 20:00:00,42.17,302,
2017-08-31 00:00:00,42.13,282,
2017-08-31 04:00:00,42.14,287,
2017-08-31 08:00:00,42.15,292,0.471
2017-08-31 12:00:00,42.22,329,
2017-08-31 16:00:00,42.2,318,
2017-08-31 20:00:00,42.13,282,
2017-09-01 00:00:00,42.12,277,
2017-09-01 04:00:00,42.13,282,
2017-09-01 08:00:00,42.12,277,0.488
2017-09-01 12:00:00,42.18,307,
2017-09-01 14:00:00,42.21,323,
2017-09-01 16:00:00,42.19,313,
2017-09-01 20:00:00,42.12,277,
2017-09-02 00:00:00,42.11,272,
2017-09-02 04:00:00,42.1,268,
2017-09-02 08:00:00,42.1,268,0.415
2017-09-02 12:00:00,42.12,277,
2017-09-02 16:00:00,42.1,268,
2017-09-02 20:00:00,42.1,268,
2017-09-03 00:00:00,42.11,272,
2017-09-03 04:00:00,42.1,268,
2017-09-03 08:00:00,42.12,277,0.583
2017-09-03 12:00:00,42.12,277,
2017-09-03 16:00:00,42.12,277,
2017-09-03 20:00:00,42.12,277,
2017-09-04 00:00:00,42.13,282,
2017-09-04 04:00:00,42.13,282,
2017-09-04 08:00:00,42.12,277,0.616
2017-09-04 12:00:00,42.12,277,
2017-09-04 16:00:00,42.12,277,
2017-09-04 20:00:00,42.11,272,
2017-09-05 00:00:00,42.1,268,
2017-09-05 04:00:00,42.1,268,
2017-09-05 08:00:00,42.1,268,0.46
2017-09-05 12:00:00,42.1,268,
2017-09-05 16:00:00,42.09,263,
2017-09-05 20:00:00,42.08,258,
2017-09-06 00:00:00,42.07,254,
2017-09-06 04:00:00,42.08,258,
2017-09-06 08:00:00,42.08,258,0.529
2017-09-06 12:00:00,42.11,272,
2017-09-06 16:00:00,42.09,263,
2017-09-06 20:00:00,42.04,241,
2017-09-07 00:00:00,42.04,241,
2017-09-07 04:00:00,42.02,232,
2017-09-07 08:00:00,42.09,263,0.405
2017-09-07 12:00:00,42.15,272,
2017-09-07 16:00:00,42.02,232,
2017-09-07 20:00:00,42.02,232,
2017-09-08 00:00:00,42.01,228,
2017-09-08 04:00:00,42.02,232,
2017-09-08 08:00:00,42.02,232,0.453
2017-09-08 12:00:00,42.03,236,
2017-09-08 16:00:00,42.01,228,
2017-09-08 20:00:00,42.0,224,
2017-09-09 00:00:00,42.01,228,
2017-09-09 04:00:00,42.0,224,
2017-09-09 08:00:00,42.0,224,0.468
2017-09-09 12:00:00,42.0,224,
2017-09-09 16:00:00,41.99,220,
2017-09-09 20:00:00,41.97,212,
2017-09-10 00:00:00,41.98,216,
2017-09-10 04:00:00,41.99,220,
2017-09-10 08:00:00,42.02,232,0.476
2017-09-10 12:00:00,42.07,286,
2017-09-10 16:00:00,42.09,299,
2017-09-10 20:00:00,42.03,262,
2017-09-11 00:00:00,41.99,240,
2017-09-11 04:00:00,42.0,245,
2017-09-11 08:00:00,42.01,251,0.535
2017-09-11 12:00:00,42.06,280,
2017-09-11 16:00:00,42.02,256,
2017-09-11 20:00:00,41.99,240,
2017-09-12 00:00:00,41.99,240,
2017-09-12 04:00:00,41.99,240,
2017-09-12 08:00:00,41.99,240,0.548
2017-09-12 12:00:00,41.98,235,
2017-09-12 16:00:00,41.97,230,
2017-09-12 20:00:00,41.98,235,
2017-09-13 00:00:00,41.97,230,
2017-09-13 04:00:00,42.0,245,
2017-09-13 08:00:00,42.05,274,0.523
2017-09-13 12:00:00,42.08,293,
2017-09-13 16:00:00,41.98,235,
2017-09-13 20:00:00,41.97,230,
2017-09-14 00:00:00,41.97,230,
2017-09-14 04:00:00,41.98,235,
2017-09-14 08:00:00,41.98,235,0.4
2017-09-14 12:00:00,42.05,274,
2017-09-14 16:00:00,42.0,245,
2017-09-14 20:00:00,41.97,230,
2017-09-15 00:00:00,41.96,225,
2017-09-15 04:00:00,41.97,230,
2017-09-15 08:00:00,41.97,230,0.431
2017-09-15 12:00:00,42.05,274,
2017-09-15 16:00:00,42.01,251,
2017-09-15 20:00:00,41.98,235,
2017-09-16 00:00:00,41.97,230,
2017-09-16 04:00:00,41.98,235,
2017-09-16 08:00:00,41.98,235,0.551
2017-09-16 12:00:00,41.99,240,
2017-09-16 16:00:00,41.99,240,
2017-09-16 20:00:00,42.0,245,
2017-09-17 00:00:00,41.99,240,
2017-09-17 04:00:00,41.99,240,
2017-09-17 08:00:00,42.07,286,0.404
2017-09-17 12:00:00,42.1,306,
2017-09-17 16:00:00,42.02,256,
2017-09-17 20:00:00,41.99,240,
2017-09-18 00:00:00,41.98,201,
2017-09-18 04:00:00,41.99,206,
2017-09-18 08:00:00,42.02,220,0.429
2017-09-18 12:00:00,42.06,241,
2017-09-18 16:00:00,42.02,220,
2017-09-18 20:00:00,42.0,210,
2017-09-19 00:00:00,42.0,210,
2017-09-19 04:00:00,42.01,215,
2017-09-19 08:00:00,42.01,215,0.522
2017-09-19 12:00:00,42.01,215,
2017-09-19 16:00:00,42.0,210,
2017-09-19 20:00:00,42.01,215,
2017-09-20 00:00:00,42.02,220,
2017-09-20 04:00:00,42.02,220,
2017-09-20 08:00:00,42.03,225,0.441
2017-09-20 12:00:00,42.03,225,
2017-09-20 16:00:00,42.02,220,
2017-09-20 20:00:00,42.03,225,
2017-09-21 00:00:00,42.03,225,
2017-09-21 04:00:00,42.03,225,
2017-09-21 08:00:00,42.05,235,0.448
2017-09-21 12:00:00,42.06,241,
2017-09-21 16:00:00,42.02,220,
2017-09-21 20:00:00,42.02,220,
2017-09-22 00:00:00,42.01,215,
2017-09-22 04:00:00,42.02,220,
2017-09-22 08:00:00,42.03,225,0.499
2017-09-22 10:00:00,42.07,246,
2017-09-22 12:00:00,42.07,246,
2017-09-22 16:00:00,42.03,225,
2017-09-22 20:00:00,42.02,220,
2017-09-23 00:00:00,42.01,215,
2017-09-23 04:00:00,42.01,215,
2017-09-23 08:00:00,42.03,225,0.478
2017-09-23 12:00:00,42.04,230,
2017-09-23 16:00:00,42.02,220,
2017-09-23 20:00:00,42.02,220,
2017-09-24 00:00:00,42.01,215,
2017-09-24 04:00:00,42.01,215,
2017-09-24 08:00:00,42.01,215,0.449
2017-09-24 12:00:00,42.06,241,
2017-09-24 16:00:00,42.02,220,
2017-09-24 20:00:00,42.0,210,
2017-09-25 00:00:00,42.0,210,
2017-09-25 04:00:00,42.03,225,
2017-09-25 08:00:00,42.02,220,0.391
2017-09-25 12:00:00,42.02,220,
2017-09-25 16:00:00,42.04,230,
2017-09-25 20:00:00,42.01,215,
2017-09-26 00:00:00,41.99,206,
2017-09-26 04:00:00,41.98,201,
2017-09-26 08:00:00,42.01,215,0.429
2017-09-26 12:00:00,42.04,230,
2017-09-26 16:00:00,42.06,241,
2017-09-26 20:00:00,42.04,230,
2017-09-27 00:00:00,42.05,235,
2017-09-27 04:00:00,42.06,241,
2017-09-27 08:00:00,42.03,225,0.367
2017-09-27 12:00:00,42.06,241,
2017-09-27 16:00:00,42.05,235,
2017-09-27 20:00:00,41.99,206,
2017-09-28 00:00:00,41.99,206,
2017-09-28 04:00:00,42.02,220,
2017-09-28 08:00:00,42.03,225,0.324
2017-09-28 12:00:00,42.03,225,
2017-09-28 16:00:00,42.06,241,
2017-09-28 20:00:00,42.02,220,
2017-09-29 00:00:00,41.99,206,
2017-09-29 04:00:00,42.01,215,
2017-09-29 08:00:00,42.04,230,0.353
2017-09-29 12:00:00,42.04,230,
2017-09-29 16:00:00,42.05,235,
2017-09-29 20:00:00,41.98,201,
2017-09-30 00:00:00,42.01,215,
2017-09-30 04:00:00,42.04,230,
2017-09-30 08:00:00,42.08,252,0.376
2017-09-30 12:00:00,42.06,241,
2017-09-30 16:00:00,42.03,225,
2017-09-30 20:00:00,42.01,215,
2017-10-01 00:00:00,42.02,220,
2017-10-01 04:00:00,42.01,215,
2017-10-01 08:00:00,42.03,225,0.508
2017-10-01 12:00:00,42.03,225,
2017-10-01 16:00:00,42.1,263,
2017-10-01 20:00:00,42.11,269,
2017-10-02 00:00:00,42.05,235,
2017-10-02 04:00:00,42.04,230,
2017-10-02 08:00:00,42.06,241,0.553
2017-10-02 12:00:00,42.11,269,
2017-10-02 16:00:00,42.07,210,
2017-10-02 20:00:00,42.07,210,
2017-10-03 00:00:00,42.14,247,
2017-10-03 04:00:00,42.15,253,
2017-10-03 08:00:00,42.15,253,0.469
2017-10-03 12:00:00,42.18,272,
2017-10-03 16:00:00,42.15,253,
2017-10-03 20:00:00,42.1,225,
2017-10-04 00:00:00,42.11,230,
2017-10-04 04:00:00,42.1,225,
2017-10-04 08:00:00,42.16,259,0.527
2017-10-04 12:00:00,42.19,279,
2017-10-04 16:00:00,42.19,279,
2017-10-04 20:00:00,42.17,266,
2017-10-05 00:00:00,42.11,230,
2017-10-05 04:00:00,42.13,241,
2017-10-05 08:00:00,42.18,272,0.538
2017-10-05 12:00:00,42.15,253,
2017-10-05 16:00:00,42.2,285,
2017-10-05 20:00:00,42.12,236,
2017-10-06 00:00:00,42.12,236,
2017-10-06 04:00:00,42.17,266,
2017-10-06 08:00:00,42.18,272,0.652
2017-10-06 12:00:00,42.16,259,
2017-10-06 16:00:00,42.17,266,
2017-10-06 20:00:00,42.11,230,
2017-10-07 00:00:00,42.1,225,
2017-10-07 04:00:00,42.09,220,
2017-10-07 08:00:00,42.12,236,0.603
2017-10-07 12:00:00,42.19,324,
2017-10-07 16:00:00,42.19,324,
2017-10-07 20:00:00,42.13,282,
2017-10-08 00:00:00,42.11,269,
2017-10-08 04:00:00,42.11,269,
2017-10-08 08:00:00,42.11,269,0.675
2017-10-08 12:00:00,42.12,276,
2017-10-08 16:00:00,42.11,269,
2017-10-08 20:00:00,42.12,276,
2017-10-09 00:00:00,42.13,282,
2017-10-09 04:00:00,42.23,355,
2017-10-09 08:00:00,42.16,302,0.852
2017-10-09 09:00:00,42.15,295,
2017-10-09 12:00:00,42.14,289,
2017-10-09 16:00:00,42.15,295,
2017-10-09 20:00:00,42.17,309,
2017-10-10 00:00:00,42.19,324,
2017-10-10 04:00:00,42.23,355,
2017-10-10 08:00:00,42.27,388,1.75
2017-10-10 12:00:00,42.32,431,
2017-10-10 16:00:00,42.36,467,
2017-10-10 20:00:00,42.38,486,
2017-10-11 00:00:00,42.4,505,
2017-10-11 04:00:00,42.41,515,
2017-10-11 08:00:00,42.42,525,1.61
2017-10-11 12:00:00,42.43,535,
2017-10-11 16:00:00,42.43,535,
2017-10-11 20:00:00,42.43,535,
2017-10-12 00:00:00,42.42,468,
2017-10-12 04:00:00,42.4,449,
2017-10-12 08:00:00,42.39,440,1.37
2017-10-12 10:00:00,42.38,431,1.45
2017-10-12 12:00:00,42.37,422,
2017-10-12 16:00:00,42.35,404,
2017-10-12 20:00:00,42.36,413,
2017-10-13 00:00:00,42.35,404,
2017-10-13 04:00:00,42.36,413,
2017-10-13 08:00:00,42.35,404,1.41
2017-10-13 12:00:00,42.35,404,
2017-10-13 16:00:00,42.33,387,
2017-10-13 20:00:00,42.35,404,
2017-10-14 00:00:00,42.37,422,
2017-10-14 04:00:00,42.36,413,
2017-10-14 08:00:00,42.36,413,1.32
2017-10-14 12:00:00,42.36,413,
2017-10-14 16:00:00,42.36,413,
2017-10-14 20:00:00,42.36,413,
2017-10-15 00:00:00,42.36,413,
2017-10-15 04:00:00,42.36,413,
2017-10-15 08:00:00,42.37,422,1.02
2017-10-15 12:00:00,42.35,404,
2017-10-15 16:00:00,42.34,396,
2017-10-15 20:00:00,42.33,387,
2017-10-16 00:00:00,42.32,379,
2017-10-16 04:00:00,42.31,370,
2017-10-16 08:00:00,42.3,362,0.82
2017-10-16 12:00:00,42.31,370,
2017-10-16 16:00:00,42.36,413,
2017-10-16 20:00:00,42.41,459,
2017-10-17 00:00:00,42.32,379,
2017-10-17 04:00:00,42.32,379,
2017-10-17 08:00:00,42.31,370,0.856
2017-10-17 12:00:00,42.33,387,
2017-10-17 16:00:00,42.34,396,
2017-10-17 20:00:00,42.37,422,
2017-10-18 00:00:00,42.39,440,
2017-10-18 04:00:00,42.41,459,
2017-10-18 08:00:00,42.44,488,1.26
2017-10-18 12:00:00,42.44,488,
2017-10-18 16:00:00,42.46,510,
2017-10-18 20:00:00,42.46,510,
2017-10-19 00:00:00,42.46,510,
2017-10-19 04:00:00,42.45,498,
2017-10-19 08:00:00,42.45,498,1.35
2017-10-19 12:00:00,42.44,488,
2017-10-19 16:00:00,42.44,488,
2017-10-19 20:00:00,42.43,478,
2017-10-20 00:00:00,42.41,459,
2017-10-20 04:00:00,42.41,459,
2017-10-20 08:00:00,42.4,449,0.77
2017-10-20 10:00:00,42.39,440,
2017-10-20 12:00:00,42.37,422,
2017-10-20 16:00:00,42.36,413,
2017-10-20 20:00:00,42.37,422,
2017-10-21 00:00:00,42.36,413,
2017-10-21 04:00:00,42.35,404,
2017-10-21 08:00:00,42.35,404,0.812
2017-10-21 12:00:00,42.34,396,
2017-10-21 16:00:00,42.36,413,
2017-10-21 20:00:00,42.35,404,
2017-10-22 00:00:00,42.36,413,
2017-10-22 04:00:00,42.35,404,
2017-10-22 08:00:00,42.36,413,0.684
2017-10-22 12:00:00,42.37,422,
2017-10-22 16:00:00,42.34,396,
2017-10-22 20:00:00,42.38,431,
2017-10-23 00:00:00,42.37,422,
2017-10-23 04:00:00,42.37,422,
2017-10-23 08:00:00,42.38,431,0.775
2017-10-23 12:00:00,42.36,413,
2017-10-23 16:00:00,42.37,422,
2017-10-23 20:00:00,42.37,422,
2017-10-24 00:00:00,42.38,431,
2017-10-24 04:00:00,42.38,431,
2017-10-24 08:00:00,42.39,440,0.778
2017-10-24 12:00:00,42.35,404,
2017-10-24 16:00:00,42.36,413,
2017-10-24 20:00:00,42.35,404,
2017-10-25 00:00:00,42.35,404,
2017-10-25 04:00:00,42.34,396,
2017-10-25 08:00:00,42.37,422,0.967
2017-10-25 12:00:00,42.34,396,
2017-10-25 16:00:00,42.33,387,
2017-10-25 20:00:00,42.35,404,
2017-10-26 00:00:00,42.34,396,
2017-10-26 04:00:00,42.35,404,
2017-10-26 08:00:00,42.34,396,1.14
2017-10-26 12:00:00,42.34,396,
2017-10-26 16:00:00,42.31,370,
2017-10-26 20:00:00,42.34,396,
2017-10-27 00:00:00,42.34,396,
2017-10-27 04:00:00,42.35,404,
2017-10-27 08:00:00,42.38,431,1.12
2017-10-27 12:00:00,42.37,422,
2017-10-27 16:00:00,42.37,422,
2017-10-27 20:00:00,42.43,478,
2017-10-28 00:00:00,42.44,488,
2017-10-28 04:00:00,42.45,498,
2017-10-28 08:00:00,42.48,528,1.72
2017-10-28 12:00:00,42.49,536,
2017-10-28 16:00:00,42.5,544,
2017-10-28 20:00:00,42.53,565,
2017-10-29 00:00:00,42.54,572,
2017-10-29 04:00:00,42.55,578,
2017-10-29 08:00:00,42.57,590,1.55
2017-10-29 12:00:00,42.57,590,
2017-10-29 16:00:00,42.56,584,
2017-10-29 20:00:00,42.6,605,
2017-10-30 00:00:00,42.59,600,
2017-10-30 02:00:00,42.61,610,
2017-10-30 04:00:00,42.61,610,
2017-10-30 08:00:00,42.6,605,1.67
2017-10-30 10:00:00,42.6,605,
2017-10-30 12:00:00,42.6,605,
2017-10-30 16:00:00,42.59,600,
2017-10-30 20:00:00,42.61,610,
2017-10-31 00:00:00,42.6,605,
2017-10-31 04:00:00,42.6,605,
2017-10-31 08:00:00,42.56,584,1.28
2017-10-31 12:00:00,42.55,578,
2017-10-31 16:00:00,42.54,572,
2017-10-31 20:00:00,42.5,544,
2017-11-01 00:00:00,42.51,551,
2017-11-01 04:00:00,42.53,565,
2017-11-01 08:00:00,42.59,600,1.04
2017-11-01 12:00:00,42.53,477,
2017-11-01 16:00:00,42.5,451,
2017-11-01 20:00:00,42.49,442,
2017-11-02 00:00:00,42.47,425,
2017-11-02 04:00:00,42.47,425,
2017-11-02 08:00:00,42.47,425,1.08
2017-11-02 12:00:00,42.47,425,
2017-11-02 16:00:00,42.48,433,
2017-11-02 20:00:00,42.49,442,
2017-11-03 00:00:00,42.5,451,
2017-11-03 04:00:00,42.52,468,
2017-11-03 08:00:00,42.53,477,1.18
2017-11-03 12:00:00,42.54,486,
2017-11-03 16:00:00,42.53,477,
2017-11-03 20:00:00,42.53,477,
2017-11-04 00:00:00,42.53,477,
2017-11-04 04:00:00,42.53,477,
2017-11-04 08:00:00,42.54,486,1.03
2017-11-04 12:00:00,42.54,486,
2017-11-04 16:00:00,42.53,477,
2017-11-04 20:00:00,42.57,514,
2017-11-05 00:00:00,42.58,523,
2017-11-05 04:00:00,42.58,523,
2017-11-05 08:00:00,42.59,532,1.4
2017-11-05 12:00:00,42.58,523,
2017-11-05 16:00:00,42.6,542,
2017-11-05 20:00:00,42.62,561,
2017-11-06 00:00:00,42.63,571,
2017-11-06 04:00:00,42.64,582,
2017-11-06 08:00:00,42.63,571,1.5
2017-11-06 12:00:00,42.62,561,
2017-11-06 16:00:00,42.63,571,
2017-11-06 20:00:00,42.65,592,
2017-11-07 00:00:00,42.65,592,
2017-11-07 04:00:00,42.63,571,
2017-11-07 08:00:00,42.64,582,1.55
2017-11-07 12:00:00,42.64,582,
2017-11-07 16:00:00,42.63,571,
2017-11-07 20:00:00,42.61,552,
2017-11-08 00:00:00,42.6,542,
2017-11-08 04:00:00,42.6,542,
2017-11-08 08:00:00,42.59,532,1.35
2017-11-08 12:00:00,42.57,514,
2017-11-08 16:00:00,42.56,504,
2017-11-08 20:00:00,42.57,514,
2017-11-09 00:00:00,42.55,495,
2017-11-09 04:00:00,42.56,504,
2017-11-09 08:00:00,42.56,504,1.24
2017-11-09 12:00:00,42.53,477,
2017-11-09 16:00:00,42.54,486,
2017-11-09 20:00:00,42.54,486,
2017-11-10 00:00:00,42.52,468,
2017-11-10 04:00:00,42.53,477,
2017-11-10 08:00:00,42.5,451,1.22
2017-11-10 12:00:00,42.55,495,
2017-11-10 16:00:00,42.53,477,
2017-11-10 20:00:00,42.63,571,
2017-11-11 00:00:00,42.68,622,
2017-11-11 04:00:00,42.57,514,
2017-11-11 08:00:00,42.55,495,1.08
2017-11-11 10:00:00,42.55,495,1.05
2017-11-11 12:00:00,42.55,495,
2017-11-11 16:00:00,42.51,459,
2017-11-11 20:00:00,42.53,477,
2017-11-12 00:00:00,42.54,486,
2017-11-12 04:00:00,42.54,486,
2017-11-12 08:00:00,42.55,495,0.84
2017-11-12 12:00:00,42.71,652,
2017-11-12 16:00:00,42.73,672,
2017-11-12 20:00:00,42.63,571,
2017-11-13 00:00:00,42.57,514,
2017-11-13 04:00:00,42.56,504,
2017-11-13 08:00:00,42.56,504,1.1
2017-11-13 12:00:00,42.55,495,
2017-11-13 16:00:00,42.55,495,
2017-11-13 20:00:00,42.55,495,
2017-11-14 00:00:00,42.57,514,
2017-11-14 04:00:00,42.63,571,
2017-11-14 08:00:00,42.63,571,1.1
2017-11-14 12:00:00,42.63,571,
2017-11-14 16:00:00,42.58,523,
2017-11-14 20:00:00,42.56,504,
2017-11-15 00:00:00,42.55,495,
2017-11-15 04:00:00,42.56,504,
2017-11-15 08:00:00,42.57,514,1.25
2017-11-15 12:00:00,42.58,523,
2017-11-15 16:00:00,42.65,592,
2017-11-15 20:00:00,42.79,733,
2017-11-16 00:00:00,42.8,743,
2017-11-16 04:00:00,42.6,542,
2017-11-16 08:00:00,42.68,622,1.4
2017-11-16 12:00:00,42.68,622,
2017-11-16 16:00:00,42.61,552,
2017-11-16 20:00:00,42.69,632,
2017-11-17 00:00:00,42.57,514,
2017-11-17 04:00:00,42.56,504,
2017-11-17 08:00:00,42.65,592,0.823
2017-11-17 12:00:00,42.63,571,
2017-11-17 16:00:00,42.6,542,
2017-11-17 20:00:00,42.6,542,
2017-11-18 00:00:00,42.57,514,
2017-11-18 04:00:00,42.57,514,
2017-11-18 08:00:00,42.6,542,0.796
2017-11-18 12:00:00,42.65,592,
2017-11-18 14:00:00,42.91,850,
2017-11-18 16:00:00,42.87,812,
2017-11-18 18:00:00,42.81,753,
2017-11-18 20:00:00,42.72,662,
2017-11-19 00:00:00,42.69,632,
2017-11-19 04:00:00,42.68,622,
2017-11-19 08:00:00,42.71,652,0.814
2017-11-19 12:00:00,42.64,470,
2017-11-19 14:00:00,42.87,648,
2017-11-19 16:00:00,42.89,664,
2017-11-19 20:00:00,42.77,570,
2017-11-20 00:00:00,42.65,478,
2017-11-20 04:00:00,42.69,508,
2017-11-20 08:00:00,42.82,609,1.4
2017-11-20 12:00:00,42.7,516,
2017-11-20 16:00:00,42.62,455,
2017-11-20 20:00:00,42.8,594,
2017-11-21 00:00:00,42.77,570,
2017-11-21 04:00:00,42.68,501,
2017-11-21 08:00:00,42.8,594,0.955
2017-11-21 12:00:00,42.86,640,
2017-11-21 16:00:00,42.88,656,
2017-11-21 20:00:00,42.9,672,
2017-11-22 00:00:00,42.74,434,
2017-11-22 04:00:00,42.72,418,
2017-11-22 08:00:00,42.81,488,0.763
2017-11-22 12:00:00,42.89,741,
2017-11-22 16:00:00,42.77,642,
2017-11-22 20:00:00,42.68,570,
2017-11-23 00:00:00,42.68,570,
2017-11-23 04:00:00,42.67,562,
2017-11-23 08:00:00,42.7,586,1.33
2017-11-23 12:00:00,42.82,683,
2017-11-23 16:00:00,42.88,733,
2017-11-23 20:00:00,42.86,716,
2017-11-24 00:00:00,42.7,586,
2017-11-24 04:00:00,42.8,666,
2017-11-24 08:00:00,42.9,750,0.832
2017-11-24 12:00:00,42.91,758,
2017-11-24 16:00:00,42.8,666,
2017-11-24 20:00:00,42.75,626,
2017-11-25 00:00:00,42.76,634,
2017-11-25 04:00:00,42.77,642,
2017-11-25 08:00:00,42.82,683,2.17
2017-11-25 12:00:00,42.82,683,
2017-11-25 16:00:00,42.79,658,
2017-11-25 20:00:00,42.82,683,
2017-11-26 00:00:00,42.82,683,
2017-11-26 04:00:00,42.82,683,
2017-11-26 08:00:00,42.83,691,2.29
2017-11-26 12:00:00,42.85,708,
2017-11-26 16:00:00,42.84,699,
2017-11-26 20:00:00,42.85,708,
2017-11-27 00:00:00,42.82,683,
2017-11-27 04:00:00,42.84,782,
2017-11-27 08:00:00,42.83,773,2.13
2017-11-27 12:00:00,42.81,753,
2017-11-27 16:00:00,42.81,753,
2017-11-27 20:00:00,42.81,753,
2017-11-28 00:00:00,42.82,763,
2017-11-28 04:00:00,42.82,763,
2017-11-28 08:00:00,42.82,763,2.0
2017-11-28 12:00:00,42.82,763,
2017-11-28 16:00:00,42.84,782,
2017-11-28 20:00:00,42.82,763,
2017-11-29 00:00:00,42.81,753,
2017-11-29 04:00:00,42.86,802,
2017-11-29 08:00:00,42.83,773,1.78
2017-11-29 12:00:00,42.84,782,
2017-11-29 16:00:00,42.86,802,
2017-11-29 20:00:00,42.85,792,
2017-11-30 00:00:00,42.86,802,
2017-11-30 04:00:00,42.89,831,
2017-11-30 08:00:00,42.88,733,2.49
2017-11-30 12:00:00,42.87,725,
2017-11-30 16:00:00,42.87,725,
2017-11-30 20:00:00,42.89,741,
2017-12-01 00:00:00,42.89,741,
2017-12-01 04:00:00,42.95,792,
2017-12-01 08:00:00,42.94,783,2.38
2017-12-01 12:00:00,42.95,792,
2017-12-01 16:00:00,42.94,783,
2017-12-01 20:00:00,42.93,775,
2017-12-02 00:00:00,42.94,783,
2017-12-02 04:00:00,42.94,783,
2017-12-02 08:00:00,42.94,783,2.31
2017-12-02 12:00:00,42.93,775,
2017-12-02 16:00:00,42.92,767,
2017-12-02 20:00:00,42.91,758,
2017-12-03 00:00:00,42.9,750,
2017-12-03 04:00:00,42.9,750,
2017-12-03 08:00:00,42.89,741,2.19
2017-12-03 12:00:00,42.87,725,
2017-12-03 16:00:00,42.84,699,
2017-12-03 20:00:00,42.88,733,
2017-12-04 00:00:00,43.09,911,
2017-12-04 04:00:00,43.11,928,
2017-12-04 08:00:00,42.95,792,2.02
2017-12-04 12:00:00,42.97,809,
2017-12-04 16:00:00,42.94,783,
2017-12-04 20:00:00,42.93,775,
2017-12-05 00:00:00,42.93,775,
2017-12-05 04:00:00,42.97,809,
2017-12-05 08:00:00,42.99,826,2.59
2017-12-05 12:00:00,42.98,817,
2017-12-05 16:00:00,42.97,809,
2017-12-05 20:00:00,42.99,864,
2017-12-06 00:00:00,43.01,875,
2017-12-06 04:00:00,43.02,881,
2017-12-06 08:00:00,43.04,893,3.49
2017-12-06 12:00:00,43.05,899,
2017-12-06 16:00:00,43.06,905,
2017-12-06 20:00:00,43.03,887,
2017-12-07 00:00:00,43.07,911,
2017-12-07 04:00:00,43.05,899,
2017-12-07 08:00:00,43.07,911,2.87
2017-12-07 12:00:00,43.05,899,
2017-12-07 16:00:00,43.05,899,
2017-12-07 20:00:00,43.07,911,
2017-12-08 00:00:00,43.06,905,
2017-12-08 04:00:00,43.07,911,
2017-12-08 08:00:00,43.07,911,3.26
2017-12-08 12:00:00,43.04,893,
2017-12-08 16:00:00,43.02,881,
2017-12-08 20:00:00,43.02,881,
2017-12-09 00:00:00,43.03,887,
2017-12-09 04:00:00,43.01,875,
2017-12-09 08:00:00,43.1,929,3.87
2017-12-09 12:00:00,43.12,942,
2017-12-09 16:00:00,43.17,973,
2017-12-09 20:00:00,43.05,899,
2017-12-10 00:00:00,42.99,864,
2017-12-10 04:00:00,42.97,852,
2017-12-10 08:00:00,42.98,858,1.39
2017-12-10 12:00:00,43.13,948,
2017-12-10 16:00:00,43.09,923,
2017-12-10 20:00:00,42.91,414,
2017-12-11 00:00:00,43.13,633,
2017-12-11 02:00:00,43.06,560,
2017-12-11 04:00:00,42.96,460,
2017-12-11 08:00:00,42.97,470,0.993
2017-12-11 10:00:00,42.91,414,0.985
2017-12-11 12:00:00,42.85,363,
2017-12-11 16:00:00,42.85,363,
2017-12-11 20:00:00,42.93,549,
2017-12-11 22:00:00,43.21,748,
2017-12-12 00:00:00,43.12,687,
2017-12-12 04:00:00,42.87,508,
2017-12-12 08:00:00,42.86,502,1.24
2017-12-12 12:00:00,42.87,508,
2017-12-12 16:00:00,42.9,528,
2017-12-12 20:00:00,42.93,549,
2017-12-13 00:00:00,42.97,580,
2017-12-13 04:00:00,43.02,616,
2017-12-13 08:00:00,43.02,616,0.967
2017-12-13 12:00:00,42.97,470,
2017-12-13 16:00:00,42.95,451,
2017-12-13 20:00:00,42.94,441,
2017-12-14 00:00:00,42.92,423,
2017-12-14 04:00:00,42.92,423,
2017-12-14 08:00:00,42.92,423,0.917
2017-12-14 12:00:00,42.94,441,
2017-12-14 16:00:00,42.96,460,
2017-12-14 20:00:00,42.97,470,
2017-12-15 00:00:00,42.99,490,
2017-12-15 04:00:00,43.05,550,
2017-12-15 08:00:00,43.07,571,1.04
2017-12-15 12:00:00,43.06,560,
2017-12-15 16:00:00,43.06,560,
2017-12-15 20:00:00,43.05,550,
2017-12-16 00:00:00,43.05,550,
2017-12-16 04:00:00,43.04,540,
2017-12-16 08:00:00,43.03,530,1.08
2017-12-16 12:00:00,43.03,530,
2017-12-16 16:00:00,43.03,530,
2017-12-16 20:00:00,43.04,540,
2017-12-17 00:00:00,43.03,530,
2017-12-17 04:00:00,43.1,602,
2017-12-17 08:00:00,43.1,602,1.01
2017-12-17 12:00:00,43.06,560,
2017-12-17 16:00:00,43.03,530,
2017-12-17 20:00:00,43.04,540,
2017-12-18 00:00:00,43.16,664,
2017-12-18 04:00:00,43.16,664,
2017-12-18 06:00:00,43.11,612,
2017-12-18 08:00:00,43.07,571,0.646
2017-12-18 10:00:00,43.03,530,
2017-12-18 12:00:00,43.01,510,
2017-12-18 16:00:00,42.98,479,
2017-12-18 20:00:00,43.01,510,
2017-12-18 22:00:00,43.14,643,
2017-12-19 00:00:00,43.18,685,
2017-12-19 04:00:00,43.14,643,
2017-12-19 08:00:00,43.02,520,0.877
2017-12-19 10:00:00,42.97,470,
2017-12-19 12:00:00,42.92,473,
2017-12-19 16:00:00,42.89,448,
2017-12-19 20:00:00,42.95,500,
2017-12-20 00:00:00,43.12,652,
2017-12-20 04:00:00,43.1,633,
2017-12-20 08:00:00,43.03,570,1.05
2017-12-20 10:00:00,42.99,535,
2017-12-20 12:00:00,42.95,500,
2017-12-20 16:00:00,42.94,491,
2017-12-20 18:00:00,42.96,508,
2017-12-20 20:00:00,43.01,552,
2017-12-20 22:00:00,43.12,652,
2017-12-21 00:00:00,43.14,670,
2017-12-21 02:00:00,43.09,624,
2017-12-21 04:00:00,43.01,552,
2017-12-21 08:00:00,42.92,473,0.875
2017-12-21 12:00:00,42.87,431,
2017-12-21 16:00:00,42.93,482,
2017-12-21 18:00:00,42.97,517,
2017-12-21 20:00:00,43.13,661,
2017-12-21 23:00:00,43.1,633,
2017-12-22 00:00:00,43.08,615,
2017-12-22 01:00:00,43.02,561,
2017-12-22 04:00:00,42.95,500,
2017-12-22 06:00:00,42.92,473,
2017-12-22 08:00:00,42.89,448,0.801
2017-12-22 12:00:00,42.84,406,
2017-12-22 16:00:00,42.88,439,
2017-12-22 19:00:00,42.95,500,
2017-12-22 20:00:00,42.98,526,
2017-12-22 22:00:00,43.07,606,
2017-12-23 00:00:00,43.04,579,
2017-12-23 02:00:00,42.98,526,
2017-12-23 04:00:00,42.89,448,
2017-12-23 08:00:00,42.8,374,0.796
2017-12-23 12:00:00,42.77,350,
2017-12-23 16:00:00,42.78,358,
2017-12-23 19:00:00,42.89,448,
2017-12-23 20:00:00,42.95,563,
2017-12-24 00:00:00,42.91,535,
2017-12-24 02:00:00,42.86,502,
2017-12-24 04:00:00,42.82,476,
2017-12-24 08:00:00,42.76,440,0.677
2017-12-24 12:00:00,42.72,418,
2017-12-24 16:00:00,42.7,407,
2017-12-24 20:00:00,42.72,418,
2017-12-25 00:00:00,42.71,412,
2017-12-25 04:00:00,42.73,423,
2017-12-25 08:00:00,42.72,418,0.757
2017-12-25 12:00:00,42.68,397,
2017-12-25 16:00:00,42.67,392,
2017-12-25 20:00:00,42.65,383,
2017-12-26 00:00:00,42.63,374,
2017-12-26 04:00:00,42.62,369,
2017-12-26 08:00:00,42.6,361,0.73
2017-12-26 12:00:00,42.59,357,
2017-12-26 16:00:00,42.57,349,
2017-12-26 20:00:00,42.56,345,
2017-12-27 00:00:00,42.54,338,
2017-12-27 04:00:00,42.53,335,
2017-12-27 08:00:00,42.52,331,0.635
2017-12-27 10:00:00,42.5,325,
2017-12-27 12:00:00,42.5,325,
2017-12-27 16:00:00,42.51,328,
2017-12-27 20:00:00,42.52,331,
2017-12-28 00:00:00,42.52,331,
2017-12-28 04:00:00,42.52,331,
2017-12-28 08:00:00,42.52,331,0.677
2017-12-28 12:00:00,42.51,328,
2017-12-28 16:00:00,42.51,328,
2017-12-28 20:00:00,42.51,328,
2017-12-29 00:00:00,42.5,325,
2017-12-29 04:00:00,42.5,325,
2017-12-29 08:00:00,42.5,325,0.623
2017-12-29 12:00:00,42.5,325,
2017-12-29 16:00:00,42.5,325,
2017-12-29 20:00:00,42.51,328,
2017-12-30 00:00:00,42.52,331,
2017-12-30 04:00:00,42.51,328,
2017-12-30 08:00:00,42.53,335,0.671
2017-12-30 12:00:00,42.54,338,
2017-12-30 16:00:00,42.54,338,
2017-12-30 20:00:00,42.58,353,
2017-12-31 00:00:00,42.57,349,
2017-12-31 04:00:00,42.57,349,
2017-12-31 08:00:00,42.58,353,0.794
2017-12-31 12:00:00,42.57,349,
2017-12-31 16:00:00,42.56,345,
2017-12-31 20:00:00,42.59,357,
2018-01-01 00:00:00,42.55,342,0.674
2018-01-01 04:00:00,42.56,342,
2018-01-01 08:00:00,42.56,345,0.593
2018-01-01 12:00:00,42.57,345,
2018-01-01 16:00:00,42.58,349,
2018-01-01 20:00:00,42.55,352,
2018-01-02 00:00:00,42.57,342,
2018-01-02 04:00:00,42.57,349,
2018-01-02 08:00:00,42.54,349,0.641
2018-01-02 12:00:00,42.55,339,
2018-01-02 16:00:00,42.52,342,
2018-01-02 20:00:00,42.51,333,
2018-01-03 00:00:00,42.5,330,
2018-01-03 02:00:00,42.5,327,
2018-01-03 04:00:00,42.5,327,
2018-01-03 08:00:00,42.51,327,0.644
2018-01-03 12:00:00,42.52,330,
2018-01-03 16:00:00,42.52,333,
2018-01-03 20:00:00,42.52,333,
2018-01-04 00:00:00,42.54,333,
2018-01-04 04:00:00,42.55,339,
2018-01-04 08:00:00,42.57,342,0.788
2018-01-04 12:00:00,42.59,349,
2018-01-04 16:00:00,42.61,355,
2018-01-04 20:00:00,42.61,363,
2018-01-05 00:00:00,42.6,363,
2018-01-05 04:00:00,42.6,359,
2018-01-05 08:00:00,42.6,359,0.682
2018-01-05 12:00:00,42.6,355,
2018-01-05 16:00:00,42.61,359,
2018-01-05 20:00:00,42.62,363,
2018-01-06 00:00:00,42.62,366,
2018-01-06 04:00:00,42.62,366,
2018-01-06 08:00:00,42.61,366,0.706
2018-01-06 12:00:00,42.63,363,
2018-01-06 16:00:00,42.61,393,
2018-01-06 20:00:00,42.62,384,
2018-01-07 00:00:00,42.6,388,
2018-01-07 04:00:00,42.6,379,
2018-01-07 08:00:00,42.6,379,1.19
2018-01-07 12:00:00,42.58,379,
2018-01-07 16:00:00,42.59,370,
2018-01-07 20:00:00,42.59,374,
2018-01-08 00:00:00,42.59,374,
2018-01-08 04:00:00,42.57,374,
2018-01-08 08:00:00,42.58,365,0.974
2018-01-08 12:00:00,42.58,370,
2018-01-08 16:00:00,42.59,370,
2018-01-08 20:00:00,42.59,374,
2018-01-09 00:00:00,42.59,374,
2018-01-09 04:00:00,42.6,374,
2018-01-09 08:00:00,42.6,379,0.683
2018-01-09 12:00:00,42.58,370,
2018-01-09 16:00:00,42.56,370,
2018-01-09 20:00:00,42.56,361,
2018-01-10 00:00:00,42.55,361,
2018-01-10 04:00:00,42.55,356,
2018-01-10 08:00:00,42.55,356,1.05
2018-01-10 12:00:00,42.55,356,
2018-01-10 16:00:00,42.56,356,
2018-01-10 20:00:00,42.55,361,
2018-01-11 00:00:00,42.53,356,
2018-01-11 04:00:00,42.53,347,
2018-01-11 08:00:00,42.52,347,0.705
2018-01-11 12:00:00,42.52,343,
2018-01-11 16:00:00,42.53,343,
2018-01-11 20:00:00,42.53,347,
2018-01-12 00:00:00,42.54,347,
2018-01-12 04:00:00,42.54,352,
2018-01-12 08:00:00,42.53,352,1.02
2018-01-12 12:00:00,42.54,347,
2018-01-12 16:00:00,42.58,356,
2018-01-12 20:00:00,42.58,370,
2018-01-13 00:00:00,42.57,370,
2018-01-13 04:00:00,42.58,365,
2018-01-13 08:00:00,42.59,370,0.836
2018-01-13 12:00:00,42.59,374,
2018-01-13 16:00:00,42.58,374,
2018-01-13 20:00:00,42.58,370,
2018-01-14 00:00:00,42.58,370,
2018-01-14 04:00:00,42.6,370,
2018-01-14 08:00:00,42.61,379,0.856
2018-01-14 12:00:00,42.63,384,
2018-01-14 16:00:00,42.64,393,
2018-01-14 20:00:00,42.64,398,
2018-01-15 00:00:00,42.64,398,
2018-01-15 04:00:00,42.65,398,
2018-01-15 08:00:00,42.66,403,0.966
2018-01-15 12:00:00,42.66,408,
2018-01-15 16:00:00,42.68,408,
2018-01-15 20:00:00,42.67,417,
2018-01-16 00:00:00,42.67,412,
2018-01-16 04:00:00,42.69,412,
2018-01-16 08:00:00,42.68,423,0.855
2018-01-16 12:00:00,42.7,428,
2018-01-16 16:00:00,42.73,428,
2018-01-16 20:00:00,42.74,443,
2018-01-17 00:00:00,42.74,448,
2018-01-17 04:00:00,42.74,448,
2018-01-17 08:00:00,42.71,448,0.795
2018-01-17 12:00:00,42.71,433,
2018-01-17 16:00:00,42.72,433,
2018-01-17 20:00:00,42.7,438,
2018-01-18 00:00:00,42.71,428,
2018-01-18 04:00:00,42.71,433,
2018-01-18 08:00:00,42.73,433,0.972
2018-01-18 12:00:00,42.72,443,
2018-01-18 16:00:00,42.73,438,
2018-01-18 20:00:00,42.74,443,
2018-01-19 00:00:00,42.75,448,
2018-01-19 04:00:00,42.79,453,
2018-01-19 08:00:00,42.75,475,0.928
2018-01-19 12:00:00,42.75,453,
2018-01-19 16:00:00,42.8,475,
2018-01-19 20:00:00,42.77,481,
2018-01-20 00:00:00,42.76,464,
2018-01-20 04:00:00,42.72,459,
2018-01-20 08:00:00,42.7,438,1.09
2018-01-20 12:00:00,42.68,428,
2018-01-20 16:00:00,42.73,417,
2018-01-20 20:00:00,42.72,443,
2018-01-21 00:00:00,42.74,438,
2018-01-21 04:00:00,42.73,448,
2018-01-21 08:00:00,42.68,443,0.64
2018-01-21 10:00:00,42.64,417,
2018-01-21 12:00:00,42.63,398,
2018-01-21 16:00:00,42.67,393,
2018-01-21 20:00:00,42.66,412,
2018-01-22 00:00:00,42.7,408,
2018-01-22 04:00:00,42.7,453,
2018-01-22 08:00:00,42.66,453,0.938
2018-01-22 12:00:00,42.66,433,
2018-01-22 16:00:00,42.65,433,
2018-01-22 20:00:00,42.66,428,
2018-01-23 00:00:00,42.65,433,
2018-01-23 04:00:00,42.62,428,
2018-01-23 08:00:00,42.62,413,0.765
2018-01-23 12:00:00,42.63,408,
2018-01-23 14:00:00,42.65,418,
2018-01-23 16:00:00,42.65,428,
2018-01-23 20:00:00,42.69,428,
2018-01-24 00:00:00,42.72,448,
2018-01-24 04:00:00,42.76,464,
2018-01-24 08:00:00,42.72,485,1.21
2018-01-24 12:00:00,42.7,464,
2018-01-24 16:00:00,42.72,453,
2018-01-24 20:00:00,42.66,464,
2018-01-25 00:00:00,42.68,433,
2018-01-25 04:00:00,42.71,443,
2018-01-25 08:00:00,42.71,459,0.898
2018-01-25 12:00:00,42.68,459,
2018-01-25 14:00:00,42.66,443,
2018-01-25 16:00:00,42.62,433,
2018-01-25 20:00:00,42.67,413,
2018-01-26 00:00:00,42.72,438,
2018-01-26 04:00:00,42.71,464,
2018-01-26 08:00:00,42.67,459,0.935
2018-01-26 12:00:00,42.66,438,
2018-01-26 16:00:00,42.73,448,
2018-01-26 19:00:00,42.75,469,
2018-01-26 20:00:00,42.73,480,
2018-01-27 00:00:00,42.75,443,
2018-01-27 04:00:00,42.78,453,
2018-01-27 08:00:00,42.77,470,0.89
2018-01-27 12:00:00,42.75,464,
2018-01-27 14:00:00,42.77,453,
2018-01-27 16:00:00,42.78,464,
2018-01-27 20:00:00,42.77,470,
2018-01-28 00:00:00,42.79,464,
2018-01-28 04:00:00,42.77,475,
2018-01-28 08:00:00,42.75,464,0.965
2018-01-28 12:00:00,42.74,453,
2018-01-28 16:00:00,42.73,448,
2018-01-28 20:00:00,42.74,443,
2018-01-29 00:00:00,42.76,448,
2018-01-29 04:00:00,42.78,459,
2018-01-29 08:00:00,42.78,470,0.767
2018-01-29 12:00:00,42.77,470,
2018-01-29 14:00:00,42.78,464,
2018-01-29 16:00:00,42.79,470,
2018-01-29 20:00:00,42.8,475,
2018-01-30 00:00:00,42.8,481,
2018-01-30 04:00:00,42.82,481,
2018-01-30 08:00:00,42.82,492,1.13
2018-01-30 12:00:00,42.82,492,
2018-01-30 14:00:00,42.8,481,
2018-01-30 16:00:00,42.77,481,
2018-01-30 18:00:00,42.76,464,
2018-01-30 20:00:00,42.79,459,
2018-01-31 00:00:00,42.81,475,
2018-01-31 04:00:00,42.81,486,
2018-01-31 08:00:00,42.8,486,1.15
2018-01-31 12:00:00,42.77,481,
2018-01-31 14:00:00,42.75,464,
2018-01-31 16:00:00,42.78,453,
2018-01-31 18:00:00,42.8,470,
2018-01-31 20:00:00,42.83,481,
2018-02-01 00:00:00,42.85,497,
2018-02-01 04:00:00,42.84,508,
2018-02-01 08:00:00,42.83,503,1.42
2018-02-01 10:00:00,42.78,497,
2018-02-01 12:00:00,42.74,470,
2018-02-01 16:00:00,42.76,448,
2018-02-01 18:00:00,42.79,459,
2018-02-01 20:00:00,42.84,475,
2018-02-02 00:00:00,42.83,503,
2018-02-02 04:00:00,42.78,497,
2018-02-02 06:00:00,42.74,470,
2018-02-02 08:00:00,42.7,448,1.36
2018-02-02 12:00:00,42.66,428,
2018-02-02 16:00:00,42.65,408,
2018-02-02 20:00:00,42.68,403,
2018-02-02 23:00:00,42.72,417,
2018-02-03 00:00:00,42.76,438,
2018-02-03 02:00:00,42.78,459,
2018-02-03 04:00:00,42.83,470,
2018-02-03 08:00:00,42.84,497,1.44
2018-02-03 12:00:00,42.84,486,
2018-02-03 14:00:00,42.87,503,
2018-02-03 16:00:00,42.9,519,
2018-02-03 18:00:00,42.94,536,
2018-02-03 20:00:00,42.96,559,
2018-02-04 00:00:00,42.96,570,
2018-02-04 04:00:00,42.94,570,
2018-02-04 08:00:00,42.91,559,1.63
2018-02-04 10:00:00,42.87,542,
2018-02-04 12:00:00,42.83,519,
2018-02-04 14:00:00,42.81,497,
2018-02-04 16:00:00,42.83,486,
2018-02-04 19:00:00,42.89,497,
2018-02-04 20:00:00,42.92,531,
2018-02-05 00:00:00,42.95,547,
2018-02-05 03:00:00,42.97,564,
2018-02-05 04:00:00,42.99,576,
2018-02-05 06:00:00,42.96,587,
2018-02-05 07:00:00,42.92,570,
2018-02-05 08:00:00,42.91,547,1.45
2018-02-05 12:00:00,42.87,542,
2018-02-05 14:00:00,42.85,519,
2018-02-05 16:00:00,42.85,508,
2018-02-05 20:00:00,42.88,508,
2018-02-05 21:00:00,42.94,525,
2018-02-05 22:00:00,42.95,559,
2018-02-06 00:00:00,42.99,564,
2018-02-06 04:00:00,43.0,587,
2018-02-06 08:00:00,42.98,593,1.64
2018-02-06 10:00:00,42.95,581,
2018-02-06 11:00:00,42.9,564,
2018-02-06 12:00:00,42.86,536,
2018-02-06 13:00:00,42.83,514,
2018-02-06 16:00:00,42.82,497,
2018-02-06 19:00:00,42.8,492,
2018-02-06 20:00:00,42.9,481,
2018-02-06 22:00:00,42.92,536,
2018-02-07 00:00:00,42.95,547,
2018-02-07 01:00:00,42.97,564,
2018-02-07 04:00:00,43.01,576,
2018-02-07 08:00:00,42.98,598,1.35
2018-02-07 10:00:00,42.96,550,
2018-02-07 12:00:00,42.94,538,
2018-02-07 15:00:00,42.9,510,
2018-02-07 16:00:00,42.84,493,
2018-02-07 17:00:00,42.8,471,
2018-02-07 19:00:00,42.78,450,
2018-02-07 20:00:00,42.74,438,
2018-02-07 22:00:00,42.72,418,
2018-02-08 00:00:00,42.82,408,
2018-02-08 01:00:00,42.86,492,
2018-02-08 02:00:00,42.9,514,
2018-02-08 04:00:00,42.95,536,
2018-02-08 05:00:00,42.99,564,
2018-02-08 07:00:00,43.0,587,
2018-02-08 08:00:00,43.02,593,1.72
2018-02-08 09:00:00,43.01,604,
2018-02-08 12:00:00,43.01,598,
2018-02-08 16:00:00,42.97,598,
2018-02-08 20:00:00,42.99,576,
2018-02-09 00:00:00,43.01,587,
2018-02-09 04:00:00,42.99,598,
2018-02-09 06:00:00,42.97,587,
2018-02-09 08:00:00,42.98,576,1.66
2018-02-09 12:00:00,42.95,581,
2018-02-09 16:00:00,42.95,564,
2018-02-09 20:00:00,42.93,564,
2018-02-10 00:00:00,42.89,553,
2018-02-10 02:00:00,42.86,531,
2018-02-10 03:00:00,42.83,514,
2018-02-10 04:00:00,42.8,497,
2018-02-10 06:00:00,42.77,481,
2018-02-10 07:00:00,42.75,464,
2018-02-10 08:00:00,42.72,453,1.43
2018-02-10 10:00:00,42.7,438,
2018-02-10 12:00:00,42.67,428,
2018-02-10 15:00:00,42.68,412,
2018-02-10 16:00:00,42.68,417,
2018-02-10 17:00:00,42.84,438,
2018-02-10 18:00:00,42.86,503,
2018-02-10 20:00:00,42.94,514,
2018-02-10 22:00:00,42.98,559,
2018-02-11 00:00:00,42.97,581,
2018-02-11 04:00:00,42.93,576,
2018-02-11 08:00:00,42.91,521,1.9
2018-02-11 09:00:00,42.87,510,
2018-02-11 12:00:00,42.81,488,
2018-02-11 15:00:00,42.77,455,
2018-02-11 16:00:00,42.71,433,
2018-02-11 18:00:00,42.65,404,
2018-02-11 20:00:00,42.63,378,
2018-02-11 21:00:00,42.73,370,
2018-02-11 22:00:00,42.81,413,
2018-02-11 23:00:00,42.84,455,
2018-02-12 00:00:00,42.88,471,
2018-02-12 02:00:00,42.91,493,
2018-02-12 04:00:00,42.93,510,
2018-02-12 08:00:00,42.89,521,2.22
2018-02-12 12:00:00,42.93,499,
2018-02-12 16:00:00,42.93,521,
2018-02-12 20:00:00,42.9,521,
2018-02-13 00:00:00,42.92,504,
2018-02-13 04:00:00,42.89,515,
2018-02-13 08:00:00,42.86,499,1.32
2018-02-13 09:00:00,42.81,482,
2018-02-13 10:00:00,42.76,455,
2018-02-13 12:00:00,42.81,428,
2018-02-13 14:00:00,42.84,455,
2018-02-13 15:00:00,42.9,471,
2018-02-13 16:00:00,42.89,504,
2018-02-13 20:00:00,42.89,499,
2018-02-13 22:00:00,42.87,499,
2018-02-14 00:00:00,42.84,488,
2018-02-14 04:00:00,42.84,471,
2018-02-14 08:00:00,42.84,471,1.63
2018-02-14 12:00:00,42.78,466,
2018-02-14 14:00:00,42.73,438,
2018-02-14 15:00:00,42.69,413,
2018-02-14 16:00:00,42.65,395,
2018-02-14 17:00:00,42.61,378,
2018-02-14 18:00:00,42.58,363,
2018-02-14 20:00:00,42.56,352,
2018-02-15 00:00:00,42.59,345,
2018-02-15 03:00:00,42.79,355,
2018-02-15 04:00:00,42.84,445,
2018-02-15 05:00:00,42.89,471,
2018-02-15 08:00:00,42.93,499,1.65
2018-02-15 10:00:00,42.92,521,
2018-02-15 12:00:00,42.87,515,
2018-02-15 16:00:00,42.86,488,
2018-02-15 20:00:00,42.84,482,
2018-02-16 00:00:00,42.86,471,
2018-02-16 02:00:00,42.83,482,
2018-02-16 04:00:00,42.8,466,
2018-02-16 08:00:00,42.77,450,1.56
2018-02-16 12:00:00,42.76,433,
2018-02-16 16:00:00,42.83,428,
2018-02-16 18:00:00,42.88,466,
2018-02-16 20:00:00,42.85,493,
2018-02-16 23:00:00,42.83,477,
2018-02-17 00:00:00,42.81,466,
2018-02-17 04:00:00,42.77,455,
2018-02-17 08:00:00,42.74,433,1.31
2018-02-17 10:00:00,42.72,418,
2018-02-17 12:00:00,42.67,408,
2018-02-17 16:00:00,42.78,386,
2018-02-17 18:00:00,42.86,546,
2018-02-17 20:00:00,42.86,586,
2018-02-18 00:00:00,42.82,586,
2018-02-18 02:00:00,42.8,566,
2018-02-18 04:00:00,42.78,556,
2018-02-18 08:00:00,42.78,546,1.7
2018-02-18 12:00:00,42.72,536,
2018-02-18 13:00:00,42.68,464,
2018-02-18 14:00:00,42.73,443,
2018-02-18 15:00:00,42.77,469,
2018-02-18 16:00:00,42.74,490,
2018-02-18 20:00:00,42.73,474,
2018-02-19 00:00:00,42.71,469,
2018-02-19 04:00:00,42.73,459,
2018-02-19 08:00:00,42.71,469,1.53
2018-02-19 12:00:00,42.73,459,
2018-02-19 16:00:00,42.7,469,
2018-02-19 20:00:00,42.69,453,
2018-02-20 00:00:00,42.7,448,
2018-02-20 04:00:00,42.68,453,
2018-02-20 08:00:00,42.7,443,1.3
2018-02-20 12:00:00,42.73,453,
2018-02-20 14:00:00,42.68,469,
2018-02-20 16:00:00,42.64,443,
2018-02-20 20:00:00,42.68,423,
2018-02-20 23:00:00,42.75,443,
2018-02-21 00:00:00,42.82,480,
2018-02-21 02:00:00,42.77,518,
2018-02-21 04:00:00,42.75,490,
2018-02-21 08:00:00,42.73,480,1.69
2018-02-21 12:00:00,42.68,469,
2018-02-21 14:00:00,42.7,443,
2018-02-21 16:00:00,42.68,453,
2018-02-21 20:00:00,42.68,443,
2018-02-22 00:00:00,42.65,443,
2018-02-22 02:00:00,42.7,428,
2018-02-22 04:00:00,42.75,453,
2018-02-22 08:00:00,42.71,480,1.48
2018-02-22 10:00:00,42.71,459,
2018-02-22 12:00:00,42.73,448,
2018-02-22 16:00:00,42.82,469,
2018-02-22 18:00:00,42.78,518,
2018-02-22 20:00:00,42.74,496,
2018-02-23 00:00:00,42.7,474,
2018-02-23 04:00:00,42.67,453,
2018-02-23 06:00:00,42.62,438,
2018-02-23 07:00:00,42.65,413,
2018-02-23 08:00:00,42.71,428,1.34
2018-02-23 10:00:00,42.67,459,
2018-02-23 12:00:00,42.63,438,
2018-02-23 15:00:00,42.65,418,
2018-02-23 16:00:00,42.74,428,
2018-02-23 18:00:00,42.72,474,
2018-02-23 20:00:00,42.69,464,
2018-02-23 22:00:00,42.64,448,
2018-02-24 00:00:00,42.61,423,
2018-02-24 02:00:00,42.65,408,
2018-02-24 04:00:00,42.66,428,
2018-02-24 05:00:00,42.63,433,
2018-02-24 07:00:00,42.6,418,
2018-02-24 08:00:00,42.56,404,1.28
2018-02-24 09:00:00,42.53,385,
2018-02-24 10:00:00,42.5,372,
2018-02-24 11:00:00,42.47,359,
2018-02-24 12:00:00,42.42,348,
2018-02-24 16:00:00,42.42,329,
2018-02-24 20:00:00,42.44,329,
2018-02-24 22:00:00,42.69,336,
2018-02-24 23:00:00,42.72,502,
2018-02-25 00:00:00,42.76,516,
2018-02-25 02:00:00,42.79,536,
2018-02-25 04:00:00,42.79,551,
2018-02-25 08:00:00,42.77,551,2.19
2018-02-25 12:00:00,42.78,541,
2018-02-25 16:00:00,42.74,546,
2018-02-25 20:00:00,42.74,526,
2018-02-26 00:00:00,42.71,526,
2018-02-26 04:00:00,42.76,511,
2018-02-26 06:00:00,42.74,576,
2018-02-26 08:00:00,42.72,565,2.07
2018-02-26 10:00:00,42.71,555,
2018-02-26 12:00:00,42.68,550,
2018-02-26 14:00:00,42.65,534,
2018-02-26 16:00:00,42.63,520,
2018-02-26 18:00:00,42.62,510,
2018-02-26 20:00:00,42.59,505,
2018-02-26 21:00:00,42.57,492,
2018-02-26 22:00:00,42.58,483,
2018-02-27 00:00:00,42.56,487,
2018-02-27 04:00:00,42.54,479,
2018-02-27 05:00:00,42.59,470,
2018-02-27 06:00:00,42.6,492,
2018-02-27 08:00:00,42.6,496,1.89
2018-02-27 12:00:00,42.65,524,
2018-02-27 14:00:00,42.61,520,
2018-02-27 15:00:00,42.57,501,
2018-02-27 16:00:00,42.56,483,
2018-02-27 20:00:00,42.52,479,
2018-02-27 22:00:00,42.46,462,
2018-02-28 00:00:00,42.51,439,
2018-02-28 01:00:00,42.66,458,
2018-02-28 02:00:00,42.73,590,
2018-02-28 03:00:00,42.68,632,
2018-02-28 04:00:00,42.66,602,
2018-02-28 06:00:00,42.62,590,
2018-02-28 08:00:00,42.59,569,1.75
2018-02-28 12:00:00,42.55,553,
2018-02-28 14:00:00,42.52,534,
2018-02-28 16:00:00,42.51,520,
2018-02-28 20:00:00,42.52,516,
2018-03-01 00:00:00,42.54,520,
2018-03-01 01:00:00,42.6,530,
2018-03-01 03:00:00,42.58,558,
2018-03-01 04:00:00,42.53,549,
2018-03-01 06:00:00,42.49,525,
2018-03-01 08:00:00,42.53,507,1.29
2018-03-01 10:00:00,42.58,525,
2018-03-01 11:00:00,42.66,549,
2018-03-01 12:00:00,42.75,590,
2018-03-01 13:00:00,42.7,644,
2018-03-01 14:00:00,42.68,614,
2018-03-01 16:00:00,42.65,602,
2018-03-01 18:00:00,42.58,585,
2018-03-01 20:00:00,42.54,549,
2018-03-01 22:00:00,42.55,530,
2018-03-02 00:00:00,42.54,534,
2018-03-02 04:00:00,42.55,530,
2018-03-02 08:00:00,42.6,534,1.21
2018-03-02 12:00:00,42.56,558,
2018-03-02 13:00:00,42.53,539,
2018-03-02 14:00:00,42.5,525,
2018-03-02 15:00:00,42.48,512,
2018-03-02 16:00:00,42.47,503,
2018-03-02 20:00:00,42.5,499,
2018-03-03 00:00:00,42.48,512,
2018-03-03 04:00:00,42.46,503,
2018-03-03 08:00:00,42.46,495,1.39
2018-03-03 12:00:00,42.45,495,
2018-03-03 14:00:00,42.45,491,
2018-03-03 16:00:00,42.47,495,
2018-03-03 20:00:00,42.46,499,
2018-03-04 00:00:00,42.47,495,
2018-03-04 04:00:00,42.49,499,
2018-03-04 05:00:00,42.52,507,
2018-03-04 08:00:00,42.52,520,2.12
2018-03-04 10:00:00,42.6,520,
2018-03-04 12:00:00,42.64,558,
2018-03-04 14:00:00,42.66,579,
2018-03-04 16:00:00,42.72,590,
2018-03-04 18:00:00,42.74,626,
2018-03-04 19:00:00,42.73,638,
2018-03-04 20:00:00,42.66,632,
2018-03-04 21:00:00,42.61,590,
2018-03-04 23:00:00,42.61,563,
2018-03-05 00:00:00,42.59,563,
2018-03-05 04:00:00,42.61,553,
2018-03-05 08:00:00,42.61,563,1.92
2018-03-05 12:00:00,42.62,563,
2018-03-05 14:00:00,42.61,569,
2018-03-05 16:00:00,42.62,563,
2018-03-05 18:00:00,42.69,569,
2018-03-05 19:00:00,42.74,608,
2018-03-05 20:00:00,42.72,638,
2018-03-05 22:00:00,42.68,626,
2018-03-06 00:00:00,42.66,602,
2018-03-06 02:00:00,42.67,590,
2018-03-06 04:00:00,42.66,596,
2018-03-06 08:00:00,42.66,590,2.34
2018-03-06 12:00:00,42.63,579,
2018-03-06 16:00:00,42.62,574,
2018-03-06 20:00:00,42.6,569,
2018-03-07 00:00:00,42.6,558,
2018-03-07 04:00:00,42.61,558,
2018-03-07 08:00:00,42.59,563,2.49
2018-03-07 10:00:00,42.62,553,
2018-03-07 12:00:00,42.66,569,
2018-03-07 15:00:00,42.71,590,
2018-03-07 16:00:00,42.65,620,
2018-03-07 18:00:00,42.62,520,
2018-03-07 19:00:00,42.62,505,
2018-03-07 20:00:00,42.6,505,
2018-03-08 00:00:00,42.61,496,
2018-03-08 04:00:00,42.67,501,
2018-03-08 08:00:00,42.72,529,2.19
2018-03-08 09:00:00,42.76,555,
2018-03-08 10:00:00,42.81,576,
2018-03-08 11:00:00,42.84,604,
2018-03-08 12:00:00,42.87,621,
2018-03-08 13:00:00,42.88,637,
2018-03-08 16:00:00,42.78,615,
2018-03-08 18:00:00,42.72,560,
2018-03-08 19:00:00,42.7,555,
2018-03-08 20:00:00,42.67,544,
2018-03-08 22:00:00,42.65,529,
2018-03-08 23:00:00,42.65,520,
2018-03-09 00:00:00,42.65,520,
2018-03-09 04:00:00,42.65,520,
2018-03-09 08:00:00,42.67,520,1.79
2018-03-09 12:00:00,42.65,529,
2018-03-09 14:00:00,42.67,520,
2018-03-09 16:00:00,42.65,529,
2018-03-09 20:00:00,42.66,520,
2018-03-10 00:00:00,42.68,524,
2018-03-10 04:00:00,42.67,534,
2018-03-10 08:00:00,42.67,529,1.86
2018-03-10 12:00:00,42.65,529,
2018-03-10 15:00:00,42.67,520,
2018-03-10 16:00:00,42.66,529,
2018-03-10 20:00:00,42.7,524,
2018-03-11 00:00:00,42.66,614,
2018-03-11 04:00:00,42.67,590,
2018-03-11 08:00:00,42.7,596,2.36
2018-03-11 12:00:00,42.69,614,
2018-03-11 16:00:00,42.68,608,
2018-03-11 20:00:00,42.68,602,
2018-03-12 00:00:00,42.68,602,
2018-03-12 04:00:00,42.68,602,
2018-03-12 08:00:00,42.68,602,3.18
2018-03-12 10:00:00,42.67,602,2.99
2018-03-12 12:00:00,42.67,596,
2018-03-12 14:00:00,42.69,596,
2018-03-12 16:00:00,42.66,608,
2018-03-12 20:00:00,42.67,590,
2018-03-13 00:00:00,42.67,596,
2018-03-13 04:00:00,42.69,596,
2018-03-13 08:00:00,42.67,608,2.47
2018-03-13 12:00:00,42.66,596,
2018-03-13 16:00:00,42.67,590,
2018-03-13 20:00:00,42.7,596,
2018-03-14 00:00:00,42.67,614,
2018-03-14 04:00:00,42.67,596,
2018-03-14 08:00:00,42.66,596,2.14
2018-03-14 12:00:00,42.66,590,
2018-03-14 16:00:00,42.65,590,
2018-03-14 20:00:00,42.66,585,
2018-03-15 00:00:00,42.66,590,
2018-03-15 04:00:00,42.66,590,
2018-03-15 08:00:00,42.71,590,2.23
2018-03-15 12:00:00,42.74,620,
2018-03-15 14:00:00,42.77,638,
2018-03-15 16:00:00,42.79,657,
2018-03-15 20:00:00,42.75,670,
2018-03-15 21:00:00,42.71,644,
2018-03-16 00:00:00,42.7,620,
2018-03-16 04:00:00,42.72,614,
2018-03-16 08:00:00,42.72,626,2.64
2018-03-16 12:00:00,42.72,620,
2018-03-16 14:00:00,42.72,626,
2018-03-16 16:00:00,42.71,626,
2018-03-16 20:00:00,42.73,620,
2018-03-17 00:00:00,42.75,632,
2018-03-17 04:00:00,42.74,644,
2018-03-17 08:00:00,42.74,638,2.31
2018-03-17 12:00:00,42.75,638,
2018-03-17 14:00:00,42.75,644,
2018-03-17 16:00:00,42.74,644,
2018-03-17 20:00:00,42.75,638,
2018-03-18 00:00:00,42.75,644,
2018-03-18 04:00:00,42.78,644,
2018-03-18 08:00:00,42.77,663,2.11
2018-03-18 12:00:00,42.77,657,
2018-03-18 14:00:00,42.76,657,
2018-03-18 16:00:00,42.79,651,
2018-03-18 20:00:00,42.79,670,
2018-03-19 00:00:00,42.8,670,
2018-03-19 04:00:00,42.82,676,
2018-03-19 08:00:00,42.83,689,2.55
2018-03-19 12:00:00,42.82,696,
2018-03-19 16:00:00,42.82,689,
2018-03-19 20:00:00,42.83,689,
2018-03-20 00:00:00,42.83,696,
2018-03-20 04:00:00,42.84,696,
2018-03-20 08:00:00,42.85,703,2.98
2018-03-20 12:00:00,42.86,709,
2018-03-20 14:00:00,42.87,716,
2018-03-20 16:00:00,42.89,723,
2018-03-20 20:00:00,42.89,736,
2018-03-21 00:00:00,42.9,736,
2018-03-21 04:00:00,42.92,743,
2018-03-21 08:00:00,42.94,757,3.78
2018-03-21 10:00:00,42.96,771,
2018-03-21 12:00:00,42.95,825,
2018-03-21 14:00:00,42.96,817,
2018-03-21 16:00:00,42.97,825,
2018-03-21 20:00:00,42.96,834,
2018-03-22 00:00:00,42.97,825,
2018-03-22 04:00:00,42.97,834,
2018-03-22 08:00:00,42.97,834,3.98
2018-03-22 12:00:00,42.98,834,
2018-03-22 16:00:00,42.98,843,
2018-03-22 20:00:00,43.0,843,
2018-03-23 00:00:00,43.01,861,
2018-03-23 04:00:00,43.01,870,
2018-03-23 08:00:00,43.02,870,3.69
2018-03-23 12:00:00,43.01,870,
2018-03-23 16:00:00,43.03,888,
2018-03-23 18:00:00,43.01,870,
2018-03-23 20:00:00,42.98,843,
2018-03-24 00:00:00,43.01,870,
2018-03-24 04:00:00,43.03,888,
2018-03-24 08:00:00,43.05,907,4.24
2018-03-24 12:00:00,43.02,879,
2018-03-24 16:00:00,43.01,870,
2018-03-24 20:00:00,43.05,907,
2018-03-24 22:00:00,43.05,907,
2018-03-25 00:00:00,43.08,936,
2018-03-25 04:00:00,43.09,947,
2018-03-25 08:00:00,43.1,957,4.22
2018-03-25 12:00:00,43.1,957,
2018-03-25 16:00:00,43.12,977,
2018-03-25 20:00:00,43.1,957,
2018-03-26 00:00:00,43.11,967,
2018-03-26 04:00:00,43.12,977,
2018-03-26 08:00:00,43.11,967,4.05
2018-03-26 12:00:00,43.12,977,
2018-03-26 14:00:00,43.1,957,
2018-03-26 16:00:00,43.1,957,
2018-03-26 20:00:00,43.11,967,
2018-03-27 00:00:00,43.12,977,
2018-03-27 03:00:00,43.14,997,
2018-03-27 04:00:00,43.13,987,
2018-03-27 08:00:00,43.13,987,3.48
2018-03-27 12:00:00,43.12,977,
2018-03-27 14:00:00,43.09,947,
2018-03-27 16:00:00,43.09,947,
2018-03-27 20:00:00,43.1,957,
2018-03-28 00:00:00,43.11,967,
2018-03-28 04:00:00,43.12,977,
2018-03-28 08:00:00,43.11,967,3.16
2018-03-28 12:00:00,43.09,947,
2018-03-28 14:00:00,43.1,957,
2018-03-28 16:00:00,43.09,947,
2018-03-28 20:00:00,43.09,947,
2018-03-28 22:00:00,43.1,957,
2018-03-29 00:00:00,43.08,936,
2018-03-29 04:00:00,43.09,947,
2018-03-29 08:00:00,43.09,947,3.08
2018-03-29 12:00:00,43.07,926,
2018-03-29 16:00:00,43.06,917,
2018-03-29 20:00:00,43.06,917,
2018-03-30 00:00:00,43.07,926,
2018-03-30 04:00:00,43.08,936,
2018-03-30 08:00:00,43.09,947,2.96
2018-03-30 12:00:00,43.1,957,
2018-03-30 16:00:00,43.09,947,
2018-03-30 18:00:00,43.08,936,
2018-03-30 20:00:00,43.09,947,
2018-03-31 00:00:00,43.09,947,
2018-03-31 04:00:00,43.09,947,
2018-03-31 08:00:00,43.1,957,2.53
2018-03-31 12:00:00,43.09,947,
2018-03-31 14:00:00,43.07,926,
2018-03-31 16:00:00,43.09,947,
2018-03-31 20:00:00,43.1,957,
2018-04-01 00:00:00,43.12,977,
2018-04-01 04:00:00,43.12,977,
2018-04-01 08:00:00,43.11,967,3.17
2018-04-01 12:00:00,43.11,967,
2018-04-01 16:00:00,43.09,947,
2018-04-01 20:00:00,43.11,967,
2018-04-02 00:00:00,43.12,977,
2018-04-02 04:00:00,43.11,967,
2018-04-02 08:00:00,43.12,977,4.24
2018-04-02 12:00:00,43.1,957,
2018-04-02 16:00:00,43.1,957,
2018-04-02 20:00:00,43.12,977,
2018-04-03 00:00:00,43.13,987,
2018-04-03 04:00:00,43.13,987,
2018-04-03 08:00:00,43.12,977,3.64
2018-04-03 12:00:00,43.12,977,
2018-04-03 16:00:00,43.14,997,
2018-04-03 20:00:00,43.16,1020,
2018-04-04 00:00:00,43.15,1010,
2018-04-04 04:00:00,43.15,1010,
2018-04-04 08:00:00,43.18,1040,3.02
2018-04-04 12:00:00,43.18,1040,
2018-04-04 14:00:00,43.2,1060,
2018-04-04 16:00:00,43.22,1080,
2018-04-04 20:00:00,43.23,1090,
2018-04-05 00:00:00,43.25,1110,
2018-04-05 04:00:00,43.26,1120,
2018-04-05 08:00:00,43.28,1140,4.24
2018-04-05 10:00:00,43.29,1160,
2018-04-05 12:00:00,43.28,1140,
2018-04-05 14:00:00,43.3,1170,
2018-04-05 16:00:00,43.32,1190,
2018-04-05 18:00:00,43.34,1210,
2018-04-05 20:00:00,43.33,1200,
2018-04-06 00:00:00,43.35,1220,
2018-04-06 04:00:00,43.36,1230,
2018-04-06 08:00:00,43.35,1220,3.87
2018-04-06 12:00:00,43.34,1210,
2018-04-06 16:00:00,43.32,1190,
2018-04-06 20:00:00,43.34,1210,
2018-04-07 00:00:00,43.35,1220,
2018-04-07 04:00:00,43.33,1200,
2018-04-07 08:00:00,43.34,1210,4.23
2018-04-07 12:00:00,43.34,1210,
2018-04-07 14:00:00,43.35,1220,
2018-04-07 16:00:00,43.34,1210,
2018-04-07 19:00:00,43.37,1310,
2018-04-07 20:00:00,43.36,1300,
2018-04-08 00:00:00,43.33,1270,
2018-04-08 04:00:00,43.33,1270,
2018-04-08 08:00:00,43.33,1270,4.2
2018-04-08 12:00:00,43.33,1270,
2018-04-08 14:00:00,43.31,1250,
2018-04-08 16:00:00,43.3,1240,
2018-04-08 20:00:00,43.31,1250,
2018-04-09 00:00:00,43.32,1260,
2018-04-09 04:00:00,43.32,1260,
2018-04-09 08:00:00,43.32,1260,3.57
2018-04-09 12:00:00,43.28,1220,
2018-04-09 14:00:00,43.27,1210,
2018-04-09 16:00:00,43.27,1210,
2018-04-09 20:00:00,43.29,1230,
2018-04-10 00:00:00,43.27,1210,
2018-04-10 04:00:00,43.27,1210,
2018-04-10 08:00:00,43.27,1210,4.57
2018-04-10 12:00:00,43.26,1200,
2018-04-10 14:00:00,43.26,1200,
2018-04-10 16:00:00,43.29,1230,
2018-04-10 20:00:00,43.27,1210,
2018-04-11 00:00:00,43.24,1180,
2018-04-11 04:00:00,43.25,1190,
2018-04-11 08:00:00,43.27,1210,3.43
2018-04-11 12:00:00,43.29,1230,
2018-04-11 16:00:00,43.25,1190,
2018-04-11 20:00:00,43.26,1200,
2018-04-12 00:00:00,43.26,1200,
2018-04-12 04:00:00,43.25,1190,
2018-04-12 08:00:00,43.25,1190,3.44
2018-04-12 12:00:00,43.22,1160,
2018-04-12 16:00:00,43.23,1170,
2018-04-12 20:00:00,43.22,1160,
2018-04-13 00:00:00,43.22,1160,
2018-04-13 04:00:00,43.2,1140,
2018-04-13 08:00:00,43.22,1160,2.7
2018-04-13 12:00:00,43.22,1160,
2018-04-13 16:00:00,43.21,1150,
2018-04-13 20:00:00,43.19,1130,
2018-04-14 00:00:00,43.21,1150,
2018-04-14 04:00:00,43.2,1140,
2018-04-14 08:00:00,43.21,1150,3.56
2018-04-14 12:00:00,43.22,1160,
2018-04-14 16:00:00,43.2,1140,
2018-04-14 20:00:00,43.21,1150,
2018-04-15 00:00:00,43.23,1170,
2018-04-15 04:00:00,43.21,1150,
2018-04-15 08:00:00,43.22,1160,2.88
2018-04-15 12:00:00,43.21,1150,
2018-04-15 16:00:00,43.2,1140,
2018-04-15 20:00:00,43.21,1150,
2018-04-15 22:00:00,43.19,1130,
2018-04-16 00:00:00,43.19,1130,
2018-04-16 04:00:00,43.17,1120,
2018-04-16 08:00:00,43.18,1130,3.39
2018-04-16 12:00:00,43.16,1110,
2018-04-16 16:00:00,43.16,1110,
2018-04-16 20:00:00,43.18,1130,
2018-04-17 00:00:00,43.18,1130,
2018-04-17 04:00:00,43.16,1110,
2018-04-17 08:00:00,43.14,1090,2.69
2018-04-17 12:00:00,43.12,1070,
2018-04-17 16:00:00,43.12,1070,
2018-04-17 20:00:00,43.15,1100,
2018-04-18 00:00:00,43.15,1100,
2018-04-18 04:00:00,43.15,1100,
2018-04-18 08:00:00,43.13,1080,2.59
2018-04-18 12:00:00,43.11,1060,
2018-04-18 16:00:00,43.1,1050,
2018-04-18 20:00:00,43.11,1060,
2018-04-19 00:00:00,43.12,1070,
2018-04-19 04:00:00,43.12,1070,
2018-04-19 08:00:00,43.1,1050,2.43
2018-04-19 12:00:00,43.07,1020,
2018-04-19 16:00:00,43.07,1020,
2018-04-19 20:00:00,43.08,1030,
2018-04-20 00:00:00,43.07,1020,
2018-04-20 04:00:00,43.07,1020,
2018-04-20 08:00:00,43.08,1030,2.42
2018-04-20 12:00:00,43.05,994,
2018-04-20 16:00:00,43.04,983,
2018-04-20 20:00:00,43.04,983,
2018-04-21 00:00:00,43.03,972,
2018-04-21 04:00:00,43.03,972,
2018-04-21 08:00:00,42.99,928,2.01
2018-04-21 12:00:00,42.97,906,
2018-04-21 16:00:00,42.96,894,
2018-04-21 17:00:00,42.94,872,
2018-04-21 20:00:00,42.95,883,
2018-04-22 00:00:00,42.95,883,
2018-04-22 04:00:00,42.98,917,
2018-04-22 08:00:00,42.97,906,1.95
2018-04-22 12:00:00,43.0,939,
2018-04-22 14:00:00,43.02,961,
2018-04-22 16:00:00,43.01,950,
2018-04-22 20:00:00,43.01,950,
2018-04-23 00:00:00,43.01,950,
2018-04-23 04:00:00,43.04,983,
2018-04-23 08:00:00,43.05,994,2.07
2018-04-23 12:00:00,43.08,1030,
2018-04-23 16:00:00,43.08,1030,
2018-04-23 20:00:00,43.09,1040,
2018-04-24 00:00:00,43.11,1060,
2018-04-24 04:00:00,43.11,1060,
2018-04-24 06:00:00,43.14,1090,
2018-04-24 08:00:00,43.13,1080,2.71
2018-04-24 12:00:00,43.16,1110,
2018-04-24 16:00:00,43.17,1120,
2018-04-24 20:00:00,43.19,1130,
2018-04-25 00:00:00,43.23,1170,
2018-04-25 03:00:00,43.25,1190,
2018-04-25 04:00:00,43.24,1180,
2018-04-25 08:00:00,43.25,1190,3.27
2018-04-25 12:00:00,43.26,1200,
2018-04-25 16:00:00,43.25,1190,
2018-04-25 20:00:00,43.28,1220,
2018-04-26 00:00:00,43.29,1230,
2018-04-26 04:00:00,43.27,1210,
2018-04-26 08:00:00,43.24,1180,3.18
2018-04-26 12:00:00,43.22,1160,
2018-04-26 16:00:00,43.25,1190,
2018-04-26 20:00:00,43.25,1190,
2018-04-27 00:00:00,43.24,1180,
2018-04-27 04:00:00,43.24,1180,
2018-04-27 08:00:00,43.25,1190,2.23
2018-04-27 12:00:00,43.25,1190,
2018-04-27 16:00:00,43.25,1190,
2018-04-27 20:00:00,43.24,1180,
2018-04-28 00:00:00,43.23,1170,
2018-04-28 04:00:00,43.21,1150,
2018-04-28 08:00:00,43.19,1130,2.39
2018-04-28 12:00:00,43.15,1100,
2018-04-28 16:00:00,43.17,1120,
2018-04-28 20:00:00,43.17,1120,
2018-04-29 00:00:00,43.14,1090,
2018-04-29 04:00:00,43.12,1070,
2018-04-29 08:00:00,43.11,1060,2.09
2018-04-29 12:00:00,43.09,1040,
2018-04-29 16:00:00,43.07,1020,
2018-04-29 20:00:00,43.08,1030,
2018-04-30 00:00:00,43.08,1030,
2018-04-30 04:00:00,43.08,1030,
2018-04-30 08:00:00,43.08,1030,1.76
2018-04-30 12:00:00,43.09,1040,
2018-04-30 16:00:00,43.1,1050,
2018-04-30 20:00:00,43.09,1040,
2018-05-01 00:00:00,43.11,1060,
2018-05-01 04:00:00,43.11,1060,
2018-05-01 06:00:00,43.1,1050,
2018-05-01 08:00:00,43.13,1080,1.94
2018-05-01 12:00:00,43.14,1090,
2018-05-01 14:00:00,43.15,1100,
2018-05-01 16:00:00,43.15,1100,
2018-05-01 20:00:00,43.14,1090,
2018-05-02 00:00:00,43.16,1110,
2018-05-02 04:00:00,43.17,1120,
2018-05-02 08:00:00,43.17,1120,2.01
2018-05-02 12:00:00,43.17,1120,
2018-05-02 14:00:00,43.17,1120,
2018-05-02 16:00:00,43.16,1110,
2018-05-02 20:00:00,43.21,1150,
2018-05-03 00:00:00,43.22,1160,
2018-05-03 04:00:00,43.22,1160,
2018-05-03 08:00:00,43.19,1130,2.19
2018-05-03 12:00:00,43.22,1160,
2018-05-03 14:00:00,43.22,1160,
2018-05-03 16:00:00,43.23,1170,
2018-05-03 20:00:00,43.23,1170,
2018-05-04 00:00:00,43.23,1170,
2018-05-04 04:00:00,43.21,1150,
2018-05-04 08:00:00,43.23,1170,2.21
2018-05-04 12:00:00,43.22,1160,
2018-05-04 14:00:00,43.23,1170,
2018-05-04 16:00:00,43.23,1170,
2018-05-04 20:00:00,43.23,1170,
2018-05-05 00:00:00,43.22,1160,
2018-05-05 04:00:00,43.22,1160,
2018-05-05 08:00:00,43.23,1170,2.21
2018-05-05 10:00:00,43.2,1140,
2018-05-05 12:00:00,43.21,1150,
2018-05-05 16:00:00,43.23,1170,
2018-05-05 20:00:00,43.21,1150,
2018-05-06 00:00:00,43.2,1140,
2018-05-06 04:00:00,43.2,1140,
2018-05-06 08:00:00,43.2,1140,1.91
2018-05-06 12:00:00,43.19,1130,1.8
2018-05-06 16:00:00,43.18,1130,
2018-05-06 20:00:00,43.19,1130,
2018-05-07 00:00:00,43.18,1130,
2018-05-07 04:00:00,43.19,1130,
2018-05-07 08:00:00,43.17,1120,2.68
2018-05-07 12:00:00,43.17,1120,
2018-05-07 16:00:00,43.18,1130,
2018-05-07 20:00:00,43.18,1130,
2018-05-08 00:00:00,43.18,1130,
2018-05-08 04:00:00,43.19,1130,
2018-05-08 08:00:00,43.19,1130,2.44
2018-05-08 12:00:00,43.19,1130,
2018-05-08 16:00:00,43.18,1130,
2018-05-08 20:00:00,43.22,1160,
2018-05-09 00:00:00,43.21,1150,
2018-05-09 04:00:00,43.2,1140,
2018-05-09 08:00:00,43.23,1170,2.38
2018-05-09 12:00:00,43.23,1170,
2018-05-09 16:00:00,43.23,1170,
2018-05-09 20:00:00,43.24,1180,
2018-05-10 00:00:00,43.23,1170,
2018-05-10 04:00:00,43.21,1150,
2018-05-10 08:00:00,43.21,1150,2.19
2018-05-10 12:00:00,43.24,1180,
2018-05-10 16:00:00,43.24,1180,
2018-05-10 20:00:00,43.23,1170,
2018-05-11 00:00:00,43.21,1150,
2018-05-11 04:00:00,43.2,1140,
2018-05-11 08:00:00,43.21,1150,2.31
2018-05-11 12:00:00,43.23,1170,
2018-05-11 16:00:00,43.21,1150,
2018-05-11 20:00:00,43.22,1160,
2018-05-12 00:00:00,43.23,1170,
2018-05-12 04:00:00,43.23,1170,
2018-05-12 08:00:00,43.23,1170,2.46
2018-05-12 12:00:00,43.23,1170,
2018-05-12 16:00:00,43.24,1180,
2018-05-12 20:00:00,43.26,1200,
2018-05-13 00:00:00,43.26,1200,
2018-05-13 04:00:00,43.25,1190,
2018-05-13 08:00:00,43.26,1200,2.69
2018-05-13 12:00:00,43.28,1220,
2018-05-13 16:00:00,43.27,1210,
2018-05-13 20:00:00,43.28,1220,
2018-05-14 00:00:00,43.28,1220,
2018-05-14 04:00:00,43.27,1210,
2018-05-14 08:00:00,43.26,1200,2.81
2018-05-14 12:00:00,43.24,1180,
2018-05-14 16:00:00,43.25,1190,
2018-05-14 20:00:00,43.25,1190,
2018-05-15 00:00:00,43.25,1190,
2018-05-15 04:00:00,43.25,1190,
2018-05-15 08:00:00,43.27,1210,2.79
2018-05-15 12:00:00,43.24,1180,
2018-05-15 16:00:00,43.24,1180,
2018-05-15 20:00:00,43.27,1210,
2018-05-16 00:00:00,43.26,1200,
2018-05-16 04:00:00,43.29,1230,
2018-05-16 08:00:00,43.33,1270,3.2
2018-05-16 12:00:00,43.31,1250,
2018-05-16 16:00:00,43.3,1240,
2018-05-16 20:00:00,43.33,1270,
2018-05-17 00:00:00,43.35,1290,
2018-05-17 04:00:00,43.37,1310,
2018-05-17 08:00:00,43.39,1330,2.53
2018-05-17 12:00:00,43.41,1350,
2018-05-17 16:00:00,43.38,1320,
2018-05-17 20:00:00,43.39,1330,
2018-05-18 00:00:00,43.37,1310,
2018-05-18 04:00:00,43.37,1310,
2018-05-18 06:00:00,43.4,1340,
2018-05-18 08:00:00,43.39,1330,2.63
2018-05-18 12:00:00,43.38,1320,
2018-05-18 16:00:00,43.38,1320,
2018-05-18 20:00:00,43.41,1350,
2018-05-19 00:00:00,43.4,1340,
2018-05-19 04:00:00,43.4,1340,
2018-05-19 08:00:00,43.42,1360,3.02
2018-05-19 12:00:00,43.45,1390,
2018-05-19 16:00:00,43.45,1390,
2018-05-19 20:00:00,43.47,1410,
2018-05-20 00:00:00,43.47,1410,
2018-05-20 04:00:00,43.48,1420,
2018-05-20 06:00:00,43.51,1440,
2018-05-20 08:00:00,43.52,1450,2.21
2018-05-20 12:00:00,43.51,1440,
2018-05-20 16:00:00,43.51,1440,
2018-05-20 17:00:00,43.53,1460,
2018-05-20 20:00:00,43.55,1480,
2018-05-21 00:00:00,43.54,1470,
2018-05-21 04:00:00,43.55,1480,
2018-05-21 08:00:00,43.56,1490,2.69
2018-05-21 12:00:00,43.57,1500,
2018-05-21 16:00:00,43.56,1490,
2018-05-21 20:00:00,43.57,1500,
2018-05-22 00:00:00,43.57,1500,
2018-05-22 04:00:00,43.56,1490,
2018-05-22 08:00:00,43.55,1480,3.12
2018-05-22 12:00:00,43.54,1470,
2018-05-22 16:00:00,43.54,1470,
2018-05-22 20:00:00,43.51,1400,
2018-05-23 00:00:00,43.49,1380,
2018-05-23 04:00:00,43.48,1370,
2018-05-23 08:00:00,43.45,1340,3.56
2018-05-23 12:00:00,43.44,1330,
2018-05-23 16:00:00,43.46,1350,
2018-05-23 20:00:00,43.48,1370,
2018-05-24 00:00:00,43.49,1380,
2018-05-24 04:00:00,43.53,1420,
2018-05-24 06:00:00,43.56,1450,
2018-05-24 08:00:00,43.58,1470,3.42
2018-05-24 12:00:00,43.6,1500,
2018-05-24 16:00:00,43.59,1490,
2018-05-24 18:00:00,43.61,1510,
2018-05-24 20:00:00,43.63,1530,
2018-05-25 00:00:00,43.66,1560,
2018-05-25 04:00:00,43.67,1570,
2018-05-25 08:00:00,43.67,1570,2.68
2018-05-25 12:00:00,43.7,1610,
2018-05-25 16:00:00,43.71,1620,
2018-05-25 20:00:00,43.72,1630,
2018-05-26 00:00:00,43.71,1620,
2018-05-26 04:00:00,43.69,1600,
2018-05-26 08:00:00,43.7,1610,2.87
2018-05-26 12:00:00,43.7,1610,
2018-05-26 14:00:00,43.7,1610,
2018-05-26 16:00:00,43.71,1620,
2018-05-26 20:00:00,43.72,1630,
2018-05-27 00:00:00,43.72,1630,
2018-05-27 04:00:00,43.72,1630,
2018-05-27 08:00:00,43.72,1630,3.27
2018-05-27 12:00:00,43.73,1640,
2018-05-27 14:00:00,43.72,1630,
2018-05-27 16:00:00,43.73,1640,
2018-05-27 20:00:00,43.72,1630,
2018-05-28 00:00:00,43.71,1620,
2018-05-28 04:00:00,43.74,1650,
2018-05-28 08:00:00,43.73,1640,3.14
2018-05-28 12:00:00,43.74,1650,
2018-05-28 13:00:00,43.76,1670,
2018-05-28 16:00:00,43.74,1650,
2018-05-28 20:00:00,43.75,1660,
2018-05-29 00:00:00,43.74,1650,
2018-05-29 04:00:00,43.76,1670,
2018-05-29 08:00:00,43.78,1700,3.22
2018-05-29 12:00:00,43.78,1700,
2018-05-29 16:00:00,43.78,1700,
2018-05-29 20:00:00,43.79,1700,
2018-05-30 00:00:00,43.78,1700,
2018-05-30 04:00:00,43.79,1700,
2018-05-30 08:00:00,43.79,1700,3.26
2018-05-30 12:00:00,43.8,1710,
2018-05-30 16:00:00,43.79,1700,
2018-05-30 20:00:00,43.81,1730,
2018-05-31 00:00:00,43.83,1750,
2018-05-31 04:00:00,43.85,1770,
2018-05-31 08:00:00,43.83,1750,2.73
2018-05-31 12:00:00,43.83,1750,
2018-05-31 16:00:00,43.83,1750,
2018-05-31 19:00:00,43.86,1790,
2018-05-31 20:00:00,43.85,1770,
2018-05-31 22:00:00,43.87,1800,
2018-06-01 00:00:00,43.85,1760,
2018-06-01 01:00:00,43.86,1780,
2018-06-01 04:00:00,43.86,1780,
2018-06-01 08:00:00,43.85,1760,3.1
2018-06-01 12:00:00,43.84,1740,
2018-06-01 16:00:00,43.83,1720,
2018-06-01 20:00:00,43.83,1720,
2018-06-02 00:00:00,43.83,1720,
2018-06-02 04:00:00,43.82,1700,
2018-06-02 08:00:00,43.8,1660,2.79
2018-06-02 12:00:00,43.79,1650,
2018-06-02 16:00:00,43.79,1650,
2018-06-02 20:00:00,43.79,1650,
2018-06-03 00:00:00,43.78,1630,
2018-06-03 04:00:00,43.78,1630,
2018-06-03 08:00:00,43.79,1650,2.6
2018-06-03 12:00:00,43.79,1650,
2018-06-03 16:00:00,43.8,1660,
2018-06-03 20:00:00,43.78,1630,
2018-06-04 00:00:00,43.78,1630,
2018-06-04 04:00:00,43.78,1630,
2018-06-04 08:00:00,43.78,1630,3.22
2018-06-04 09:00:00,43.77,1620,
2018-06-04 12:00:00,43.76,1600,
2018-06-04 16:00:00,43.75,1590,
2018-06-04 20:00:00,43.76,1600,
2018-06-05 00:00:00,43.75,1590,
2018-06-05 04:00:00,43.76,1600,
2018-06-05 06:00:00,43.81,1680,
2018-06-05 08:00:00,43.81,1680,2.53
2018-06-05 12:00:00,43.79,1650,
2018-06-05 16:00:00,43.78,1630,
2018-06-05 20:00:00,43.78,1630,
2018-06-06 00:00:00,43.79,1650,
2018-06-06 04:00:00,43.78,1630,
2018-06-06 08:00:00,43.79,1650,2.61
2018-06-06 12:00:00,43.76,1600,
2018-06-06 16:00:00,43.76,1600,
2018-06-06 20:00:00,43.78,1630,
2018-06-07 00:00:00,43.77,1620,
2018-06-07 04:00:00,43.74,1580,
2018-06-07 08:00:00,43.71,1550,2.72
2018-06-07 12:00:00,43.7,1530,
2018-06-07 16:00:00,43.69,1520,
2018-06-07 20:00:00,43.67,1500,
2018-06-08 00:00:00,43.66,1490,
2018-06-08 04:00:00,43.66,1490,
2018-06-08 08:00:00,43.67,1500,2.79
2018-06-08 12:00:00,43.67,1500,
2018-06-08 16:00:00,43.66,1490,
2018-06-08 20:00:00,43.66,1490,
2018-06-08 22:00:00,43.7,1530,
2018-06-09 00:00:00,43.73,1570,
2018-06-09 04:00:00,43.77,1620,
2018-06-09 08:00:00,43.76,1600,3.54
2018-06-09 12:00:00,43.73,1570,
2018-06-09 16:00:00,43.73,1570,
2018-06-09 20:00:00,43.76,1600,
2018-06-10 00:00:00,43.76,1600,
2018-06-10 04:00:00,43.76,1600,
2018-06-10 08:00:00,43.78,1630,2.79
2018-06-10 12:00:00,43.79,1650,
2018-06-10 16:00:00,43.78,1630,
2018-06-10 20:00:00,43.76,1600,
2018-06-11 00:00:00,43.76,1600,
2018-06-11 04:00:00,43.77,1620,
2018-06-11 08:00:00,43.76,1600,3.0
2018-06-11 12:00:00,43.75,1590,
2018-06-11 16:00:00,43.73,1570,
2018-06-11 20:00:00,43.76,1600,
2018-06-12 00:00:00,43.77,1620,
2018-06-12 04:00:00,43.77,1620,
2018-06-12 08:00:00,43.79,1650,2.85
2018-06-12 12:00:00,43.79,1650,
2018-06-12 16:00:00,43.77,1620,
2018-06-12 20:00:00,43.76,1600,
2018-06-13 00:00:00,43.74,1580,
2018-06-13 04:00:00,43.72,1560,
2018-06-13 08:00:00,43.74,1580,2.63
2018-06-13 12:00:00,43.71,1550,
2018-06-13 16:00:00,43.71,1550,
2018-06-13 20:00:00,43.72,1560,
2018-06-14 00:00:00,43.7,1530,
2018-06-14 04:00:00,43.71,1550,
2018-06-14 08:00:00,43.72,1560,2.41
2018-06-14 12:00:00,43.73,1570,
2018-06-14 16:00:00,43.74,1580,
2018-06-14 20:00:00,43.72,1560,
2018-06-15 00:00:00,43.72,1560,
2018-06-15 04:00:00,43.73,1570,
2018-06-15 08:00:00,43.71,1550,2.57
2018-06-15 12:00:00,43.71,1550,
2018-06-15 16:00:00,43.71,1550,
2018-06-15 20:00:00,43.71,1550,
2018-06-16 00:00:00,43.7,1530,
2018-06-16 04:00:00,43.7,1530,
2018-06-16 08:00:00,43.72,1560,2.51
2018-06-16 12:00:00,43.72,1560,
2018-06-16 16:00:00,43.71,1550,
2018-06-16 20:00:00,43.7,1530,
2018-06-17 00:00:00,43.69,1520,
2018-06-17 04:00:00,43.68,1510,
2018-06-17 08:00:00,43.68,1510,2.28
2018-06-17 09:00:00,43.69,1520,
2018-06-17 12:00:00,43.68,1510,
2018-06-17 16:00:00,43.66,1490,
2018-06-17 20:00:00,43.66,1490,
2018-06-18 00:00:00,43.66,1490,
2018-06-18 04:00:00,43.66,1490,
2018-06-18 08:00:00,43.66,1490,2.45
2018-06-18 12:00:00,43.67,1500,
2018-06-18 16:00:00,43.67,1500,
2018-06-18 20:00:00,43.69,1520,
2018-06-19 00:00:00,43.67,1500,
2018-06-19 04:00:00,43.66,1490,
2018-06-19 08:00:00,43.67,1500,2.54
2018-06-19 12:00:00,43.67,1500,
2018-06-19 16:00:00,43.68,1510,
2018-06-19 20:00:00,43.69,1520,
2018-06-20 00:00:00,43.7,1530,
2018-06-20 04:00:00,43.7,1530,
2018-06-20 08:00:00,43.7,1530,2.44
2018-06-20 10:00:00,43.7,1530,2.57
2018-06-20 12:00:00,43.72,1560,
2018-06-20 16:00:00,43.7,1530,
2018-06-20 20:00:00,43.72,1560,
2018-06-21 00:00:00,43.74,1580,
2018-06-21 04:00:00,43.72,1560,
2018-06-21 08:00:00,43.72,1560,2.45
2018-06-21 12:00:00,43.71,1550,
2018-06-21 16:00:00,43.7,1530,
2018-06-21 20:00:00,43.69,1520,
2018-06-22 00:00:00,43.67,1500,
2018-06-22 04:00:00,43.67,1500,
2018-06-22 08:00:00,43.68,1510,2.55
2018-06-22 12:00:00,43.67,1500,
2018-06-22 16:00:00,43.68,1510,
2018-06-22 20:00:00,43.68,1510,
2018-06-23 00:00:00,43.68,1510,
2018-06-23 04:00:00,43.67,1500,
2018-06-23 08:00:00,43.68,1510,2.99
2018-06-23 12:00:00,43.69,1520,
2018-06-23 16:00:00,43.69,1520,
2018-06-23 20:00:00,43.68,1510,
2018-06-24 00:00:00,43.68,1510,
2018-06-24 04:00:00,43.7,1530,
2018-06-24 08:00:00,43.72,1560,2.56
2018-06-24 12:00:00,43.72,1560,
2018-06-24 16:00:00,43.71,1550,
2018-06-24 20:00:00,43.71,1550,
2018-06-25 00:00:00,43.7,1530,
2018-06-25 04:00:00,43.68,1510,
2018-06-25 08:00:00,43.67,1500,2.19
2018-06-25 12:00:00,43.66,1490,
2018-06-25 16:00:00,43.71,1550,
2018-06-25 20:00:00,43.69,1520,
2018-06-26 00:00:00,43.71,1550,
2018-06-26 04:00:00,43.71,1550,
2018-06-26 08:00:00,43.71,1550,2.56
2018-06-26 12:00:00,43.71,1550,
2018-06-26 16:00:00,43.7,1530,
2018-06-26 20:00:00,43.67,1500,
2018-06-27 00:00:00,43.67,1500,
2018-06-27 04:00:00,43.64,1480,
2018-06-27 08:00:00,43.64,1480,2.12
2018-06-27 12:00:00,43.64,1480,
2018-06-27 16:00:00,43.63,1470,
2018-06-27 20:00:00,43.63,1470,
2018-06-28 00:00:00,43.61,1460,
2018-06-28 04:00:00,43.62,1460,
2018-06-28 08:00:00,43.63,1470,2.28
2018-06-28 12:00:00,43.63,1470,
2018-06-28 16:00:00,43.63,1470,
2018-06-28 20:00:00,43.63,1470,
2018-06-29 00:00:00,43.66,1490,
2018-06-29 04:00:00,43.67,1500,
2018-06-29 08:00:00,43.67,1500,2.56
2018-06-29 12:00:00,43.66,1490,
2018-06-29 16:00:00,43.65,1480,
2018-06-29 20:00:00,43.67,1500,
2018-06-30 00:00:00,43.7,1530,
2018-06-30 04:00:00,43.7,1530,
2018-06-30 08:00:00,43.69,1520,2.18
2018-06-30 10:00:00,43.65,1480,
2018-06-30 12:00:00,43.66,1490,
2018-06-30 16:00:00,43.64,1480,
2018-06-30 20:00:00,43.63,1470,
2018-07-01 00:00:00,43.6,1450,
2018-07-01 02:00:00,43.57,1360,
2018-07-01 04:00:00,43.55,1340,
2018-07-01 06:00:00,43.51,1310,
2018-07-01 08:00:00,43.49,1300,1.86
2018-07-01 10:00:00,43.47,1280,
2018-07-01 11:00:00,43.44,1250,
2018-07-01 12:00:00,43.43,1240,
2018-07-01 16:00:00,43.39,1200,
2018-07-01 20:00:00,43.36,1170,
2018-07-02 00:00:00,43.34,1160,
2018-07-02 04:00:00,43.33,1150,
2018-07-02 08:00:00,43.33,1150,1.74
2018-07-02 12:00:00,43.32,1140,
2018-07-02 16:00:00,43.32,1140,
2018-07-02 20:00:00,43.31,1130,
2018-07-03 00:00:00,43.31,1130,
2018-07-03 04:00:00,43.31,1130,
2018-07-03 08:00:00,43.3,1120,1.8
2018-07-03 12:00:00,43.29,1110,
2018-07-03 16:00:00,43.27,1090,
2018-07-03 20:00:00,43.27,1090,
2018-07-04 00:00:00,43.28,1270,
2018-07-04 04:00:00,43.28,1270,
2018-07-04 08:00:00,43.29,1280,2.01
2018-07-04 12:00:00,43.29,1280,
2018-07-04 16:00:00,43.27,1260,
2018-07-04 20:00:00,43.28,1270,
2018-07-05 00:00:00,43.29,1280,
2018-07-05 04:00:00,43.3,1290,
2018-07-05 08:00:00,43.32,1310,2.04
2018-07-05 10:00:00,43.34,1330,
2018-07-05 12:00:00,43.37,1350,
2018-07-05 13:00:00,43.41,1390,
2018-07-05 14:00:00,43.44,1420,
2018-07-05 15:00:00,43.5,1480,
2018-07-05 16:00:00,43.54,1520,
2018-07-05 17:00:00,43.58,1550,
2018-07-05 18:00:00,43.66,1630,
2018-07-05 19:00:00,43.7,1670,
2018-07-05 20:00:00,43.75,1710,4.17
2018-07-05 21:00:00,43.79,1750,
2018-07-05 22:00:00,43.86,1830,
2018-07-05 23:00:00,43.94,1910,
2018-07-06 00:00:00,43.97,1940,
2018-07-06 01:00:00,44.05,2030,
2018-07-06 02:00:00,44.11,2100,
2018-07-06 03:00:00,44.17,2170,
2018-07-06 04:00:00,44.23,2240,
2018-07-06 05:00:00,44.27,2300,
2018-07-06 06:00:00,44.33,2370,
2018-07-06 07:00:00,44.41,2470,
2018-07-06 08:00:00,44.46,2530,4.66
2018-07-06 09:00:00,44.51,2580,
2018-07-06 10:00:00,44.55,2640,
2018-07-06 11:00:00,44.59,2700,4.53
2018-07-06 12:00:00,44.66,2790,
2018-07-06 13:00:00,44.72,2850,4.57
2018-07-06 14:00:00,44.78,2890,
2018-07-06 15:00:00,44.82,2920,
2018-07-06 16:00:00,44.86,2950,
2018-07-06 17:00:00,44.94,3020,3.62
2018-07-06 18:00:00,44.94,3020,
2018-07-06 19:00:00,45.02,3080,3.95
2018-07-06 20:00:00,45.05,3100,4.04
2018-07-06 21:00:00,45.06,3110,
2018-07-06 22:00:00,45.08,3130,
2018-07-06 23:00:00,45.13,3160,
2018-07-07 00:00:00,45.14,3170,
2018-07-07 01:00:00,45.12,3150,
2018-07-07 02:00:00,45.19,3210,
2018-07-07 03:00:00,45.18,3200,
2018-07-07 04:00:00,45.21,3230,
2018-07-07 05:00:00,45.21,3230,
2018-07-07 06:00:00,45.22,3240,
2018-07-07 07:00:00,45.21,3230,
2018-07-07 08:00:00,45.21,3230,3.45
2018-07-07 09:00:00,45.19,2880,
2018-07-07 10:00:00,45.19,2880,
2018-07-07 11:00:00,45.19,2880,
2018-07-07 12:00:00,45.18,2870,
2018-07-07 13:00:00,45.17,2850,
2018-07-07 14:00:00,45.16,2840,
2018-07-07 15:00:00,45.17,2850,3.08
2018-07-07 16:00:00,45.14,2820,3.27
2018-07-07 17:00:00,45.11,2790,
2018-07-07 18:00:00,45.1,2780,
2018-07-07 19:00:00,45.08,2760,
2018-07-07 20:00:00,45.07,2750,4.6
2018-07-07 21:00:00,45.08,2760,
2018-07-07 22:00:00,45.06,2750,
2018-07-07 23:00:00,45.05,2740,
2018-07-08 00:00:00,45.05,2740,
2018-07-08 02:00:00,45.04,2730,
2018-07-08 04:00:00,45.03,2720,
2018-07-08 06:00:00,45.03,2720,
2018-07-08 08:00:00,45.03,2720,4.28
2018-07-08 10:00:00,45.05,2740,
2018-07-08 12:00:00,45.09,2770,
2018-07-08 14:00:00,45.12,2800,4.18
2018-07-08 15:00:00,45.14,2820,
2018-07-08 16:00:00,45.16,2840,
2018-07-08 17:00:00,45.19,2880,
2018-07-08 18:00:00,45.22,2920,
2018-07-08 19:00:00,45.19,2880,
2018-07-08 20:00:00,45.28,2990,5.6
2018-07-08 21:00:00,45.32,3050,
2018-07-08 22:00:00,45.33,3060,
2018-07-08 23:00:00,45.36,3090,
2018-07-09 00:00:00,45.39,3130,
2018-07-09 01:00:00,45.43,3200,
2018-07-09 02:00:00,45.45,3240,
2018-07-09 03:00:00,45.48,3290,
2018-07-09 04:00:00,45.51,3350,
2018-07-09 05:00:00,45.53,3390,
2018-07-09 06:00:00,45.54,3410,
2018-07-09 07:00:00,45.57,3490,
2018-07-09 08:00:00,45.6,3550,9.45
2018-07-09 09:00:00,45.63,3660,
2018-07-09 10:00:00,45.61,3580,
2018-07-09 11:00:00,45.64,3700,
2018-07-09 12:00:00,45.66,3800,
2018-07-09 13:00:00,45.66,3800,
2018-07-09 14:00:00,45.67,3850,
2018-07-09 15:00:00,45.66,3800,
2018-07-09 16:00:00,45.68,3900,
2018-07-09 17:00:00,45.68,3900,15.9
2018-07-09 18:00:00,45.66,3800,
2018-07-09 19:00:00,45.65,3750,
2018-07-09 20:00:00,45.65,3750,16.9
2018-07-09 21:00:00,45.66,3800,
2018-07-09 22:00:00,45.66,3800,
2018-07-09 23:00:00,45.67,3850,
2018-07-10 00:00:00,45.65,3750,
2018-07-10 02:00:00,45.64,3700,
2018-07-10 04:00:00,45.61,3580,
2018-07-10 06:00:00,45.64,3700,
2018-07-10 08:00:00,45.61,3580,18.8
2018-07-10 10:00:00,45.6,3550,19.0
2018-07-10 12:00:00,45.55,3440,
2018-07-10 14:00:00,45.53,3390,
2018-07-10 16:00:00,45.51,3350,
2018-07-10 18:00:00,45.49,3300,
2018-07-10 20:00:00,45.45,3240,19.4
2018-07-10 22:00:00,45.4,3150,
2018-07-11 00:00:00,45.35,3070,
2018-07-11 02:00:00,45.31,3030,
2018-07-11 04:00:00,45.27,2980,
2018-07-11 05:00:00,45.23,2930,
2018-07-11 06:00:00,45.22,2920,22.6
2018-07-11 08:00:00,45.16,2840,22.4
2018-07-11 10:00:00,45.11,2790,
2018-07-11 12:00:00,45.06,2750,
2018-07-11 14:00:00,45.03,2720,
2018-07-11 16:00:00,44.98,2680,
2018-07-11 18:00:00,44.94,2650,
2018-07-11 20:00:00,44.91,2630,26.8
2018-07-11 22:00:00,44.9,2620,
2018-07-12 00:00:00,44.88,2610,
2018-07-12 02:00:00,44.86,2590,
2018-07-12 04:00:00,44.83,2570,
2018-07-12 06:00:00,44.82,2560,
2018-07-12 08:00:00,44.83,2570,27.9
2018-07-12 10:00:00,44.79,2540,
2018-07-12 12:00:00,44.79,2540,
2018-07-12 13:00:00,44.79,2540,27.4
2018-07-12 14:00:00,44.76,2520,
2018-07-12 16:00:00,44.75,2510,
2018-07-12 18:00:00,44.73,2490,
2018-07-12 20:00:00,44.71,2480,27.9
2018-07-12 22:00:00,44.68,2460,
2018-07-13 00:00:00,44.66,2450,
2018-07-13 02:00:00,44.65,2440,
2018-07-13 04:00:00,44.64,2430,
2018-07-13 06:00:00,44.62,2420,
2018-07-13 08:00:00,44.6,2400,28.5
2018-07-13 10:00:00,44.58,2380,
2018-07-13 12:00:00,44.54,2350,
2018-07-13 14:00:00,44.5,2310,
2018-07-13 16:00:00,44.47,2290,
2018-07-13 18:00:00,44.44,2260,
2018-07-13 20:00:00,44.41,2230,25.1
2018-07-13 22:00:00,44.36,2180,
2018-07-14 00:00:00,44.33,2150,
2018-07-14 02:00:00,44.27,2080,
2018-07-14 04:00:00,44.26,2060,
2018-07-14 06:00:00,44.26,2060,
2018-07-14 08:00:00,44.25,2050,22.1
2018-07-14 10:00:00,44.27,2080,
2018-07-14 12:00:00,44.28,2090,
2018-07-14 14:00:00,44.28,2090,
2018-07-14 16:00:00,44.32,2210,
2018-07-14 18:00:00,44.35,2270,
2018-07-14 20:00:00,44.36,2290,20.3
2018-07-14 22:00:00,44.41,2370,
2018-07-15 00:00:00,44.43,2400,
2018-07-15 01:00:00,44.46,2450,
2018-07-15 02:00:00,44.5,2520,
2018-07-15 03:00:00,44.53,2570,
2018-07-15 04:00:00,44.56,2620,
2018-07-15 05:00:00,44.6,2680,
2018-07-15 06:00:00,44.64,2750,
2018-07-15 07:00:00,44.67,2790,
2018-07-15 08:00:00,44.69,2820,18.6
2018-07-15 09:00:00,44.74,2900,
2018-07-15 10:00:00,44.78,2960,
2018-07-15 11:00:00,44.82,3020,
2018-07-15 12:00:00,44.84,3040,
2018-07-15 13:00:00,44.87,3090,
2018-07-15 14:00:00,44.9,3130,
2018-07-15 15:00:00,44.9,3130,
2018-07-15 16:00:00,44.95,3200,
2018-07-15 17:00:00,44.94,3180,
2018-07-15 18:00:00,44.96,3210,
2018-07-15 19:00:00,44.94,3180,
2018-07-15 20:00:00,44.98,3240,20.2
2018-07-15 21:00:00,44.97,3220,
2018-07-15 22:00:00,44.97,3220,
2018-07-15 23:00:00,44.97,3220,
2018-07-16 00:00:00,44.96,3210,
2018-07-16 02:00:00,44.95,3200,
2018-07-16 04:00:00,44.93,3170,
2018-07-16 06:00:00,44.91,3140,
2018-07-16 08:00:00,44.86,3070,19.1
2018-07-16 10:00:00,44.8,2990,
2018-07-16 12:00:00,44.76,2930,
2018-07-16 14:00:00,44.73,2880,
2018-07-16 16:00:00,44.73,2880,
2018-07-16 18:00:00,44.71,2720,
2018-07-16 20:00:00,44.73,2750,23.1
2018-07-16 21:00:00,44.72,2730,
2018-07-16 22:00:00,44.72,2730,
2018-07-17 00:00:00,44.73,2750,
2018-07-17 02:00:00,44.74,2760,
2018-07-17 04:00:00,44.76,2790,
2018-07-17 06:00:00,44.78,2820,
2018-07-17 08:00:00,44.77,2810,31.2
2018-07-17 10:00:00,44.78,2820,
2018-07-17 12:00:00,44.77,2810,
2018-07-17 14:00:00,44.79,2830,
2018-07-17 16:00:00,44.82,2880,
2018-07-17 17:00:00,44.85,2920,36.3
2018-07-17 18:00:00,44.89,2980,
2018-07-17 20:00:00,44.94,3050,36.8
2018-07-17 22:00:00,44.97,3100,
2018-07-18 00:00:00,45.01,3160,
2018-07-18 02:00:00,45.03,3190,
2018-07-18 04:00:00,45.06,3240,
2018-07-18 06:00:00,45.05,3220,
2018-07-18 08:00:00,45.08,3270,41.2
2018-07-18 10:00:00,45.1,3300,
2018-07-18 12:00:00,45.12,3340,
2018-07-18 14:00:00,45.13,3350,
2018-07-18 16:00:00,45.16,3410,
2018-07-18 18:00:00,45.15,3400,
2018-07-18 20:00:00,45.16,3410,48.3
2018-07-18 22:00:00,45.19,3460,
2018-07-19 00:00:00,45.16,3410,
2018-07-19 02:00:00,45.16,3410,
2018-07-19 04:00:00,45.17,3430,
2018-07-19 06:00:00,45.19,3460,
2018-07-19 08:00:00,45.22,3510,46.5
2018-07-19 10:00:00,45.22,3510,
2018-07-19 12:00:00,45.22,3510,
2018-07-19 14:00:00,45.24,3550,45.1
2018-07-19 16:00:00,45.22,3510,
2018-07-19 18:00:00,45.22,3510,
2018-07-19 20:00:00,45.23,3530,44.1
2018-07-19 22:00:00,45.23,3530,
2018-07-20 00:00:00,45.21,3500,
2018-07-20 02:00:00,45.22,3510,
2018-07-20 04:00:00,45.24,3550,
2018-07-20 06:00:00,45.24,3550,
2018-07-20 08:00:00,45.22,3510,38.1
2018-07-20 10:00:00,45.22,3510,
2018-07-20 12:00:00,45.2,3480,
2018-07-20 14:00:00,45.19,3460,
2018-07-20 16:00:00,45.22,3510,
2018-07-20 18:00:00,45.2,3480,
2018-07-20 20:00:00,45.21,3500,31.9
2018-07-20 22:00:00,45.21,3500,
2018-07-21 00:00:00,45.25,3560,
2018-07-21 02:00:00,45.26,3580,
2018-07-21 04:00:00,45.26,3580,
2018-07-21 06:00:00,45.29,3630,
2018-07-21 08:00:00,45.27,3590,23.4
2018-07-21 10:00:00,45.31,3660,
2018-07-21 12:00:00,45.32,3670,
2018-07-21 14:00:00,45.31,3660,
2018-07-21 16:00:00,45.33,3690,
2018-07-21 18:00:00,45.31,3660,
2018-07-21 20:00:00,45.35,3720,22.8
2018-07-21 22:00:00,45.33,3650,
2018-07-22 00:00:00,45.33,3650,
2018-07-22 02:00:00,45.33,3650,
2018-07-22 04:00:00,45.33,3650,
2018-07-22 06:00:00,45.34,3680,
2018-07-22 08:00:00,45.34,3680,23.4
2018-07-22 09:00:00,45.3,3560,
2018-07-22 10:00:00,45.31,3590,
2018-07-22 12:00:00,45.31,3590,
2018-07-22 14:00:00,45.29,3540,
2018-07-22 16:00:00,45.26,3460,
2018-07-22 18:00:00,45.25,3450,
2018-07-22 20:00:00,45.27,3490,23.2
2018-07-22 22:00:00,45.3,3560,
2018-07-23 00:00:00,45.28,3510,
2018-07-23 02:00:00,45.26,3460,
2018-07-23 04:00:00,45.24,3430,
2018-07-23 06:00:00,45.22,3390,
2018-07-23 08:00:00,45.2,3360,21.4
2018-07-23 10:00:00,45.24,3430,
2018-07-23 12:00:00,45.22,3390,
2018-07-23 14:00:00,45.2,3360,
2018-07-23 16:00:00,45.17,3330,
2018-07-23 18:00:00,45.18,3340,
2018-07-23 20:00:00,45.2,3360,22.5
2018-07-23 22:00:00,45.19,3350,
2018-07-24 00:00:00,45.16,3320,
2018-07-24 02:00:00,45.13,3280,
2018-07-24 03:00:00,45.1,3250,
2018-07-24 04:00:00,45.07,3220,
2018-07-24 06:00:00,45.01,3160,
2018-07-24 08:00:00,44.92,3070,24.5
2018-07-24 10:00:00,44.86,3000,
2018-07-24 12:00:00,44.79,2910,
2018-07-24 14:00:00,44.7,2780,
2018-07-24 16:00:00,44.63,2680,
2018-07-24 18:00:00,44.55,2560,
2018-07-24 20:00:00,44.5,2490,25.3
2018-07-24 21:00:00,44.49,2480,
2018-07-24 22:00:00,44.46,2440,
2018-07-25 00:00:00,44.47,2450,
2018-07-25 02:00:00,44.41,2380,
2018-07-25 04:00:00,44.41,2380,
2018-07-25 06:00:00,44.39,2350,
2018-07-25 08:00:00,44.39,2350,21.9
2018-07-25 10:00:00,44.37,2330,
2018-07-25 12:00:00,44.39,2350,
2018-07-25 14:00:00,44.36,2320,
2018-07-25 16:00:00,44.34,2300,
2018-07-25 18:00:00,44.31,2270,
2018-07-25 20:00:00,44.3,2260,21.9
2018-07-25 22:00:00,44.32,2280,
2018-07-26 00:00:00,44.31,2270,
2018-07-26 02:00:00,44.32,2280,
2018-07-26 04:00:00,44.34,2300,
2018-07-26 06:00:00,44.31,2270,
2018-07-26 08:00:00,44.29,2250,19.7
2018-07-26 10:00:00,44.27,2230,
2018-07-26 12:00:00,44.3,2260,
2018-07-26 14:00:00,44.28,2240,
2018-07-26 16:00:00,44.3,2260,
2018-07-26 18:00:00,44.28,2240,
2018-07-26 20:00:00,44.25,2210,20.5
2018-07-26 22:00:00,44.25,2210,
2018-07-27 00:00:00,44.21,2170,
2018-07-27 02:00:00,44.18,2140,
2018-07-27 04:00:00,44.13,2090,
2018-07-27 06:00:00,44.09,2050,
2018-07-27 08:00:00,44.06,2010,18.6
2018-07-27 10:00:00,44.03,1980,
2018-07-27 12:00:00,43.99,1940,
2018-07-27 14:00:00,43.95,1890,
2018-07-27 16:00:00,43.93,1860,
2018-07-27 18:00:00,43.96,1900,
2018-07-27 20:00:00,43.88,1810,17.5
2018-07-27 22:00:00,43.88,1810,
2018-07-28 00:00:00,43.86,1780,
2018-07-28 02:00:00,43.83,1750,
2018-07-28 04:00:00,43.8,1720,
2018-07-28 06:00:00,43.78,1690,
2018-07-28 08:00:00,43.75,1660,16.7
2018-07-28 10:00:00,43.71,1610,
2018-07-28 12:00:00,43.67,1560,
2018-07-28 14:00:00,43.66,1550,
2018-07-28 16:00:00,43.62,1510,
2018-07-28 18:00:00,43.58,1460,
2018-07-28 20:00:00,43.58,1460,12.9
2018-07-28 22:00:00,43.56,1440,
2018-07-29 00:00:00,43.55,1430,
2018-07-29 02:00:00,43.56,1440,
2018-07-29 04:00:00,43.55,1430,
2018-07-29 06:00:00,43.54,1420,
2018-07-29 08:00:00,43.51,1390,11.1
2018-07-29 10:00:00,43.47,1350,
2018-07-29 12:00:00,43.43,1310,
2018-07-29 14:00:00,43.4,1280,
2018-07-29 16:00:00,43.36,1230,
2018-07-29 18:00:00,43.34,1210,
2018-07-29 20:00:00,43.32,1190,9.17
2018-07-29 22:00:00,43.29,1160,
2018-07-30 00:00:00,43.27,1140,
2018-07-30 02:00:00,43.26,1140,
2018-07-30 04:00:00,43.24,1120,
2018-07-30 06:00:00,43.24,1120,
2018-07-30 08:00:00,43.24,1120,7.63
2018-07-30 10:00:00,43.25,1130,
2018-07-30 12:00:00,43.25,1130,
2018-07-30 14:00:00,43.25,1130,
2018-07-30 16:00:00,43.28,1150,
2018-07-30 18:00:00,43.27,1140,
2018-07-30 20:00:00,43.29,1160,8.72
2018-07-30 22:00:00,43.3,1170,
2018-07-31 00:00:00,43.29,1160,
2018-07-31 02:00:00,43.27,1140,
2018-07-31 04:00:00,43.24,1120,
2018-07-31 06:00:00,43.21,1090,
2018-07-31 08:00:00,43.19,1080,9.19
2018-07-31 09:00:00,43.18,1070,
2018-07-31 10:00:00,43.16,1060,
2018-07-31 12:00:00,43.14,1040,
2018-07-31 14:00:00,43.14,1040,
2018-07-31 16:00:00,43.13,1040,
2018-07-31 18:00:00,43.12,1030,
2018-07-31 20:00:00,43.12,1030,
2018-07-31 22:00:00,43.11,1020,
2018-08-01 00:00:00,43.11,1020,
2018-08-01 04:00:00,43.09,1010,
2018-08-01 08:00:00,43.05,983,7.04
2018-08-01 12:00:00,43.05,983,
2018-08-01 16:00:00,43.01,956,
2018-08-01 20:00:00,42.98,933,
2018-08-02 00:00:00,42.96,920,
2018-08-02 04:00:00,42.94,909,
2018-08-02 08:00:00,42.93,903,6.47
2018-08-02 12:00:00,42.91,892,
2018-08-02 16:00:00,42.89,883,
2018-08-02 20:00:00,42.91,912,
2018-08-03 00:00:00,42.92,926,
2018-08-03 04:00:00,42.92,926,
2018-08-03 08:00:00,42.91,912,4.02
2018-08-03 12:00:00,42.93,940,
2018-08-03 16:00:00,42.93,940,
2018-08-03 20:00:00,42.94,954,
2018-08-04 00:00:00,42.93,940,
2018-08-04 04:00:00,42.95,968,
2018-08-04 08:00:00,42.96,982,3.09
2018-08-04 12:00:00,42.97,995,
2018-08-04 16:00:00,42.99,1020,
2018-08-04 20:00:00,43.02,1060,
2018-08-05 00:00:00,43.06,1110,
2018-08-05 04:00:00,43.08,1140,
2018-08-05 08:00:00,43.17,1240,4.21
2018-08-05 10:00:00,43.23,1310,4.95
2018-08-05 12:00:00,43.3,1390,
2018-08-05 16:00:00,43.34,1430,
2018-08-05 19:00:00,43.36,1450,
2018-08-05 20:00:00,43.35,1440,
2018-08-06 00:00:00,43.33,1420,
2018-08-06 04:00:00,43.29,1380,
2018-08-06 08:00:00,43.25,1330,5.76
2018-08-06 12:00:00,43.27,1360,
2018-08-06 16:00:00,43.27,1360,
2018-08-06 20:00:00,43.26,1340,
2018-08-07 00:00:00,43.29,1380,
2018-08-07 02:00:00,43.31,1400,
2018-08-07 04:00:00,43.37,1460,
2018-08-07 06:00:00,43.48,1580,
2018-08-07 08:00:00,43.56,1660,6.89
2018-08-07 10:00:00,43.63,1730,
2018-08-07 12:00:00,43.67,1750,
2018-08-07 14:00:00,43.71,1780,
2018-08-07 16:00:00,43.72,1780,
2018-08-07 18:00:00,43.74,1800,
2018-08-07 19:00:00,43.74,1800,
2018-08-07 20:00:00,43.74,1800,
2018-08-07 22:00:00,43.75,1800,
2018-08-08 00:00:00,43.75,1800,
2018-08-08 04:00:00,43.74,1800,
2018-08-08 08:00:00,43.76,1810,8.08
2018-08-08 12:00:00,43.79,1820,
2018-08-08 16:00:00,43.81,1830,
2018-08-08 20:00:00,43.82,1840,
2018-08-09 00:00:00,43.8,1810,
2018-08-09 04:00:00,43.79,1800,
2018-08-09 08:00:00,43.8,1810,6.58
2018-08-09 12:00:00,43.76,1760,
2018-08-09 16:00:00,43.74,1730,
2018-08-09 20:00:00,43.73,1720,
2018-08-10 00:00:00,43.72,1700,
2018-08-10 04:00:00,43.74,1730,
2018-08-10 08:00:00,43.78,1790,6.04
2018-08-10 12:00:00,43.76,1760,
2018-08-10 14:00:00,43.75,1740,
2018-08-10 16:00:00,43.72,1700,
2018-08-10 18:00:00,43.71,1690,
2018-08-10 20:00:00,43.68,1650,
2018-08-10 22:00:00,43.65,1610,
2018-08-11 00:00:00,43.62,1580,
2018-08-11 02:00:00,43.59,1540,
2018-08-11 04:00:00,43.56,1510,
2018-08-11 06:00:00,43.54,1490,
2018-08-11 08:00:00,43.53,1480,5.27
2018-08-11 10:00:00,43.53,1480,
2018-08-11 12:00:00,43.54,1490,
2018-08-11 14:00:00,43.58,1530,
2018-08-11 16:00:00,43.62,1580,
2018-08-11 18:00:00,43.65,1610,
2018-08-11 20:00:00,43.68,1650,
2018-08-11 22:00:00,43.71,1690,
2018-08-12 00:00:00,43.71,1690,
2018-08-12 04:00:00,43.75,1740,
2018-08-12 08:00:00,43.73,1720,6.89
2018-08-12 12:00:00,43.68,1650,
2018-08-12 16:00:00,43.66,1630,
2018-08-12 20:00:00,43.64,1600,
2018-08-13 00:00:00,43.63,1590,
2018-08-13 04:00:00,43.65,1610,
2018-08-13 08:00:00,43.65,1610,5.2
2018-08-13 12:00:00,43.65,1610,
2018-08-13 16:00:00,43.65,1610,
2018-08-13 20:00:00,43.68,1650,
2018-08-14 00:00:00,43.71,1690,
2018-08-14 02:00:00,43.75,1740,
2018-08-14 04:00:00,43.81,1830,
2018-08-14 06:00:00,43.85,1880,
2018-08-14 08:00:00,43.92,1970,6.41
2018-08-14 10:00:00,43.97,2040,
2018-08-14 12:00:00,43.99,2070,
2018-08-14 14:00:00,44.04,2130,
2018-08-14 16:00:00,44.1,2220,
2018-08-14 18:00:00,44.13,2260,
2018-08-14 20:00:00,44.18,2320,
2018-08-14 22:00:00,44.21,2360,
2018-08-15 00:00:00,44.23,2380,
2018-08-15 02:00:00,44.27,2420,
2018-08-15 04:00:00,44.28,2430,
2018-08-15 06:00:00,44.32,2470,
2018-08-15 08:00:00,44.33,2480,8.6
2018-08-15 10:00:00,44.29,2440,
2018-08-15 12:00:00,44.27,2420,
2018-08-15 14:00:00,44.23,2380,
2018-08-15 16:00:00,44.18,2320,
2018-08-15 17:00:00,44.14,2270,
2018-08-15 18:00:00,44.09,2210,
2018-08-15 20:00:00,44.0,2080,
2018-08-15 21:00:00,43.94,2000,
2018-08-15 22:00:00,43.9,1950,
2018-08-15 23:00:00,43.83,1850,
2018-08-16 00:00:00,43.77,1770,
2018-08-16 01:00:00,43.72,1700,
2018-08-16 02:00:00,43.67,1640,
2018-08-16 03:00:00,43.62,1410,
2018-08-16 04:00:00,43.57,1350,
2018-08-16 05:00:00,43.53,1310,
2018-08-16 06:00:00,43.5,1280,
2018-08-16 08:00:00,43.43,1210,8.79
2018-08-16 09:00:00,43.4,1180,
2018-08-16 10:00:00,43.38,1160,
2018-08-16 11:00:00,43.36,1140,8.62
2018-08-16 12:00:00,43.34,1120,
2018-08-16 13:00:00,43.33,1110,
2018-08-16 14:00:00,43.31,1090,
2018-08-16 15:00:00,43.31,1090,
2018-08-16 16:00:00,43.29,1070,
2018-08-16 17:00:00,43.29,1070,
2018-08-16 18:00:00,43.28,1060,
2018-08-16 19:00:00,43.29,1070,
2018-08-16 20:00:00,43.28,1060,
2018-08-16 21:00:00,43.28,1060,
2018-08-16 22:00:00,43.28,1060,
2018-08-16 23:00:00,43.29,1070,
2018-08-17 00:00:00,43.29,1070,
2018-08-17 04:00:00,43.29,1070,
2018-08-17 08:00:00,43.33,1280,5.91
2018-08-17 12:00:00,43.27,1220,
2018-08-17 16:00:00,43.25,1210,
2018-08-17 20:00:00,43.27,1220,
2018-08-18 00:00:00,43.27,1220,
2018-08-18 04:00:00,43.28,1230,
2018-08-18 08:00:00,43.3,1250,4.55
2018-08-18 12:00:00,43.32,1280,
2018-08-18 16:00:00,43.33,1280,
2018-08-18 20:00:00,43.35,1300,
2018-08-19 00:00:00,43.38,1330,
2018-08-19 04:00:00,43.39,1340,
2018-08-19 06:00:00,43.43,1380,
2018-08-19 08:00:00,43.51,1460,12.8
2018-08-19 09:00:00,43.61,1570,
2018-08-19 11:00:00,43.63,1590,
2018-08-19 12:00:00,43.67,1640,
2018-08-19 16:00:00,43.71,1690,
2018-08-19 18:00:00,43.64,1620,
2018-08-19 20:00:00,43.6,1580,
2018-08-19 22:00:00,43.54,1520,
2018-08-20 00:00:00,43.5,1480,
2018-08-20 04:00:00,43.46,1440,
2018-08-20 07:00:00,43.42,1410,
2018-08-20 08:00:00,43.42,1410,21.3
2018-08-20 10:00:00,43.4,1390,22.6
2018-08-20 12:00:00,43.38,1380,
2018-08-20 16:00:00,43.35,1350,
2018-08-20 20:00:00,43.33,1330,
2018-08-21 00:00:00,43.29,1300,
2018-08-21 04:00:00,43.25,1260,
2018-08-21 08:00:00,43.23,1240,28.6
2018-08-21 10:00:00,43.25,1260,27.4
2018-08-21 12:00:00,43.23,1240,
2018-08-21 16:00:00,43.23,1240,
2018-08-21 20:00:00,43.21,1220,26.1
2018-08-22 00:00:00,43.19,1200,
2018-08-22 04:00:00,43.18,1190,
2018-08-22 08:00:00,43.19,1200,27.8
2018-08-22 12:00:00,43.18,1190,
2018-08-22 16:00:00,43.19,1200,
2018-08-22 20:00:00,43.19,1200,24.4
2018-08-23 00:00:00,43.17,1180,
2018-08-23 02:00:00,43.16,1170,
2018-08-23 04:00:00,43.14,1150,
2018-08-23 06:00:00,43.14,1150,
2018-08-23 08:00:00,43.13,1140,25.8
2018-08-23 12:00:00,43.14,1150,
2018-08-23 16:00:00,43.16,1180,
2018-08-23 18:00:00,43.18,1200,
2018-08-23 19:00:00,43.2,1230,
2018-08-23 20:00:00,43.22,1250,21.6
2018-08-24 00:00:00,43.24,1280,
2018-08-24 02:00:00,43.22,1250,
2018-08-24 03:00:00,43.24,1280,
2018-08-24 04:00:00,43.25,1290,
2018-08-24 05:00:00,43.3,1350,
2018-08-24 06:00:00,43.36,1430,
2018-08-24 07:00:00,43.46,1550,
2018-08-24 08:00:00,43.51,1620,25.0
2018-08-24 09:00:00,43.59,1720,
2018-08-24 10:00:00,43.66,1800,
2018-08-24 11:00:00,43.7,1850,
2018-08-24 12:00:00,43.78,1960,
2018-08-24 13:00:00,43.87,2090,
2018-08-24 14:00:00,43.94,2200,
2018-08-24 15:00:00,44.0,2290,
2018-08-24 16:00:00,44.03,2340,
2018-08-24 17:00:00,44.08,2440,
2018-08-24 18:00:00,44.12,2500,
2018-08-24 19:00:00,44.13,2510,
2018-08-24 20:00:00,44.17,2570,33.5
2018-08-24 21:00:00,44.19,2590,
2018-08-24 22:00:00,44.26,2640,
2018-08-24 23:00:00,44.24,2630,
2018-08-25 00:00:00,44.3,2660,
2018-08-25 01:00:00,44.34,2690,
2018-08-25 02:00:00,44.31,2670,
2018-08-25 03:00:00,44.33,2680,
2018-08-25 04:00:00,44.37,2700,
2018-08-25 05:00:00,44.33,2680,34.0
2018-08-25 06:00:00,44.37,2700,
2018-08-25 07:00:00,44.39,2690,
2018-08-25 08:00:00,44.38,2700,34.8
2018-08-25 09:00:00,44.39,2690,
2018-08-25 10:00:00,44.41,2670,
2018-08-25 11:00:00,44.39,2690,
2018-08-25 12:00:00,44.4,2680,
2018-08-25 13:00:00,44.43,2630,
2018-08-25 14:00:00,44.41,2670,
2018-08-25 15:00:00,44.41,2670,
2018-08-25 16:00:00,44.4,2680,
2018-08-25 17:00:00,44.39,2690,
2018-08-25 18:00:00,44.42,2660,
2018-08-25 19:00:00,44.41,2670,
2018-08-25 20:00:00,44.42,2660,32.6
2018-08-25 21:00:00,44.42,2660,
2018-08-25 22:00:00,44.4,2680,
2018-08-25 23:00:00,44.43,2630,
2018-08-26 00:00:00,44.43,2630,
2018-08-26 01:00:00,44.41,2670,
2018-08-26 02:00:00,44.44,2620,
2018-08-26 03:00:00,44.45,2610,
2018-08-26 04:00:00,44.44,2620,
2018-08-26 05:00:00,44.46,2600,
2018-08-26 06:00:00,44.44,2620,
2018-08-26 07:00:00,44.47,2590,
2018-08-26 08:00:00,44.47,2590,16.6
2018-08-26 09:00:00,44.47,2590,
2018-08-26 10:00:00,44.49,2590,
2018-08-26 12:00:00,44.5,2590,
2018-08-26 14:00:00,44.53,2620,
2018-08-26 16:00:00,44.52,2610,
2018-08-26 18:00:00,44.54,2630,
2018-08-26 20:00:00,44.57,2660,14.7
2018-08-26 22:00:00,44.59,2690,
2018-08-27 00:00:00,44.58,2670,
2018-08-27 02:00:00,44.59,2690,
2018-08-27 04:00:00,44.57,2660,
2018-08-27 06:00:00,44.57,2660,
2018-08-27 08:00:00,44.57,2660,15.4
2018-08-27 10:00:00,44.59,2690,
2018-08-27 12:00:00,44.57,2660,
2018-08-27 14:00:00,44.57,2660,
2018-08-27 16:00:00,44.56,2650,
2018-08-27 20:00:00,44.56,2650,15.0
2018-08-27 22:00:00,44.56,2650,
2018-08-28 00:00:00,44.57,2660,
2018-08-28 02:00:00,44.57,2660,
2018-08-28 04:00:00,44.55,2640,
2018-08-28 06:00:00,44.56,2650,
2018-08-28 08:00:00,44.55,2640,15.5
2018-08-28 10:00:00,44.56,2650,16.1
2018-08-28 12:00:00,44.56,2650,
2018-08-28 16:00:00,44.55,2640,
2018-08-28 20:00:00,44.57,2660,14.8
2018-08-29 00:00:00,44.57,2660,
2018-08-29 02:00:00,44.56,2650,
2018-08-29 04:00:00,44.57,2660,
2018-08-29 06:00:00,44.58,2670,
2018-08-29 08:00:00,44.58,2670,14.8
2018-08-29 12:00:00,44.59,2690,
2018-08-29 16:00:00,44.56,2650,
2018-08-29 20:00:00,44.56,2650,13.8
2018-08-30 00:00:00,44.59,2690,
2018-08-30 02:00:00,44.56,2640,
2018-08-30 04:00:00,44.56,2640,
2018-08-30 06:00:00,44.54,2610,
2018-08-30 08:00:00,44.51,2570,12.8
2018-08-30 10:00:00,44.48,2530,
2018-08-30 12:00:00,44.44,2480,
2018-08-30 14:00:00,44.42,2450,
2018-08-30 16:00:00,44.38,2400,
2018-08-30 18:00:00,44.32,2320,
2018-08-30 20:00:00,44.27,2250,13.3
2018-08-30 22:00:00,44.23,2190,
2018-08-31 00:00:00,44.21,2170,
2018-08-31 02:00:00,44.17,2110,
2018-08-31 04:00:00,44.13,2050,
2018-08-31 06:00:00,44.11,2030,
2018-08-31 08:00:00,44.1,2010,11.5
2018-08-31 10:00:00,44.1,2010,
2018-08-31 12:00:00,44.1,2010,
2018-08-31 14:00:00,44.08,1990,
2018-08-31 16:00:00,44.07,1970,
2018-08-31 18:00:00,44.05,1950,
2018-08-31 20:00:00,44.01,1890,
2018-08-31 22:00:00,43.99,1870,
2018-09-01 00:00:00,43.94,1800,
2018-09-01 02:00:00,43.92,1780,
2018-09-01 04:00:00,43.88,1730,
2018-09-01 06:00:00,43.84,1680,
2018-09-01 08:00:00,43.81,1650,10.2
2018-09-01 10:00:00,43.79,1620,10.6
2018-09-01 12:00:00,43.76,1590,
2018-09-01 16:00:00,43.72,1540,
2018-09-01 20:00:00,43.7,1510,
2018-09-02 00:00:00,43.65,1450,
2018-09-02 02:00:00,43.65,1450,
2018-09-02 04:00:00,43.63,1420,
2018-09-02 06:00:00,43.64,1440,
2018-09-02 08:00:00,43.6,1390,9.97
2018-09-02 10:00:00,43.58,1360,
2018-09-02 12:00:00,43.56,1340,
2018-09-02 14:00:00,43.53,1310,
2018-09-02 16:00:00,43.5,1280,
2018-09-02 18:00:00,43.46,1240,
2018-09-02 20:00:00,43.44,1220,
2018-09-02 22:00:00,43.41,1190,
2018-09-02 23:00:00,43.37,1150,
2018-09-03 00:00:00,43.35,1130,
2018-09-03 02:00:00,43.31,1090,
2018-09-03 04:00:00,43.29,1070,
2018-09-03 06:00:00,43.26,1050,
2018-09-03 08:00:00,43.24,1030,8.26
2018-09-03 10:00:00,43.2,997,
2018-09-03 12:00:00,43.18,981,
2018-09-03 14:00:00,43.17,973,
2018-09-03 16:00:00,43.15,958,
2018-09-03 18:00:00,43.16,965,
2018-09-03 20:00:00,43.18,1150,
2018-09-03 22:00:00,43.2,1170,
2018-09-04 00:00:00,43.22,1180,
2018-09-04 02:00:00,43.25,1210,
2018-09-04 04:00:00,43.29,1240,
2018-09-04 06:00:00,43.31,1260,
2018-09-04 08:00:00,43.33,1280,6.81
2018-09-04 12:00:00,43.32,1280,
2018-09-04 16:00:00,43.29,1240,
2018-09-04 20:00:00,43.28,1230,
2018-09-05 00:00:00,43.25,1210,
2018-09-05 02:00:00,43.24,1200,
2018-09-05 04:00:00,43.21,1180,
2018-09-05 06:00:00,43.2,1170,
2018-09-05 08:00:00,43.17,1150,5.25
2018-09-05 12:00:00,43.13,1120,
2018-09-05 13:00:00,43.12,1110,
2018-09-05 16:00:00,43.13,1120,
2018-09-05 20:00:00,43.19,1160,
2018-09-06 00:00:00,43.27,1220,
2018-09-06 04:00:00,43.37,1320,
2018-09-06 08:00:00,43.41,1360,8.26
2018-09-06 12:00:00,43.44,1390,
2018-09-06 16:00:00,43.4,1350,
2018-09-06 20:00:00,43.38,1330,
2018-09-07 00:00:00,43.35,1300,
2018-09-07 04:00:00,43.33,1280,
2018-09-07 08:00:00,43.31,1260,5.96
2018-09-07 12:00:00,43.31,1260,
2018-09-07 16:00:00,43.32,1280,
2018-09-07 20:00:00,43.36,1310,
2018-09-08 00:00:00,43.4,1350,
2018-09-08 04:00:00,43.42,1370,
2018-09-08 08:00:00,43.43,1380,4.82
2018-09-08 12:00:00,43.45,1400,
2018-09-08 16:00:00,43.45,1400,
2018-09-08 20:00:00,43.43,1380,
2018-09-09 00:00:00,43.43,1380,
2018-09-09 04:00:00,43.42,1370,
2018-09-09 08:00:00,43.4,1350,5.04
2018-09-09 12:00:00,43.41,1360,
2018-09-09 16:00:00,43.4,1350,
2018-09-09 20:00:00,43.39,1340,
2018-09-10 00:00:00,43.38,1330,
2018-09-10 04:00:00,43.37,1320,
2018-09-10 08:00:00,43.36,1310,4.83
2018-09-10 12:00:00,43.4,1350,
2018-09-10 16:00:00,43.4,1350,
2018-09-10 20:00:00,43.37,1320,
2018-09-11 00:00:00,43.37,1320,
2018-09-11 04:00:00,43.36,1310,
2018-09-11 08:00:00,43.32,1280,4.07
2018-09-11 12:00:00,43.31,1260,
2018-09-11 16:00:00,43.29,1240,
2018-09-11 20:00:00,43.3,1250,
2018-09-12 00:00:00,43.3,1250,
2018-09-12 04:00:00,43.31,1260,
2018-09-12 08:00:00,43.33,1280,3.7
2018-09-12 12:00:00,43.33,1280,
2018-09-12 16:00:00,43.31,1260,
2018-09-12 20:00:00,43.32,1280,
2018-09-13 00:00:00,43.33,1280,
2018-09-13 04:00:00,43.31,1260,
2018-09-13 08:00:00,43.33,1280,3.3
2018-09-13 12:00:00,43.31,1260,
2018-09-13 16:00:00,43.31,1260,
2018-09-13 20:00:00,43.31,1260,
2018-09-14 00:00:00,43.34,1290,
2018-09-14 04:00:00,43.33,1280,
2018-09-14 08:00:00,43.36,1310,4.77
2018-09-14 12:00:00,43.36,1310,
2018-09-14 14:00:00,43.38,1370,
2018-09-14 16:00:00,43.4,1390,
2018-09-14 20:00:00,43.42,1420,
2018-09-15 00:00:00,43.41,1400,
2018-09-15 04:00:00,43.39,1380,
2018-09-15 08:00:00,43.38,1370,3.55
2018-09-15 12:00:00,43.38,1370,
2018-09-15 16:00:00,43.38,1370,
2018-09-15 20:00:00,43.4,1390,
2018-09-16 00:00:00,43.43,1430,
2018-09-16 04:00:00,43.44,1440,
2018-09-16 08:00:00,43.44,1440,3.84
2018-09-16 10:00:00,43.44,1440,
2018-09-16 12:00:00,43.45,1450,
2018-09-16 14:00:00,43.46,1470,
2018-09-16 16:00:00,43.49,1510,
2018-09-16 18:00:00,43.56,1620,
2018-09-16 19:00:00,43.61,1700,
2018-09-16 20:00:00,43.66,1780,
2018-09-16 22:00:00,43.71,1850,
2018-09-17 00:00:00,43.75,1910,
2018-09-17 02:00:00,43.8,1980,
2018-09-17 03:00:00,43.85,2050,
2018-09-17 04:00:00,43.87,2080,
2018-09-17 05:00:00,43.89,2100,
2018-09-17 06:00:00,43.94,2180,
2018-09-17 07:00:00,43.96,2200,
2018-09-17 08:00:00,43.98,2230,8.81
2018-09-17 09:00:00,44.01,2270,
2018-09-17 10:00:00,44.04,2300,
2018-09-17 11:00:00,44.09,2360,
2018-09-17 12:00:00,44.1,2370,
2018-09-17 13:00:00,44.13,2400,
2018-09-17 14:00:00,44.15,2420,
2018-09-17 15:00:00,44.14,2410,
2018-09-17 16:00:00,44.17,2440,
2018-09-17 17:00:00,44.18,2450,
2018-09-17 18:00:00,44.21,2470,
2018-09-17 19:00:00,44.27,2520,
2018-09-17 20:00:00,44.27,2520,
2018-09-17 21:00:00,44.29,2530,
2018-09-17 22:00:00,44.33,2560,
2018-09-17 23:00:00,44.32,2550,
2018-09-18 00:00:00,44.38,2590,
2018-09-18 01:00:00,44.39,2590,
2018-09-18 02:00:00,44.42,2600,
2018-09-18 03:00:00,44.41,2600,
2018-09-18 04:00:00,44.44,2620,
2018-09-18 05:00:00,44.46,2630,
2018-09-18 06:00:00,44.45,2620,
2018-09-18 07:00:00,44.49,2640,
2018-09-18 08:00:00,44.49,2640,9.66
2018-09-18 09:00:00,44.48,2640,
2018-09-18 10:00:00,44.5,2650,
2018-09-18 11:00:00,44.52,2660,
2018-09-18 12:00:00,44.54,2680,
2018-09-18 13:00:00,44.52,2660,
2018-09-18 14:00:00,44.56,2690,
2018-09-18 15:00:00,44.56,2690,
2018-09-18 16:00:00,44.59,2720,
2018-09-18 17:00:00,44.58,2710,
2018-09-18 18:00:00,44.6,2730,
2018-09-18 19:00:00,44.63,2750,
2018-09-18 20:00:00,44.64,2760,
2018-09-18 21:00:00,44.67,2780,
2018-09-18 22:00:00,44.66,2770,
2018-09-18 23:00:00,44.66,2770,
2018-09-19 00:00:00,44.66,2770,
2018-09-19 01:00:00,44.68,2790,
2018-09-19 02:00:00,44.66,2770,
2018-09-19 03:00:00,44.67,2780,
2018-09-19 04:00:00,44.66,2770,
2018-09-19 05:00:00,44.66,2770,
2018-09-19 06:00:00,44.66,2770,
2018-09-19 07:00:00,44.68,2790,
2018-09-19 08:00:00,44.69,2800,6.45
2018-09-19 10:00:00,44.7,2800,
2018-09-19 12:00:00,44.7,2800,
2018-09-19 14:00:00,44.7,2800,
2018-09-19 16:00:00,44.72,2820,
2018-09-19 18:00:00,44.73,2830,
2018-09-19 20:00:00,44.71,2810,
2018-09-19 22:00:00,44.75,2850,
2018-09-20 00:00:00,44.72,2820,
2018-09-20 02:00:00,44.74,2840,
2018-09-20 04:00:00,44.72,2820,
2018-09-20 06:00:00,44.76,2860,
2018-09-20 08:00:00,44.75,2850,6.33
2018-09-20 10:00:00,44.74,2840,
2018-09-20 12:00:00,44.75,2850,
2018-09-20 14:00:00,44.75,2850,
2018-09-20 16:00:00,44.75,2850,
2018-09-20 18:00:00,44.74,2840,
2018-09-20 20:00:00,44.77,2870,
2018-09-20 22:00:00,44.74,2840,
2018-09-21 00:00:00,44.76,2860,
2018-09-21 02:00:00,44.76,2860,
2018-09-21 04:00:00,44.74,2840,
2018-09-21 06:00:00,44.75,2850,
2018-09-21 08:00:00,44.77,2870,7.2
2018-09-21 10:00:00,44.78,2880,
2018-09-21 12:00:00,44.79,2890,
2018-09-21 14:00:00,44.8,2900,
2018-09-21 16:00:00,44.81,2910,
2018-09-21 18:00:00,44.81,2910,
2018-09-21 20:00:00,44.8,2900,
2018-09-21 22:00:00,44.81,2910,
2018-09-22 00:00:00,44.85,2950,
2018-09-22 02:00:00,44.81,2910,
2018-09-22 04:00:00,44.8,2900,
2018-09-22 06:00:00,44.79,2890,
2018-09-22 08:00:00,44.8,2900,7.04
2018-09-22 10:00:00,44.83,2930,
2018-09-22 12:00:00,44.81,2910,
2018-09-22 14:00:00,44.8,2900,
2018-09-22 16:00:00,44.81,2910,
2018-09-22 18:00:00,44.82,2920,
2018-09-22 20:00:00,44.83,2930,
2018-09-22 22:00:00,44.81,2910,
2018-09-23 00:00:00,44.84,2940,
2018-09-23 02:00:00,44.82,2920,
2018-09-23 04:00:00,44.81,2910,
2018-09-23 06:00:00,44.82,2920,
2018-09-23 08:00:00,44.79,2770,7.09
2018-09-23 10:00:00,44.77,2750,
2018-09-23 12:00:00,44.76,2740,
2018-09-23 14:00:00,44.78,2760,
2018-09-23 16:00:00,44.78,2760,
2018-09-23 18:00:00,44.79,2770,
2018-09-23 20:00:00,44.78,2760,
2018-09-23 22:00:00,44.79,2770,
2018-09-24 00:00:00,44.8,2780,
2018-09-24 02:00:00,44.77,2750,
2018-09-24 04:00:00,44.77,2750,
2018-09-24 06:00:00,44.75,2730,
2018-09-24 08:00:00,44.73,2700,6.61
2018-09-24 10:00:00,44.74,2710,
2018-09-24 11:00:00,44.72,2690,
2018-09-24 12:00:00,44.72,2690,
2018-09-24 14:00:00,44.72,2690,
2018-09-24 16:00:00,44.74,2710,
2018-09-24 18:00:00,44.73,2700,
2018-09-24 20:00:00,44.77,2870,
2018-09-25 00:00:00,44.8,2900,
2018-09-25 02:00:00,44.8,2900,
2018-09-25 04:00:00,44.79,2890,
2018-09-25 06:00:00,44.71,2930,
2018-09-25 08:00:00,44.83,2930,6.12
2018-09-25 10:00:00,44.86,2960,
2018-09-25 12:00:00,44.89,2990,
2018-09-25 14:00:00,44.93,3030,
2018-09-25 16:00:00,44.93,3030,
2018-09-25 18:00:00,44.98,3080,
2018-09-25 20:00:00,44.99,3090,
2018-09-25 22:00:00,45.01,3110,
2018-09-26 00:00:00,45.02,3120,
2018-09-26 02:00:00,45.04,3140,
2018-09-26 04:00:00,45.05,3150,
2018-09-26 06:00:00,45.05,3150,
2018-09-26 08:00:00,45.1,3220,6.59
2018-09-26 10:00:00,45.08,3110,
2018-09-26 12:00:00,45.1,3130,
2018-09-26 14:00:00,45.12,3150,
2018-09-26 16:00:00,45.13,3160,
2018-09-26 18:00:00,45.14,3170,
2018-09-26 20:00:00,45.15,3180,
2018-09-26 22:00:00,45.13,3160,
2018-09-27 00:00:00,45.14,3170,
2018-09-27 02:00:00,45.14,3170,
2018-09-27 04:00:00,45.14,3170,
2018-09-27 06:00:00,45.14,3170,
2018-09-27 08:00:00,45.14,3170,4.77
2018-09-27 10:00:00,45.12,3150,
2018-09-27 12:00:00,45.11,3140,
2018-09-27 14:00:00,45.14,3170,
2018-09-27 16:00:00,45.15,3180,
2018-09-27 18:00:00,45.15,3180,
2018-09-27 20:00:00,45.13,3160,
2018-09-27 22:00:00,45.11,3140,
2018-09-28 00:00:00,45.1,3130,
2018-09-28 02:00:00,45.11,3140,
2018-09-28 04:00:00,45.1,3130,
2018-09-28 06:00:00,45.11,3140,
2018-09-28 08:00:00,45.08,3110,6.0
2018-09-28 10:00:00,45.09,3110,
2018-09-28 12:00:00,45.09,3110,
2018-09-28 14:00:00,45.08,3110,
2018-09-28 16:00:00,45.05,3070,
2018-09-28 18:00:00,45.04,3060,
2018-09-28 20:00:00,45.08,3190,
2018-09-28 22:00:00,45.06,3160,
2018-09-29 00:00:00,45.04,3140,
2018-09-29 02:00:00,45.05,3150,
2018-09-29 04:00:00,45.04,3140,
2018-09-29 06:00:00,45.03,3130,
2018-09-29 08:00:00,45.04,3140,6.29
2018-09-29 10:00:00,45.03,3130,
2018-09-29 12:00:00,45.0,3100,
2018-09-29 14:00:00,45.01,3110,
2018-09-29 16:00:00,45.01,3110,
2018-09-29 18:00:00,45.03,3130,
2018-09-29 20:00:00,45.03,3130,
2018-09-29 22:00:00,45.04,3140,
2018-09-30 00:00:00,45.06,3160,
2018-09-30 02:00:00,45.06,3160,
2018-09-30 04:00:00,45.06,3160,
2018-09-30 06:00:00,45.08,3190,
2018-09-30 08:00:00,45.08,3190,5.97
2018-09-30 10:00:00,45.11,3230,
2018-09-30 12:00:00,45.11,3230,
2018-09-30 14:00:00,45.12,3240,
2018-09-30 16:00:00,45.13,3250,
2018-09-30 18:00:00,45.16,3280,
2018-09-30 20:00:00,45.16,3280,
2018-09-30 22:00:00,45.18,3310,
2018-10-01 00:00:00,45.2,3330,
2018-10-01 02:00:00,45.19,3320,
2018-10-01 04:00:00,45.21,3340,
2018-10-01 06:00:00,45.22,3350,
2018-10-01 08:00:00,45.22,3350,6.85
2018-10-01 10:00:00,45.2,3330,
2018-10-01 12:00:00,45.24,3370,
2018-10-01 14:00:00,45.23,3360,
2018-10-01 16:00:00,45.23,3360,
2018-10-01 18:00:00,45.23,3360,
2018-10-01 20:00:00,45.26,3390,
2018-10-01 22:00:00,45.28,3400,
2018-10-02 00:00:00,45.25,3380,
2018-10-02 02:00:00,45.27,3400,
2018-10-02 04:00:00,45.28,3400,
2018-10-02 06:00:00,45.32,3430,
2018-10-02 08:00:00,45.3,3420,6.2
2018-10-02 10:00:00,45.31,3430,
2018-10-02 12:00:00,45.3,3420,
2018-10-02 14:00:00,45.32,3430,
2018-10-02 16:00:00,45.28,3400,
2018-10-02 18:00:00,45.31,3430,
2018-10-02 20:00:00,45.3,3420,
2018-10-02 22:00:00,45.3,3420,
2018-10-03 00:00:00,45.31,3430,
2018-10-03 02:00:00,45.3,3420,
2018-10-03 04:00:00,45.3,3420,
2018-10-03 06:00:00,45.32,3430,
2018-10-03 08:00:00,45.31,3430,5.97
2018-10-03 10:00:00,45.3,3420,
2018-10-03 12:00:00,45.28,3400,
2018-10-03 14:00:00,45.28,3400,
2018-10-03 16:00:00,45.3,3420,
2018-10-03 18:00:00,45.33,3420,
2018-10-03 20:00:00,45.35,3450,
2018-10-03 22:00:00,45.3,3370,
2018-10-04 00:00:00,45.31,3390,
2018-10-04 02:00:00,45.3,3370,
2018-10-04 04:00:00,45.28,3350,
2018-10-04 06:00:00,45.27,3330,
2018-10-04 08:00:00,45.27,3330,6.93
2018-10-04 10:00:00,45.25,3310,
2018-10-04 12:00:00,45.23,3280,
2018-10-04 14:00:00,45.2,3240,
2018-10-04 16:00:00,45.21,3250,
2018-10-04 18:00:00,45.18,3220,
2018-10-04 20:00:00,45.15,3180,
2018-10-04 22:00:00,45.14,3170,
2018-10-05 00:00:00,45.07,3090,
2018-10-05 02:00:00,45.02,3040,
2018-10-05 04:00:00,44.99,3010,
2018-10-05 06:00:00,44.96,2970,
2018-10-05 08:00:00,44.95,2960,7.66
2018-10-05 10:00:00,44.94,2950,
2018-10-05 12:00:00,44.96,2970,
2018-10-05 14:00:00,44.92,2920,
2018-10-05 16:00:00,44.93,2940,
2018-10-05 18:00:00,44.94,2950,
2018-10-05 20:00:00,44.96,2970,
2018-10-05 22:00:00,44.94,2950,
2018-10-06 00:00:00,44.92,2920,
2018-10-06 02:00:00,44.9,2900,
2018-10-06 04:00:00,44.92,2920,
2018-10-06 06:00:00,44.89,2890,
2018-10-06 08:00:00,44.88,2880,8.32
2018-10-06 10:00:00,44.85,2840,
2018-10-06 12:00:00,44.85,2840,
2018-10-06 14:00:00,44.87,2870,
2018-10-06 16:00:00,44.87,2870,
2018-10-06 18:00:00,44.86,2860,
2018-10-06 20:00:00,44.87,2870,
2018-10-06 22:00:00,44.83,2820,
2018-10-07 00:00:00,44.82,2810,
2018-10-07 02:00:00,44.81,2800,
2018-10-07 03:00:00,44.79,2770,
2018-10-07 04:00:00,44.75,2730,
2018-10-07 06:00:00,44.76,2740,
2018-10-07 08:00:00,44.72,2690,6.45
2018-10-07 10:00:00,44.65,2600,
2018-10-07 12:00:00,44.62,2570,
2018-10-07 14:00:00,44.56,2500,
2018-10-07 16:00:00,44.51,2440,
2018-10-07 17:00:00,44.5,2420,
2018-10-07 18:00:00,44.46,2380,
2018-10-07 20:00:00,44.42,2330,
2018-10-07 22:00:00,44.41,2320,
2018-10-07 23:00:00,44.37,2270,
2018-10-08 00:00:00,44.35,2240,
2018-10-08 01:00:00,44.32,2210,
2018-10-08 02:00:00,44.34,2230,
2018-10-08 03:00:00,44.32,2210,
2018-10-08 04:00:00,44.29,2170,
2018-10-08 05:00:00,44.29,2170,
2018-10-08 06:00:00,44.25,2130,
2018-10-08 07:00:00,44.25,2130,
2018-10-08 08:00:00,44.22,2090,6.63
2018-10-08 10:00:00,44.23,2100,
2018-10-08 12:00:00,44.24,2120,
2018-10-08 14:00:00,44.22,2090,
2018-10-08 15:00:00,44.16,2020,
2018-10-08 16:00:00,44.19,2060,
2018-10-08 18:00:00,44.16,2020,
2018-10-08 19:00:00,44.18,2040,
2018-10-08 20:00:00,44.16,2020,
2018-10-08 21:00:00,44.17,2030,
2018-10-08 22:00:00,44.14,2000,
2018-10-08 23:00:00,44.15,2010,
2018-10-09 00:00:00,44.15,2010,
2018-10-09 01:00:00,44.13,1990,
2018-10-09 02:00:00,44.11,1960,
2018-10-09 04:00:00,44.09,1940,
2018-10-09 06:00:00,44.07,1920,
2018-10-09 08:00:00,44.05,1890,5.39
2018-10-09 10:00:00,44.03,1870,
2018-10-09 12:00:00,44.0,1840,
2018-10-09 14:00:00,43.97,1800,
2018-10-09 16:00:00,43.95,1780,
2018-10-09 18:00:00,43.93,1760,
2018-10-09 20:00:00,43.92,1740,
2018-10-09 22:00:00,43.89,1710,
2018-10-10 00:00:00,43.9,1720,
2018-10-10 02:00:00,43.91,1730,
2018-10-10 04:00:00,43.9,1720,
2018-10-10 06:00:00,43.89,1710,
2018-10-10 08:00:00,43.92,1740,5.92
2018-10-10 10:00:00,43.91,1730,
2018-10-10 12:00:00,43.9,1720,
2018-10-10 14:00:00,43.91,1730,
2018-10-10 16:00:00,43.93,1760,
2018-10-10 18:00:00,43.94,1770,
2018-10-10 20:00:00,43.95,1780,
2018-10-10 22:00:00,43.93,1760,
2018-10-11 00:00:00,43.93,1760,
2018-10-11 02:00:00,43.91,1730,
2018-10-11 04:00:00,43.92,1740,
2018-10-11 06:00:00,43.9,1720,
2018-10-11 08:00:00,43.92,1940,6.32
2018-10-11 10:00:00,43.9,1910,6.08
2018-10-11 12:00:00,43.93,1950,
2018-10-11 14:00:00,43.92,1940,
2018-10-11 16:00:00,43.96,1990,
2018-10-11 18:00:00,43.94,1960,
2018-10-11 20:00:00,43.95,1980,
2018-10-11 22:00:00,43.95,1980,
2018-10-12 00:00:00,43.93,1950,
2018-10-12 02:00:00,43.94,1960,
2018-10-12 04:00:00,43.94,1960,
2018-10-12 06:00:00,43.95,1980,
2018-10-12 08:00:00,43.93,1950,5.22
2018-10-12 10:00:00,43.92,1940,
2018-10-12 12:00:00,43.92,1940,
2018-10-12 14:00:00,43.91,1920,
2018-10-12 16:00:00,43.88,1880,
2018-10-12 18:00:00,43.89,1900,
2018-10-12 20:00:00,43.86,1860,
2018-10-12 22:00:00,43.83,1820,
2018-10-13 00:00:00,43.82,1810,
2018-10-13 02:00:00,43.81,1790,
2018-10-13 04:00:00,43.78,1760,
2018-10-13 06:00:00,43.74,1710,
2018-10-13 08:00:00,43.71,1670,4.03
2018-10-13 10:00:00,43.68,1630,
2018-10-13 12:00:00,43.66,1610,
2018-10-13 14:00:00,43.6,1530,
2018-10-13 16:00:00,43.6,1530,
2018-10-13 18:00:00,43.59,1520,
2018-10-13 20:00:00,43.55,1470,
2018-10-13 22:00:00,43.54,1460,
2018-10-14 00:00:00,43.52,1430,
2018-10-14 02:00:00,43.5,1410,
2018-10-14 04:00:00,43.5,1410,
2018-10-14 06:00:00,43.49,1400,
2018-10-14 08:00:00,43.5,1410,4.19
2018-10-14 10:00:00,43.49,1400,
2018-10-14 12:00:00,43.48,1390,
2018-10-14 14:00:00,43.46,1360,
2018-10-14 16:00:00,43.46,1360,
2018-10-14 18:00:00,43.46,1360,
2018-10-14 20:00:00,43.46,1360,
2018-10-14 22:00:00,43.46,1360,
2018-10-15 00:00:00,43.45,1350,
2018-10-15 04:00:00,43.45,1350,
2018-10-15 08:00:00,43.43,1330,4.1
2018-10-15 12:00:00,43.4,1300,
2018-10-15 16:00:00,43.39,1290,
2018-10-15 20:00:00,43.39,1290,
2018-10-16 00:00:00,43.36,1250,
2018-10-16 04:00:00,43.33,1220,
2018-10-16 08:00:00,43.31,1200,3.26
2018-10-16 10:00:00,43.29,1180,2.96
2018-10-16 12:00:00,43.26,1150,
2018-10-16 16:00:00,43.24,1130,
2018-10-16 20:00:00,43.24,1130,
2018-10-17 00:00:00,43.24,1130,
2018-10-17 04:00:00,43.25,1140,
2018-10-17 08:00:00,43.29,1260,3.09
2018-10-17 12:00:00,43.3,1270,
2018-10-17 14:00:00,43.32,1300,3.74
2018-10-17 16:00:00,43.31,1290,
2018-10-17 20:00:00,43.39,1390,
2018-10-18 00:00:00,43.43,1430,
2018-10-18 04:00:00,43.46,1460,
2018-10-18 08:00:00,43.5,1490,5.27
2018-10-18 12:00:00,43.51,1500,
2018-10-18 16:00:00,43.49,1480,
2018-10-18 20:00:00,43.5,1490,
2018-10-19 00:00:00,43.49,1480,
2018-10-19 04:00:00,43.48,1480,
2018-10-19 08:00:00,43.46,1460,4.06
2018-10-19 12:00:00,43.45,1450,
2018-10-19 16:00:00,43.49,1480,
2018-10-19 20:00:00,43.47,1470,
2018-10-20 00:00:00,43.49,1480,
2018-10-20 04:00:00,43.48,1480,
2018-10-20 08:00:00,43.51,1500,3.28
2018-10-20 10:00:00,43.53,1510,
2018-10-20 12:00:00,43.51,1500,
2018-10-20 16:00:00,43.5,1490,
2018-10-20 20:00:00,43.46,1460,
2018-10-21 00:00:00,43.42,1420,
2018-10-21 04:00:00,43.39,1390,
2018-10-21 08:00:00,43.33,1310,2.76
2018-10-21 12:00:00,43.33,1310,
2018-10-21 16:00:00,43.31,1290,
2018-10-21 20:00:00,43.31,1290,
2018-10-22 00:00:00,43.26,1230,
2018-10-22 04:00:00,43.25,1210,
2018-10-22 08:00:00,43.24,1200,2.54
2018-10-22 12:00:00,43.23,1190,
2018-10-22 16:00:00,43.23,1190,
2018-10-22 20:00:00,43.22,1180,
2018-10-23 00:00:00,43.23,1190,
2018-10-23 04:00:00,43.3,1270,
2018-10-23 08:00:00,43.33,1310,2.35
2018-10-23 12:00:00,43.36,1350,
2018-10-23 16:00:00,43.36,1350,
2018-10-23 18:00:00,43.41,1410,
2018-10-23 20:00:00,43.42,1420,
2018-10-24 00:00:00,43.43,1430,
2018-10-24 04:00:00,43.43,1430,
2018-10-24 08:00:00,43.46,1460,3.19
2018-10-24 12:00:00,43.44,1440,
2018-10-24 16:00:00,43.4,1400,
2018-10-24 20:00:00,43.37,1360,
2018-10-25 00:00:00,43.34,1320,
2018-10-25 04:00:00,43.31,1290,
2018-10-25 08:00:00,43.3,1270,2.69
2018-10-25 12:00:00,43.31,1290,
2018-10-25 16:00:00,43.32,1300,
2018-10-25 20:00:00,43.35,1330,
2018-10-26 00:00:00,43.37,1360,
2018-10-26 04:00:00,43.34,1320,
2018-10-26 08:00:00,43.34,1320,2.71
2018-10-26 12:00:00,43.29,1260,
2018-10-26 16:00:00,43.28,1250,
2018-10-26 20:00:00,43.27,1240,
2018-10-27 00:00:00,43.24,1200,
2018-10-27 04:00:00,43.24,1200,
2018-10-27 08:00:00,43.23,1190,2.75
2018-10-27 12:00:00,43.22,1180,
2018-10-27 16:00:00,43.22,1180,
2018-10-27 20:00:00,43.2,1150,
2018-10-28 00:00:00,43.19,1140,
2018-10-28 04:00:00,43.18,1130,
2018-10-28 08:00:00,43.19,1140,2.54
2018-10-28 12:00:00,43.17,1120,
2018-10-28 16:00:00,43.14,1080,
2018-10-28 20:00:00,43.13,1070,
2018-10-29 00:00:00,43.11,1050,
2018-10-29 04:00:00,43.13,1070,
2018-10-29 08:00:00,43.1,1040,2.72
2018-10-29 09:00:00,43.09,1030,
2018-10-29 12:00:00,43.09,1030,
2018-10-29 16:00:00,43.1,1040,
2018-10-29 20:00:00,43.11,1050,
2018-10-30 00:00:00,43.12,1060,
2018-10-30 04:00:00,43.12,1060,
2018-10-30 08:00:00,43.13,1070,3.34
2018-10-30 12:00:00,43.14,1080,
2018-10-30 16:00:00,43.13,1070,
2018-10-30 20:00:00,43.12,1060,
2018-10-31 00:00:00,43.11,1050,
2018-10-31 04:00:00,43.1,1040,
2018-10-31 08:00:00,43.12,1060,2.56
2018-10-31 12:00:00,43.11,1050,
2018-10-31 16:00:00,43.11,1050,
2018-10-31 20:00:00,43.12,1060,
2018-11-01 00:00:00,43.11,1050,
2018-11-01 04:00:00,43.11,1050,
2018-11-01 08:00:00,43.11,1050,2.54
2018-11-01 12:00:00,43.1,1040,
2018-11-01 16:00:00,43.12,1060,
2018-11-01 20:00:00,43.14,1080,
2018-11-02 00:00:00,43.13,1070,
2018-11-02 04:00:00,43.12,1060,
2018-11-02 08:00:00,43.13,1070,2.78
2018-11-02 12:00:00,43.12,1060,
2018-11-02 16:00:00,43.16,1110,
2018-11-02 20:00:00,43.14,1080,
2018-11-03 00:00:00,43.13,1070,
2018-11-03 04:00:00,43.12,1060,
2018-11-03 08:00:00,43.12,1060,2.68
2018-11-03 12:00:00,43.07,1000,
2018-11-03 16:00:00,43.05,981,
2018-11-03 20:00:00,43.05,981,
2018-11-04 00:00:00,43.0,926,
2018-11-04 04:00:00,42.98,904,
2018-11-04 08:00:00,42.97,893,2.39
2018-11-04 12:00:00,42.94,861,
2018-11-04 16:00:00,42.93,850,
2018-11-04 20:00:00,42.93,850,
2018-11-05 00:00:00,42.88,798,
2018-11-05 04:00:00,42.89,809,
2018-11-05 08:00:00,42.92,840,2.15
2018-11-05 12:00:00,42.89,809,
2018-11-05 16:00:00,42.92,840,
2018-11-05 20:00:00,42.9,819,
2018-11-06 00:00:00,42.89,809,
2018-11-06 04:00:00,42.87,788,
2018-11-06 08:00:00,42.88,798,2.1
2018-11-06 12:00:00,42.88,798,
2018-11-06 16:00:00,42.89,809,
2018-11-06 20:00:00,42.88,798,
2018-11-07 00:00:00,42.88,798,
2018-11-07 04:00:00,42.87,788,
2018-11-07 08:00:00,42.88,798,2.08
2018-11-07 12:00:00,42.86,778,
2018-11-07 16:00:00,42.87,788,
2018-11-07 20:00:00,42.86,778,
2018-11-08 00:00:00,42.86,778,
2018-11-08 04:00:00,42.86,778,
2018-11-08 08:00:00,42.88,798,1.95
2018-11-08 12:00:00,42.85,768,
2018-11-08 16:00:00,42.82,740,
2018-11-08 20:00:00,42.82,740,
2018-11-09 00:00:00,42.81,730,
2018-11-09 04:00:00,42.82,740,
2018-11-09 08:00:00,42.83,749,1.74
2018-11-09 12:00:00,42.8,721,
2018-11-09 16:00:00,42.81,730,
2018-11-09 20:00:00,42.8,721,
2018-11-10 00:00:00,42.77,694,
2018-11-10 04:00:00,42.75,677,
2018-11-10 08:00:00,42.77,694,1.72
2018-11-10 12:00:00,42.74,668,
2018-11-10 16:00:00,42.73,661,
2018-11-10 20:00:00,42.74,668,
2018-11-11 00:00:00,42.72,653,
2018-11-11 04:00:00,42.77,694,
2018-11-11 08:00:00,42.73,661,2.02
2018-11-11 12:00:00,42.72,653,
2018-11-11 16:00:00,42.72,653,
2018-11-11 20:00:00,42.72,653,
2018-11-12 00:00:00,42.71,644,
2018-11-12 04:00:00,42.7,636,
2018-11-12 08:00:00,42.7,636,1.76
2018-11-12 12:00:00,42.71,644,
2018-11-12 14:00:00,42.8,721,
2018-11-12 16:00:00,42.81,730,
2018-11-12 18:00:00,42.73,661,
2018-11-12 20:00:00,42.71,644,
2018-11-13 00:00:00,42.68,620,
2018-11-13 04:00:00,42.68,620,
2018-11-13 08:00:00,42.68,620,1.75
2018-11-13 10:00:00,42.69,628,1.68
2018-11-13 11:00:00,42.67,613,1.82
2018-11-13 12:00:00,42.67,613,
2018-11-13 16:00:00,42.68,620,
2018-11-13 20:00:00,42.67,613,
2018-11-14 00:00:00,42.69,628,
2018-11-14 04:00:00,42.67,613,
2018-11-14 08:00:00,42.66,605,1.6
2018-11-14 12:00:00,42.66,605,
2018-11-14 16:00:00,42.67,613,
2018-11-14 20:00:00,42.68,620,
2018-11-15 00:00:00,42.68,620,
2018-11-15 04:00:00,42.67,613,
2018-11-15 08:00:00,42.67,613,1.86
2018-11-15 12:00:00,42.68,620,
2018-11-15 16:00:00,42.68,620,
2018-11-15 20:00:00,42.66,605,
2018-11-16 00:00:00,42.66,605,
2018-11-16 04:00:00,42.72,653,
2018-11-16 08:00:00,42.85,768,1.81
2018-11-16 10:00:00,42.81,730,
2018-11-16 12:00:00,42.73,661,
2018-11-16 16:00:00,42.71,644,
2018-11-16 20:00:00,42.69,628,
2018-11-17 00:00:00,42.66,605,
2018-11-17 04:00:00,42.65,597,
2018-11-17 08:00:00,42.72,653,1.42
2018-11-17 12:00:00,42.8,721,
2018-11-17 16:00:00,42.68,620,
2018-11-17 20:00:00,42.66,605,
2018-11-18 00:00:00,42.65,597,
2018-11-18 04:00:00,42.69,628,
2018-11-18 08:00:00,42.77,694,1.16
2018-11-18 12:00:00,42.86,778,
2018-11-18 14:00:00,42.7,636,
2018-11-18 16:00:00,42.62,575,
2018-11-18 20:00:00,42.69,628,
2018-11-19 00:00:00,42.66,605,
2018-11-19 04:00:00,42.64,589,
2018-11-19 08:00:00,42.76,685,1.51
2018-11-19 12:00:00,42.83,749,
2018-11-19 16:00:00,42.66,605,
2018-11-19 20:00:00,42.69,628,
2018-11-20 00:00:00,42.63,582,
2018-11-20 04:00:00,42.7,636,
2018-11-20 08:00:00,42.75,677,1.43
2018-11-20 12:00:00,42.76,685,
2018-11-20 16:00:00,42.73,661,
2018-11-20 17:00:00,42.71,644,
2018-11-20 20:00:00,42.64,589,
2018-11-21 00:00:00,42.61,567,
2018-11-21 04:00:00,42.6,560,
2018-11-21 08:00:00,42.64,589,1.49
2018-11-21 12:00:00,42.64,589,
2018-11-21 16:00:00,42.77,694,
2018-11-21 20:00:00,42.69,628,
2018-11-22 00:00:00,42.62,575,
2018-11-22 04:00:00,42.61,567,
2018-11-22 08:00:00,42.63,582,1.72
2018-11-22 12:00:00,42.64,589,
2018-11-22 16:00:00,42.61,567,
2018-11-22 20:00:00,42.61,567,
2018-11-23 00:00:00,42.6,560,
2018-11-23 04:00:00,42.64,589,
2018-11-23 05:00:00,42.7,636,
2018-11-23 06:00:00,42.74,668,
2018-11-23 08:00:00,42.76,685,1.52
2018-11-23 10:00:00,42.75,677,
2018-11-23 12:00:00,42.72,653,
2018-11-23 14:00:00,42.69,628,
2018-11-23 16:00:00,42.84,759,
2018-11-23 18:00:00,42.78,703,
2018-11-23 20:00:00,42.7,487,
2018-11-23 22:00:00,42.65,454,
2018-11-24 00:00:00,42.62,433,
2018-11-24 02:00:00,42.6,420,
2018-11-24 04:00:00,42.59,413,
2018-11-24 06:00:00,42.61,426,
2018-11-24 08:00:00,42.66,460,1.11
2018-11-24 10:00:00,42.78,548,
2018-11-24 12:00:00,42.73,509,
2018-11-24 14:00:00,42.63,440,
2018-11-24 16:00:00,42.65,454,
2018-11-24 18:00:00,42.63,440,
2018-11-24 20:00:00,42.59,413,
2018-11-24 22:00:00,42.58,405,
2018-11-25 00:00:00,42.6,420,
2018-11-25 02:00:00,42.59,413,
2018-11-25 04:00:00,42.61,426,
2018-11-25 06:00:00,42.6,420,
2018-11-25 08:00:00,42.62,433,0.98
2018-11-25 10:00:00,42.62,433,
2018-11-25 12:00:00,42.73,509,
2018-11-25 14:00:00,42.8,564,
2018-11-25 16:00:00,42.71,494,
2018-11-25 18:00:00,42.6,420,
2018-11-25 20:00:00,42.6,420,
2018-11-25 22:00:00,42.6,420,
2018-11-26 00:00:00,42.6,420,
2018-11-26 02:00:00,42.57,399,
2018-11-26 04:00:00,42.54,379,
2018-11-26 06:00:00,42.64,447,
2018-11-26 08:00:00,42.69,480,
2018-11-26 10:00:00,42.81,572,
2018-11-26 12:00:00,42.67,467,
2018-11-26 14:00:00,42.59,413,0.959
2018-11-26 16:00:00,42.59,413,
2018-11-26 18:00:00,42.7,487,
2018-11-26 20:00:00,42.74,517,
2018-11-26 22:00:00,42.7,487,
2018-11-27 00:00:00,42.65,454,
2018-11-27 02:00:00,42.59,413,
2018-11-27 04:00:00,42.55,386,
2018-11-27 06:00:00,42.54,379,
2018-11-27 08:00:00,42.53,373,0.948
2018-11-27 10:00:00,42.57,399,
2018-11-27 12:00:00,42.63,440,
2018-11-27 14:00:00,42.59,413,
2018-11-27 16:00:00,42.58,405,
2018-11-27 18:00:00,42.56,392,
2018-11-27 20:00:00,42.54,379,
2018-11-27 22:00:00,42.62,433,
2018-11-28 00:00:00,42.71,494,
2018-11-28 02:00:00,42.67,467,
2018-11-28 04:00:00,42.64,447,
2018-11-28 06:00:00,42.59,413,
2018-11-28 08:00:00,42.57,399,1.28
2018-11-28 10:00:00,42.56,392,
2018-11-28 12:00:00,42.57,399,
2018-11-28 14:00:00,42.57,399,
2018-11-28 16:00:00,42.54,379,
2018-11-28 18:00:00,42.53,373,
2018-11-28 20:00:00,42.52,367,
2018-11-28 22:00:00,42.54,379,
2018-11-29 00:00:00,42.58,405,
2018-11-29 02:00:00,42.64,447,
2018-11-29 04:00:00,42.69,480,
2018-11-29 06:00:00,42.7,487,
2018-11-29 08:00:00,42.64,447,1.37
2018-11-29 10:00:00,42.6,420,
2018-11-29 12:00:00,42.6,420,
2018-11-29 14:00:00,42.6,420,
2018-11-29 16:00:00,42.65,454,
2018-11-29 18:00:00,42.64,447,
2018-11-29 20:00:00,42.57,399,
2018-11-29 22:00:00,42.55,386,
2018-11-30 00:00:00,42.73,661,
2018-11-30 02:00:00,42.7,636,
2018-11-30 04:00:00,42.64,589,
2018-11-30 06:00:00,42.58,546,
2018-11-30 08:00:00,42.57,539,1.37
2018-11-30 10:00:00,42.54,519,
2018-11-30 12:00:00,42.54,519,
2018-11-30 14:00:00,42.56,532,
2018-11-30 16:00:00,42.55,525,
2018-11-30 18:00:00,42.53,512,
2018-11-30 20:00:00,42.52,505,
2018-11-30 22:00:00,42.5,493,
2018-12-01 00:00:00,42.51,499,
2018-12-01 02:00:00,42.53,512,
2018-12-01 04:00:00,42.57,539,
2018-12-01 06:00:00,42.56,532,
2018-12-01 08:00:00,42.53,512,1.08
2018-12-01 10:00:00,42.5,493,
2018-12-01 12:00:00,42.52,505,
2018-12-01 14:00:00,42.54,519,
2018-12-01 16:00:00,42.52,505,
2018-12-01 18:00:00,42.51,499,
2018-12-01 20:00:00,42.5,493,
2018-12-01 22:00:00,42.51,499,
2018-12-02 00:00:00,42.5,493,
2018-12-02 02:00:00,42.5,493,
2018-12-02 04:00:00,42.51,499,
2018-12-02 06:00:00,42.54,519,
2018-12-02 08:00:00,42.6,560,0.99
2018-12-02 10:00:00,42.61,567,
2018-12-02 12:00:00,42.62,575,
2018-12-02 14:00:00,42.68,620,
2018-12-02 16:00:00,42.58,546,
2018-12-02 18:00:00,42.44,456,
2018-12-02 20:00:00,42.49,486,
2018-12-02 22:00:00,42.65,597,
2018-12-03 00:00:00,42.64,589,
2018-12-03 02:00:00,42.6,560,
2018-12-03 04:00:00,42.54,519,
2018-12-03 06:00:00,42.51,499,
2018-12-03 08:00:00,42.53,512,0.884
2018-12-03 10:00:00,42.54,519,
2018-12-03 12:00:00,42.49,486,
2018-12-03 13:00:00,42.47,474,0.888
2018-12-03 14:00:00,42.47,474,
2018-12-03 16:00:00,42.56,532,
2018-12-03 18:00:00,42.59,553,
2018-12-03 20:00:00,42.53,512,
2018-12-03 22:00:00,42.52,505,
2018-12-04 00:00:00,42.57,539,
2018-12-04 02:00:00,42.64,589,
2018-12-04 04:00:00,42.71,644,
2018-12-04 06:00:00,42.67,613,
2018-12-04 08:00:00,42.62,575,1.44
2018-12-04 10:00:00,42.61,567,
2018-12-04 12:00:00,42.56,532,
2018-12-04 14:00:00,42.49,486,
2018-12-04 16:00:00,42.55,525,
2018-12-04 18:00:00,42.67,613,
2018-12-04 20:00:00,42.6,560,
2018-12-04 22:00:00,42.55,525,
2018-12-05 00:00:00,42.54,519,
2018-12-05 02:00:00,42.57,539,
2018-12-05 04:00:00,42.54,519,
2018-12-05 06:00:00,42.59,553,
2018-12-05 08:00:00,42.64,589,1.14
2018-12-05 10:00:00,42.64,589,
2018-12-05 12:00:00,42.63,582,
2018-12-05 14:00:00,42.58,546,
2018-12-05 16:00:00,42.59,553,
2018-12-05 18:00:00,42.69,628,
2018-12-05 20:00:00,42.69,628,
2018-12-05 22:00:00,42.68,620,
2018-12-06 00:00:00,42.75,677,
2018-12-06 02:00:00,42.68,620,
2018-12-06 04:00:00,42.66,605,
2018-12-06 06:00:00,42.62,575,
2018-12-06 08:00:00,42.59,553,1.4
2018-12-06 10:00:00,42.61,567,
2018-12-06 12:00:00,42.59,553,
2018-12-06 14:00:00,42.58,546,
2018-12-06 16:00:00,42.58,546,
2018-12-06 18:00:00,42.53,512,
2018-12-06 20:00:00,42.53,512,
2018-12-06 22:00:00,42.55,525,
2018-12-07 00:00:00,42.65,597,
2018-12-07 02:00:00,42.75,677,
2018-12-07 04:00:00,42.84,759,
2018-12-07 06:00:00,42.75,677,
2018-12-07 08:00:00,42.67,613,1.35
2018-12-07 10:00:00,42.6,560,
2018-12-07 12:00:00,42.58,546,
2018-12-07 14:00:00,42.59,553,
2018-12-07 16:00:00,42.68,620,
2018-12-07 18:00:00,42.81,730,
2018-12-07 20:00:00,42.73,661,
2018-12-07 22:00:00,42.69,628,
2018-12-08 00:00:00,42.63,582,
2018-12-08 02:00:00,42.61,567,
2018-12-08 04:00:00,42.62,575,
2018-12-08 06:00:00,42.68,620,
2018-12-08 08:00:00,42.7,636,1.21
2018-12-08 10:00:00,42.63,582,
2018-12-08 12:00:00,42.59,553,
2018-12-08 14:00:00,42.61,567,
2018-12-08 16:00:00,42.67,613,
2018-12-08 18:00:00,42.74,668,
2018-12-08 20:00:00,42.8,721,
2018-12-08 22:00:00,42.84,759,
2018-12-09 00:00:00,42.83,749,
2018-12-09 02:00:00,42.77,694,
2018-12-09 04:00:00,42.75,677,
2018-12-09 06:00:00,42.68,620,
2018-12-09 08:00:00,42.66,605,1.01
2018-12-09 10:00:00,42.71,644,
2018-12-09 12:00:00,42.77,694,
2018-12-09 14:00:00,42.72,653,
2018-12-09 16:00:00,42.66,605,
2018-12-09 18:00:00,42.65,597,
2018-12-09 20:00:00,42.77,694,
2018-12-09 22:00:00,42.85,768,
2018-12-10 00:00:00,42.82,740,
2018-12-10 02:00:00,42.76,685,
2018-12-10 04:00:00,42.73,661,
2018-12-10 06:00:00,42.69,628,
2018-12-10 08:00:00,42.68,620,1.06
2018-12-10 10:00:00,42.62,575,
2018-12-10 12:00:00,42.63,582,
2018-12-10 14:00:00,42.62,433,
2018-12-10 16:00:00,42.63,440,
2018-12-10 18:00:00,42.75,524,
2018-12-10 20:00:00,42.83,589,
2018-12-10 22:00:00,42.8,564,
2018-12-11 00:00:00,42.75,524,
2018-12-11 02:00:00,42.78,548,
2018-12-11 04:00:00,42.76,532,
2018-12-11 06:00:00,42.72,502,
2018-12-11 08:00:00,42.66,460,0.857
2018-12-11 10:00:00,42.65,454,
2018-12-11 12:00:00,42.65,454,
2018-12-11 14:00:00,42.66,460,
2018-12-11 16:00:00,42.66,460,
2018-12-11 18:00:00,42.71,494,
2018-12-11 20:00:00,42.79,556,
2018-12-11 22:00:00,42.8,564,
2018-12-12 00:00:00,42.72,502,
2018-12-12 02:00:00,42.66,460,
2018-12-12 04:00:00,42.66,460,
2018-12-12 06:00:00,42.66,460,
2018-12-12 08:00:00,42.6,420,0.866
2018-12-12 10:00:00,42.69,480,
2018-12-12 12:00:00,42.67,467,
2018-12-12 14:00:00,42.6,420,
2018-12-12 16:00:00,42.58,405,
2018-12-12 18:00:00,42.58,405,
2018-12-12 20:00:00,42.62,433,
2018-12-12 21:00:00,42.74,517,
2018-12-12 22:00:00,42.8,564,
2018-12-13 00:00:00,42.82,581,
2018-12-13 02:00:00,42.77,540,
2018-12-13 03:00:00,42.69,480,
2018-12-13 04:00:00,42.62,433,
2018-12-13 06:00:00,42.61,426,
2018-12-13 08:00:00,42.58,405,0.917
2018-12-13 10:00:00,42.58,405,
2018-12-13 12:00:00,42.57,399,
2018-12-13 14:00:00,42.59,413,
2018-12-13 16:00:00,42.63,440,
2018-12-13 18:00:00,42.7,487,
2018-12-13 20:00:00,42.76,532,
2018-12-13 22:00:00,42.8,564,
2018-12-14 00:00:00,42.8,564,
2018-12-14 02:00:00,42.75,524,
2018-12-14 04:00:00,42.67,467,
2018-12-14 06:00:00,42.6,420,
2018-12-14 08:00:00,42.56,392,0.702
2018-12-14 10:00:00,42.55,386,
2018-12-14 12:00:00,42.58,405,
2018-12-14 14:00:00,42.61,426,
2018-12-14 16:00:00,42.66,460,
2018-12-14 18:00:00,42.7,487,
2018-12-14 20:00:00,42.69,480,
2018-12-14 22:00:00,42.67,467,
2018-12-15 00:00:00,42.72,502,
2018-12-15 02:00:00,42.78,548,
2018-12-15 04:00:00,42.79,556,
2018-12-15 06:00:00,42.75,524,
2018-12-15 08:00:00,42.68,474,0.794
2018-12-15 10:00:00,42.6,420,
2018-12-15 12:00:00,42.58,405,
2018-12-15 14:00:00,42.55,386,
2018-12-15 16:00:00,42.54,379,
2018-12-15 18:00:00,42.54,379,
2018-12-15 20:00:00,42.55,386,
2018-12-15 22:00:00,42.68,474,
2018-12-16 00:00:00,42.72,502,
2018-12-16 02:00:00,42.72,502,
2018-12-16 04:00:00,42.62,433,
2018-12-16 06:00:00,42.56,392,
2018-12-16 08:00:00,42.54,379,0.745
2018-12-16 10:00:00,42.54,379,
2018-12-16 12:00:00,42.54,379,
2018-12-16 14:00:00,42.54,379,
2018-12-16 16:00:00,42.56,392,
2018-12-16 18:00:00,42.57,399,
2018-12-16 20:00:00,42.58,405,
2018-12-16 22:00:00,42.72,502,
2018-12-17 00:00:00,42.76,532,
2018-12-17 02:00:00,42.76,532,
2018-12-17 04:00:00,42.68,474,
2018-12-17 06:00:00,42.59,413,
2018-12-17 08:00:00,42.54,379,0.591
2018-12-17 10:00:00,42.52,367,
2018-12-17 12:00:00,42.52,367,
2018-12-17 14:00:00,42.54,379,
2018-12-17 16:00:00,42.57,399,
2018-12-17 18:00:00,42.62,433,
2018-12-17 20:00:00,42.65,454,
2018-12-17 22:00:00,42.66,460,
2018-12-18 00:00:00,42.66,460,
2018-12-18 02:00:00,42.63,440,
2018-12-18 04:00:00,42.58,405,
2018-12-18 06:00:00,42.54,379,
2018-12-18 08:00:00,42.53,373,0.434
2018-12-18 10:00:00,42.53,373,
2018-12-18 12:00:00,42.54,379,
2018-12-18 16:00:00,42.57,399,
2018-12-18 20:00:00,42.57,399,
2018-12-19 00:00:00,42.66,460,
2018-12-19 04:00:00,42.67,467,
2018-12-19 06:00:00,42.61,426,
2018-12-19 08:00:00,42.53,373,0.658
2018-12-19 12:00:00,42.47,337,
2018-12-19 16:00:00,42.48,343,
2018-12-19 20:00:00,42.48,343,
2018-12-20 00:00:00,42.48,343,
2018-12-20 02:00:00,42.58,405,
2018-12-20 04:00:00,42.6,420,
2018-12-20 08:00:00,42.55,386,0.772
2018-12-20 10:00:00,42.48,343,
2018-12-20 12:00:00,42.45,326,
2018-12-20 16:00:00,42.42,311,
2018-12-20 20:00:00,42.43,360,
2018-12-21 00:00:00,42.56,447,
2018-12-21 02:00:00,42.57,454,
2018-12-21 04:00:00,42.52,415,
2018-12-21 06:00:00,42.47,384,
2018-12-21 08:00:00,42.45,372,0.794
2018-12-21 10:00:00,42.42,354,
2018-12-21 12:00:00,42.42,354,
2018-12-21 14:00:00,42.5,403,
2018-12-21 16:00:00,42.53,422,
2018-12-21 18:00:00,42.52,415,
2018-12-21 20:00:00,42.43,360,
2018-12-21 22:00:00,42.4,344,
2018-12-22 00:00:00,42.43,360,
2018-12-22 02:00:00,42.49,396,
2018-12-22 04:00:00,42.53,422,
2018-12-22 06:00:00,42.52,415,
2018-12-22 08:00:00,42.44,366,0.585
2018-12-22 10:00:00,42.38,334,
2018-12-22 12:00:00,42.36,324,
2018-12-22 14:00:00,42.38,334,
2018-12-22 16:00:00,42.42,354,
2018-12-22 18:00:00,42.41,349,
2018-12-22 20:00:00,42.42,354,
2018-12-22 22:00:00,42.43,360,
2018-12-23 00:00:00,42.5,403,
2018-12-23 04:00:00,42.54,429,
2018-12-23 08:00:00,42.39,339,0.601
2018-12-23 12:00:00,42.37,329,
2018-12-23 16:00:00,42.38,334,
2018-12-23 20:00:00,42.39,339,
2018-12-24 00:00:00,42.4,344,
2018-12-24 04:00:00,42.53,422,
2018-12-24 08:00:00,42.51,408,0.799
2018-12-24 12:00:00,42.45,372,
2018-12-24 16:00:00,42.44,366,
2018-12-24 20:00:00,42.48,390,
2018-12-25 00:00:00,42.58,462,
2018-12-25 04:00:00,42.48,390,
2018-12-25 08:00:00,42.47,384,0.886
2018-12-25 12:00:00,42.46,378,
2018-12-25 16:00:00,42.47,384,
2018-12-25 20:00:00,42.53,422,
2018-12-26 00:00:00,42.45,372,
2018-12-26 04:00:00,42.43,360,
2018-12-26 08:00:00,42.42,354,0.81
2018-12-26 12:00:00,42.43,360,
2018-12-26 16:00:00,42.41,349,
2018-12-26 20:00:00,42.41,349,
2018-12-27 00:00:00,42.42,354,
2018-12-27 04:00:00,42.47,384,
2018-12-27 08:00:00,42.51,408,0.91
2018-12-27 12:00:00,42.5,403,
2018-12-27 16:00:00,42.47,384,
2018-12-27 20:00:00,42.45,372,
2018-12-28 00:00:00,42.42,354,
2018-12-28 04:00:00,42.42,354,
2018-12-28 08:00:00,42.41,349,0.723
2018-12-28 12:00:00,42.42,354,
2018-12-28 16:00:00,42.42,354,
2018-12-28 20:00:00,42.45,372,
2018-12-29 00:00:00,42.46,378,
2018-12-29 04:00:00,42.48,390,
2018-12-29 08:00:00,42.49,396,0.911
2018-12-29 12:00:00,42.48,390,
2018-12-29 16:00:00,42.48,390,
2018-12-29 20:00:00,42.5,403,
2018-12-30 00:00:00,42.51,408,
2018-12-30 04:00:00,42.51,408,
2018-12-30 08:00:00,42.51,408,0.839
2018-12-30 12:00:00,42.51,408,
2018-12-30 16:00:00,42.49,396,
2018-12-30 20:00:00,42.49,396,
2018-12-31 00:00:00,42.49,396,
2018-12-31 04:00:00,42.48,390,
2018-12-31 08:00:00,42.49,396,0.734
2018-12-31 12:00:00,42.48,390,
2018-12-31 16:00:00,42.47,384,
2018-12-31 20:00:00,42.48,390,
2019-01-01 00:00:00,42.48,390,0.882
2019-01-01 04:00:00,42.48,390,
2019-01-01 08:00:00,42.48,390,0.922
2019-01-01 11:00:00,42.48,390,0.915
2019-01-01 12:00:00,42.47,384,
2019-01-01 16:00:00,42.46,377,
2019-01-01 20:00:00,42.46,377,
2019-01-02 00:00:00,42.46,377,
2019-01-02 02:00:00,42.46,377,
2019-01-02 08:00:00,42.45,370,0.891
2019-01-02 12:00:00,42.44,364,
2019-01-02 16:00:00,42.44,364,
2019-01-02 20:00:00,42.44,364,
2019-01-03 00:00:00,42.44,364,
2019-01-03 04:00:00,42.44,364,
2019-01-03 08:00:00,42.43,358,0.833
2019-01-03 12:00:00,42.42,353,
2019-01-03 16:00:00,42.41,347,
2019-01-03 20:00:00,42.42,353,
2019-01-04 00:00:00,42.42,353,
2019-01-04 04:00:00,42.42,353,
2019-01-04 08:00:00,42.42,353,0.683
2019-01-04 12:00:00,42.4,344,
2019-01-04 16:00:00,42.4,344,
2019-01-04 20:00:00,42.4,344,
2019-01-05 00:00:00,42.38,334,
2019-01-05 04:00:00,42.37,329,
2019-01-05 08:00:00,42.37,329,0.679
2019-01-05 12:00:00,42.37,329,
2019-01-05 16:00:00,42.35,320,
2019-01-05 20:00:00,42.36,360,
2019-01-06 00:00:00,42.36,360,
2019-01-06 04:00:00,42.35,353,
2019-01-06 08:00:00,42.35,353,0.808
2019-01-06 12:00:00,42.35,353,
2019-01-06 16:00:00,42.34,347,
2019-01-06 20:00:00,42.35,353,
2019-01-07 00:00:00,42.34,347,
2019-01-07 04:00:00,42.34,347,
2019-01-07 08:00:00,42.34,347,0.728
2019-01-07 10:00:00,42.34,347,
2019-01-07 12:00:00,42.33,340,
2019-01-07 16:00:00,42.32,334,
2019-01-07 20:00:00,42.33,340,
2019-01-08 00:00:00,42.33,340,
2019-01-08 04:00:00,42.33,340,
2019-01-08 08:00:00,42.32,334,0.725
2019-01-08 12:00:00,42.31,327,
2019-01-08 16:00:00,42.31,327,
2019-01-08 20:00:00,42.3,320,
2019-01-09 00:00:00,42.3,320,
2019-01-09 04:00:00,42.3,320,
2019-01-09 08:00:00,42.3,320,0.702
2019-01-09 12:00:00,42.3,320,
2019-01-09 16:00:00,42.3,320,
2019-01-09 20:00:00,42.29,314,
2019-01-10 00:00:00,42.3,320,
2019-01-10 04:00:00,42.3,320,
2019-01-10 08:00:00,42.3,320,0.724
2019-01-10 10:00:00,42.29,314,
2019-01-10 12:00:00,42.29,314,
2019-01-10 16:00:00,42.29,314,
2019-01-10 20:00:00,42.3,320,
2019-01-11 00:00:00,42.3,320,
2019-01-11 04:00:00,42.29,314,
2019-01-11 08:00:00,42.3,320,0.827
2019-01-11 12:00:00,42.29,314,
2019-01-11 16:00:00,42.3,320,
2019-01-11 20:00:00,42.3,320,
2019-01-12 00:00:00,42.3,320,
2019-01-12 04:00:00,42.29,314,
2019-01-12 08:00:00,42.28,308,0.859
2019-01-12 12:00:00,42.26,297,
2019-01-12 16:00:00,42.27,302,
2019-01-12 20:00:00,42.27,302,
2019-01-13 00:00:00,42.25,292,
2019-01-13 04:00:00,42.26,333,
2019-01-13 08:00:00,42.26,333,0.855
2019-01-13 12:00:00,42.26,333,
2019-01-13 16:00:00,42.26,333,
2019-01-13 20:00:00,42.25,329,
2019-01-14 00:00:00,42.26,333,
2019-01-14 04:00:00,42.26,333,
2019-01-14 08:00:00,42.27,337,0.915
2019-01-14 12:00:00,42.28,342,
2019-01-14 16:00:00,42.28,342,
2019-01-14 20:00:00,42.29,347,
2019-01-15 00:00:00,42.28,342,
2019-01-15 04:00:00,42.28,342,
2019-01-15 08:00:00,42.29,347,0.823
2019-01-15 12:00:00,42.29,347,
2019-01-15 16:00:00,42.28,342,
2019-01-15 20:00:00,42.28,342,
2019-01-16 00:00:00,42.28,342,
2019-01-16 04:00:00,42.27,337,
2019-01-16 08:00:00,42.26,333,0.824
2019-01-16 12:00:00,42.26,333,
2019-01-16 16:00:00,42.25,329,
2019-01-16 20:00:00,42.27,337,
2019-01-17 00:00:00,42.27,337,
2019-01-17 04:00:00,42.27,337,
2019-01-17 08:00:00,42.27,337,0.895
2019-01-17 12:00:00,42.25,329,
2019-01-17 16:00:00,42.25,329,
2019-01-17 20:00:00,42.26,333,
2019-01-18 00:00:00,42.25,329,
2019-01-18 04:00:00,42.25,329,
2019-01-18 08:00:00,42.25,329,0.762
2019-01-18 10:00:00,42.26,333,
2019-01-18 12:00:00,42.26,333,
2019-01-18 16:00:00,42.24,326,
2019-01-18 20:00:00,42.25,329,
2019-01-19 00:00:00,42.25,329,
2019-01-19 04:00:00,42.26,333,
2019-01-19 08:00:00,42.27,337,1.08
2019-01-19 12:00:00,42.27,337,
2019-01-19 16:00:00,42.28,342,
2019-01-19 20:00:00,42.29,347,
2019-01-20 00:00:00,42.29,347,
2019-01-20 04:00:00,42.29,347,
2019-01-20 08:00:00,42.29,347,0.764
2019-01-20 12:00:00,42.29,347,
2019-01-20 16:00:00,42.29,347,
2019-01-20 20:00:00,42.3,352,
2019-01-21 00:00:00,42.3,352,
2019-01-21 04:00:00,42.3,352,
2019-01-21 08:00:00,42.3,352,0.853
2019-01-21 12:00:00,42.3,352,
2019-01-21 16:00:00,42.29,347,
2019-01-21 20:00:00,42.29,347,
2019-01-22 00:00:00,42.28,342,
2019-01-22 04:00:00,42.28,342,
2019-01-22 08:00:00,42.29,347,0.953
2019-01-22 12:00:00,42.28,342,
2019-01-22 16:00:00,42.29,347,
2019-01-22 20:00:00,42.29,347,
2019-01-23 00:00:00,42.29,347,
2019-01-23 04:00:00,42.3,352,
2019-01-23 08:00:00,42.3,352,0.862
2019-01-23 12:00:00,42.28,342,
2019-01-23 16:00:00,42.27,337,
2019-01-23 20:00:00,42.28,342,
2019-01-24 00:00:00,42.26,333,
2019-01-24 04:00:00,42.25,329,
2019-01-24 08:00:00,42.24,326,0.925
2019-01-24 12:00:00,42.22,319,
2019-01-24 16:00:00,42.23,322,
2019-01-24 20:00:00,42.22,319,
2019-01-25 00:00:00,42.2,312,
2019-01-25 04:00:00,42.2,312,
2019-01-25 08:00:00,42.19,310,0.979
2019-01-25 12:00:00,42.18,307,
2019-01-25 16:00:00,42.18,307,
2019-01-25 20:00:00,42.19,310,
2019-01-26 00:00:00,42.18,307,
2019-01-26 04:00:00,42.17,305,
2019-01-26 08:00:00,42.19,310,0.734
2019-01-26 12:00:00,42.19,310,
2019-01-26 16:00:00,42.2,312,
2019-01-26 20:00:00,42.21,315,
2019-01-27 00:00:00,42.19,310,
2019-01-27 04:00:00,42.18,307,
2019-01-27 08:00:00,42.18,307,0.934
2019-01-27 12:00:00,42.16,302,
2019-01-27 16:00:00,42.16,302,
2019-01-27 20:00:00,42.17,305,
2019-01-28 00:00:00,42.16,302,
2019-01-28 04:00:00,42.15,301,
2019-01-28 08:00:00,42.14,299,0.805
2019-01-28 12:00:00,42.14,299,
2019-01-28 16:00:00,42.13,297,
2019-01-28 20:00:00,42.15,301,
2019-01-29 00:00:00,42.14,299,
2019-01-29 04:00:00,42.14,299,
2019-01-29 08:00:00,42.12,296,0.917
2019-01-29 12:00:00,42.12,296,
2019-01-29 16:00:00,42.12,296,
2019-01-29 20:00:00,42.12,296,
2019-01-30 00:00:00,42.14,299,
2019-01-30 04:00:00,42.14,299,
2019-01-30 08:00:00,42.14,299,0.822
2019-01-30 12:00:00,42.12,296,
2019-01-30 16:00:00,42.14,299,
2019-01-30 20:00:00,42.13,297,
2019-01-31 00:00:00,42.12,296,
2019-01-31 02:00:00,42.13,297,
2019-01-31 04:00:00,42.17,305,
2019-01-31 06:00:00,42.24,326,
2019-01-31 08:00:00,42.34,376,1.6
2019-01-31 10:00:00,42.42,432,
2019-01-31 12:00:00,42.49,489,
2019-01-31 14:00:00,42.54,532,
2019-01-31 16:00:00,42.6,588,
2019-01-31 18:00:00,42.63,616,
2019-01-31 20:00:00,42.68,664,
2019-01-31 22:00:00,42.66,645,
2019-02-01 00:00:00,42.68,664,
2019-02-01 02:00:00,42.68,664,
2019-02-01 04:00:00,42.68,664,
2019-02-01 06:00:00,42.67,655,
2019-02-01 08:00:00,42.68,664,1.64
2019-02-01 12:00:00,42.7,684,
2019-02-01 16:00:00,42.7,684,
2019-02-01 20:00:00,42.68,664,
2019-02-02 00:00:00,42.68,664,
2019-02-02 04:00:00,42.66,645,
2019-02-02 08:00:00,42.71,694,2.38
2019-02-02 12:00:00,42.71,694,
2019-02-02 16:00:00,42.68,664,
2019-02-02 20:00:00,42.73,714,
2019-02-03 00:00:00,42.72,704,
2019-02-03 04:00:00,42.71,694,
2019-02-03 08:00:00,42.68,664,1.96
2019-02-03 12:00:00,42.68,664,
2019-02-03 16:00:00,42.68,664,
2019-02-03 20:00:00,42.66,645,
2019-02-04 00:00:00,42.67,655,
2019-02-04 04:00:00,42.65,635,
2019-02-04 08:00:00,42.65,635,1.7
2019-02-04 12:00:00,42.65,635,
2019-02-04 14:00:00,42.63,616,
2019-02-04 16:00:00,42.59,578,
2019-02-04 20:00:00,42.63,616,
2019-02-05 00:00:00,42.66,645,
2019-02-05 04:00:00,42.64,626,
2019-02-05 08:00:00,42.61,597,1.75
2019-02-05 12:00:00,42.6,588,
2019-02-05 16:00:00,42.58,568,
2019-02-05 20:00:00,42.59,578,
2019-02-06 00:00:00,42.57,559,
2019-02-06 04:00:00,42.54,532,
2019-02-06 05:00:00,42.53,523,
2019-02-06 08:00:00,42.59,578,1.09
2019-02-06 12:00:00,42.59,578,
2019-02-06 16:00:00,42.63,616,
2019-02-06 20:00:00,42.66,645,
2019-02-07 00:00:00,42.68,664,
2019-02-07 04:00:00,42.74,724,
2019-02-07 08:00:00,42.76,744,1.26
2019-02-07 10:00:00,42.72,704,
2019-02-07 12:00:00,42.71,694,
2019-02-07 14:00:00,42.84,538,
2019-02-07 16:00:00,42.9,567,
2019-02-07 18:00:00,42.82,528,
2019-02-07 20:00:00,42.76,498,
2019-02-08 00:00:00,42.89,671,
2019-02-08 02:00:00,42.91,689,
2019-02-08 04:00:00,42.89,671,
2019-02-08 06:00:00,42.8,598,
2019-02-08 08:00:00,42.75,562,1.34
2019-02-08 10:00:00,42.84,629,
2019-02-08 12:00:00,42.81,605,
2019-02-08 14:00:00,42.7,534,
2019-02-08 16:00:00,42.69,529,
2019-02-08 18:00:00,42.74,556,
2019-02-08 20:00:00,42.82,613,
2019-02-08 22:00:00,42.79,590,
2019-02-09 00:00:00,42.68,524,
2019-02-09 02:00:00,42.69,529,
2019-02-09 04:00:00,42.84,629,
2019-02-09 06:00:00,42.88,662,
2019-02-09 08:00:00,42.86,645,1.02
2019-02-09 12:00:00,42.84,629,
2019-02-09 16:00:00,42.8,598,
2019-02-09 20:00:00,42.87,653,
2019-02-10 00:00:00,42.93,708,
2019-02-10 01:00:00,42.95,727,
2019-02-10 02:00:00,42.91,689,
2019-02-10 04:00:00,42.84,629,
2019-02-10 06:00:00,42.8,598,
2019-02-10 08:00:00,42.89,671,1.38
2019-02-10 10:00:00,42.96,737,
2019-02-10 12:00:00,42.94,718,
2019-02-10 14:00:00,42.88,662,
2019-02-10 16:00:00,42.9,680,
2019-02-10 18:00:00,42.9,680,
2019-02-10 20:00:00,42.87,653,
2019-02-10 22:00:00,42.86,645,
2019-02-11 00:00:00,42.86,645,
2019-02-11 01:00:00,42.89,671,
2019-02-11 02:00:00,42.93,708,
2019-02-11 04:00:00,42.98,865,
2019-02-11 06:00:00,42.98,865,
2019-02-11 08:00:00,42.92,797,1.74
2019-02-11 10:00:00,42.9,776,
2019-02-11 12:00:00,42.9,776,
2019-02-11 14:00:00,42.9,776,
2019-02-11 16:00:00,42.91,787,
2019-02-11 18:00:00,42.92,797,
2019-02-11 20:00:00,42.89,766,
2019-02-11 22:00:00,42.89,766,
2019-02-12 00:00:00,42.88,758,
2019-02-12 02:00:00,42.9,776,
2019-02-12 04:00:00,42.88,758,
2019-02-12 06:00:00,42.88,758,
2019-02-12 08:00:00,42.87,748,2.24
2019-02-12 10:00:00,42.82,701,
2019-02-12 12:00:00,42.83,710,
2019-02-12 14:00:00,42.86,738,
2019-02-12 16:00:00,42.86,738,
2019-02-12 18:00:00,42.86,738,
2019-02-12 20:00:00,42.84,719,
2019-02-12 22:00:00,42.8,682,
2019-02-13 00:00:00,42.78,665,
2019-02-13 02:00:00,42.74,633,
2019-02-13 04:00:00,42.75,641,
2019-02-13 06:00:00,42.79,674,
2019-02-13 08:00:00,42.82,701,2.2
2019-02-13 10:00:00,42.87,748,
2019-02-13 12:00:00,42.95,830,
2019-02-13 14:00:00,43.05,953,
2019-02-13 16:00:00,43.0,891,
2019-02-13 18:00:00,42.91,689,
2019-02-13 20:00:00,42.98,758,
2019-02-13 22:00:00,42.92,699,
2019-02-14 00:00:00,42.86,645,
2019-02-14 02:00:00,42.85,637,
2019-02-14 04:00:00,42.85,637,
2019-02-14 06:00:00,43.07,854,
2019-02-14 08:00:00,43.08,865,2.33
2019-02-14 10:00:00,42.96,737,
2019-02-14 11:00:00,42.86,645,
2019-02-14 12:00:00,42.79,590,
2019-02-14 14:00:00,42.8,598,
2019-02-14 15:00:00,42.82,613,
2019-02-14 16:00:00,43.0,891,
2019-02-14 18:00:00,43.0,891,
2019-02-14 20:00:00,42.92,797,
2019-02-14 22:00:00,42.87,748,
2019-02-15 00:00:00,42.84,719,
2019-02-15 02:00:00,42.82,701,
2019-02-15 04:00:00,42.81,692,
2019-02-15 06:00:00,42.83,710,
2019-02-15 08:00:00,42.81,692,1.88
2019-02-15 12:00:00,42.81,692,
2019-02-15 16:00:00,42.8,682,
2019-02-15 20:00:00,42.82,701,
2019-02-16 00:00:00,42.8,682,
2019-02-16 02:00:00,42.82,701,
2019-02-16 04:00:00,42.81,692,
2019-02-16 06:00:00,42.83,710,
2019-02-16 08:00:00,42.83,710,2.19
2019-02-16 10:00:00,42.83,710,
2019-02-16 12:00:00,42.84,719,
2019-02-16 13:00:00,42.9,776,
2019-02-16 14:00:00,42.95,830,
2019-02-16 15:00:00,42.98,865,
2019-02-16 16:00:00,43.02,915,
2019-02-16 18:00:00,43.07,979,
2019-02-16 20:00:00,43.05,953,
2019-02-16 21:00:00,43.0,891,
2019-02-16 22:00:00,42.96,842,
2019-02-17 00:00:00,42.95,830,
2019-02-17 02:00:00,42.91,787,
2019-02-17 04:00:00,42.87,748,
2019-02-17 06:00:00,42.85,729,
2019-02-17 08:00:00,42.84,719,2.78
2019-02-17 10:00:00,42.85,729,
2019-02-17 12:00:00,42.9,776,
2019-02-17 14:00:00,42.92,797,
2019-02-17 16:00:00,42.91,787,
2019-02-17 18:00:00,42.92,797,
2019-02-17 20:00:00,42.98,967,
2019-02-17 22:00:00,42.94,925,
2019-02-18 00:00:00,42.95,936,
2019-02-18 02:00:00,42.91,894,
2019-02-18 04:00:00,42.92,905,
2019-02-18 06:00:00,42.94,925,
2019-02-18 08:00:00,42.92,905,3.7
2019-02-18 10:00:00,42.93,915,
2019-02-18 12:00:00,42.91,894,3.08
2019-02-18 14:00:00,42.93,915,
2019-02-18 16:00:00,42.97,957,
2019-02-18 18:00:00,43.03,1020,
2019-02-18 20:00:00,43.05,1040,
2019-02-18 22:00:00,43.09,1080,
2019-02-18 23:00:00,43.11,1100,
2019-02-19 00:00:00,43.14,1130,
2019-02-19 02:00:00,43.18,1170,
2019-02-19 04:00:00,43.17,1160,
2019-02-19 06:00:00,43.2,1180,
2019-02-19 08:00:00,43.24,1220,3.31
2019-02-19 10:00:00,43.24,1220,
2019-02-19 12:00:00,43.26,1240,
2019-02-19 14:00:00,43.25,1230,
2019-02-19 16:00:00,43.24,1220,
2019-02-19 18:00:00,43.24,1220,
2019-02-19 20:00:00,43.23,1210,
2019-02-19 22:00:00,43.2,1140,
2019-02-20 00:00:00,43.17,1110,
2019-02-20 02:00:00,43.14,1070,
2019-02-20 04:00:00,43.12,1050,
2019-02-20 06:00:00,43.11,1030,
2019-02-20 08:00:00,43.1,1020,3.85
2019-02-20 10:00:00,43.08,992,
2019-02-20 12:00:00,43.07,979,
2019-02-20 14:00:00,43.06,966,
2019-02-20 16:00:00,43.04,941,
2019-02-20 18:00:00,43.03,928,
2019-02-20 20:00:00,43.04,941,
2019-02-20 22:00:00,43.03,928,
2019-02-21 00:00:00,43.04,941,
2019-02-21 02:00:00,43.05,953,
2019-02-21 04:00:00,43.06,966,
2019-02-21 06:00:00,43.07,979,
2019-02-21 08:00:00,43.1,1020,3.47
2019-02-21 10:00:00,43.12,1050,
2019-02-21 12:00:00,43.11,1030,
2019-02-21 14:00:00,43.09,876,
2019-02-21 16:00:00,43.11,898,
2019-02-21 18:00:00,43.13,920,
2019-02-21 20:00:00,43.13,920,
2019-02-21 22:00:00,43.13,920,
2019-02-22 00:00:00,43.15,942,
2019-02-22 02:00:00,43.17,964,
2019-02-22 04:00:00,43.16,953,
2019-02-22 06:00:00,43.19,986,
2019-02-22 08:00:00,43.19,986,3.66
2019-02-22 10:00:00,43.19,986,
2019-02-22 12:00:00,43.17,964,
2019-02-22 14:00:00,43.16,953,
2019-02-22 16:00:00,43.14,931,
2019-02-22 18:00:00,43.13,920,
2019-02-22 20:00:00,43.1,887,
2019-02-22 22:00:00,43.09,876,
2019-02-23 00:00:00,43.07,854,
2019-02-23 02:00:00,43.06,843,
2019-02-23 04:00:00,43.04,822,
2019-02-23 06:00:00,43.01,790,
2019-02-23 08:00:00,43.0,779,3.14
2019-02-23 12:00:00,43.02,800,
2019-02-23 16:00:00,43.03,811,
2019-02-23 20:00:00,43.0,779,
2019-02-23 23:00:00,42.98,758,
2019-02-24 00:00:00,42.98,758,
2019-02-24 02:00:00,42.97,747,
2019-02-24 04:00:00,42.96,737,
2019-02-24 06:00:00,42.97,747,
2019-02-24 08:00:00,42.93,708,2.94
2019-02-24 10:00:00,43.0,779,
2019-02-24 11:00:00,43.07,854,
2019-02-24 12:00:00,43.1,887,
2019-02-24 14:00:00,43.15,942,
2019-02-24 16:00:00,43.21,1010,
2019-02-24 18:00:00,43.22,1020,
2019-02-24 19:00:00,43.13,707,
2019-02-24 20:00:00,43.06,661,
2019-02-24 22:00:00,42.97,606,
2019-02-25 00:00:00,42.92,578,
2019-02-25 02:00:00,42.91,572,
2019-02-25 04:00:00,42.92,578,
2019-02-25 06:00:00,42.88,558,
2019-02-25 08:00:00,42.94,588,2.33
2019-02-25 09:00:00,43.06,661,
2019-02-25 10:00:00,43.11,694,
2019-02-25 12:00:00,43.12,700,
2019-02-25 14:00:00,43.1,687,
2019-02-25 16:00:00,43.16,726,
2019-02-25 17:00:00,43.12,700,
2019-02-25 18:00:00,43.04,648,
2019-02-25 19:00:00,42.98,611,
2019-02-25 20:00:00,42.94,588,
2019-02-25 22:00:00,42.9,567,
2019-02-26 00:00:00,42.87,553,
2019-02-26 02:00:00,42.85,543,
2019-02-26 04:00:00,42.86,548,
2019-02-26 06:00:00,42.9,567,
2019-02-26 08:00:00,42.94,588,1.75
2019-02-26 10:00:00,42.88,558,
2019-02-26 12:00:00,42.85,543,
2019-02-26 14:00:00,42.85,543,
2019-02-26 15:00:00,42.89,562,
2019-02-26 16:00:00,43.09,681,
2019-02-26 18:00:00,43.03,642,
2019-02-26 19:00:00,42.95,594,
2019-02-26 20:00:00,42.87,553,
2019-02-26 22:00:00,42.84,538,
2019-02-27 00:00:00,42.84,538,
2019-02-27 02:00:00,42.88,558,
2019-02-27 04:00:00,42.93,583,
2019-02-27 05:00:00,43.01,630,
2019-02-27 06:00:00,43.04,648,
2019-02-27 08:00:00,43.06,661,1.38
2019-02-27 09:00:00,43.07,668,
2019-02-27 10:00:00,43.07,668,
2019-02-27 11:00:00,43.03,642,
2019-02-27 12:00:00,42.97,606,
2019-02-27 14:00:00,42.94,588,
2019-02-27 15:00:00,42.98,611,
2019-02-27 16:00:00,43.05,655,
2019-02-27 18:00:00,42.98,611,
2019-02-27 19:00:00,42.93,583,
2019-02-27 20:00:00,42.88,558,
2019-02-27 22:00:00,42.83,533,
2019-02-28 00:00:00,42.82,528,
2019-02-28 02:00:00,42.82,528,
2019-02-28 04:00:00,42.82,528,
2019-02-28 06:00:00,42.86,548,
2019-02-28 08:00:00,42.9,567,1.2
2019-02-28 10:00:00,42.96,600,
2019-02-28 12:00:00,43.06,661,
2019-02-28 14:00:00,43.03,642,
2019-02-28 15:00:00,42.97,606,
2019-02-28 16:00:00,42.92,578,
2019-02-28 18:00:00,42.84,538,
2019-02-28 20:00:00,42.81,523,
2019-02-28 22:00:00,42.81,523,
2019-03-01 00:00:00,42.8,517,
2019-03-01 02:00:00,42.8,517,
2019-03-01 04:00:00,42.8,517,
2019-03-01 06:00:00,42.8,517,
2019-03-01 08:00:00,42.8,517,1.48
2019-03-01 10:00:00,42.83,814,
2019-03-01 12:00:00,42.81,794,
2019-03-01 14:00:00,42.79,774,
2019-03-01 16:00:00,42.79,774,
2019-03-01 18:00:00,42.79,774,
2019-03-01 20:00:00,42.79,774,
2019-03-01 22:00:00,42.81,794,
2019-03-02 00:00:00,42.78,764,
2019-03-02 04:00:00,42.79,774,
2019-03-02 08:00:00,42.77,754,1.8
2019-03-02 12:00:00,42.78,764,
2019-03-02 16:00:00,42.78,764,
2019-03-02 20:00:00,42.77,754,
2019-03-03 00:00:00,42.77,754,
2019-03-03 02:00:00,42.76,744,
2019-03-03 04:00:00,42.76,744,
2019-03-03 06:00:00,42.75,734,
2019-03-03 08:00:00,42.76,744,2.03
2019-03-03 10:00:00,42.77,754,
2019-03-03 12:00:00,42.8,784,
2019-03-03 14:00:00,42.78,764,
2019-03-03 16:00:00,42.79,774,
2019-03-03 18:00:00,42.78,764,
2019-03-03 20:00:00,42.79,774,
2019-03-03 22:00:00,42.81,794,
2019-03-04 00:00:00,42.84,944,
2019-03-04 02:00:00,42.83,935,
2019-03-04 04:00:00,42.82,925,
2019-03-04 06:00:00,42.84,944,
2019-03-04 08:00:00,42.84,944,2.86
2019-03-04 10:00:00,42.83,935,
2019-03-04 12:00:00,42.83,935,
2019-03-04 14:00:00,42.83,935,
2019-03-04 16:00:00,42.82,925,
2019-03-04 18:00:00,42.83,935,
2019-03-04 20:00:00,42.85,953,
2019-03-04 22:00:00,42.88,978,
2019-03-05 00:00:00,42.87,969,
2019-03-05 04:00:00,42.89,986,
2019-03-05 08:00:00,42.86,961,3.33
2019-03-05 10:00:00,42.87,969,
2019-03-05 12:00:00,42.88,978,
2019-03-05 16:00:00,42.87,969,
2019-03-05 20:00:00,42.87,969,
2019-03-06 00:00:00,42.85,953,
2019-03-06 04:00:00,42.84,944,
2019-03-06 08:00:00,42.8,904,2.86
2019-03-06 12:00:00,42.84,944,
2019-03-06 16:00:00,42.81,916,
2019-03-06 20:00:00,42.81,916,
2019-03-07 00:00:00,42.79,894,
2019-03-07 04:00:00,42.79,894,
2019-03-07 08:00:00,42.79,894,2.34
2019-03-07 10:00:00,42.77,874,
2019-03-07 12:00:00,42.75,855,
2019-03-07 16:00:00,42.72,826,
2019-03-07 20:00:00,42.74,845,
2019-03-08 00:00:00,42.75,855,
2019-03-08 04:00:00,42.76,864,
2019-03-08 08:00:00,42.76,864,2.08
2019-03-08 12:00:00,42.73,835,
2019-03-08 16:00:00,42.71,817,
2019-03-08 20:00:00,42.73,835,
2019-03-09 00:00:00,42.72,826,
2019-03-09 04:00:00,42.73,835,
2019-03-09 08:00:00,42.73,835,2.02
2019-03-09 12:00:00,42.71,817,
2019-03-09 14:00:00,42.69,798,
2019-03-09 16:00:00,42.71,817,
2019-03-09 20:00:00,42.74,845,
2019-03-10 00:00:00,42.74,845,
2019-03-10 04:00:00,42.75,855,
2019-03-10 08:00:00,42.77,874,2.18
2019-03-10 12:00:00,42.85,953,
2019-03-10 16:00:00,42.84,944,
2019-03-10 18:00:00,42.81,916,
2019-03-10 20:00:00,42.83,935,
2019-03-10 22:00:00,42.87,969,
2019-03-11 00:00:00,42.89,986,
2019-03-11 02:00:00,42.87,969,
2019-03-11 04:00:00,42.89,986,
2019-03-11 06:00:00,42.94,1030,
2019-03-11 08:00:00,42.94,1030,2.76
2019-03-11 10:00:00,42.93,1020,
2019-03-11 12:00:00,42.91,1000,
2019-03-11 14:00:00,42.91,1000,
2019-03-11 16:00:00,42.91,1000,
2019-03-11 18:00:00,42.95,1030,
2019-03-11 20:00:00,42.94,1030,
2019-03-11 22:00:00,42.93,1020,
2019-03-12 00:00:00,42.95,1030,
2019-03-12 04:00:00,42.95,1030,
2019-03-12 08:00:00,42.96,1040,3.07
2019-03-12 12:00:00,42.96,1040,
2019-03-12 16:00:00,42.95,1030,
2019-03-12 20:00:00,42.94,1030,
2019-03-13 00:00:00,42.95,1030,
2019-03-13 04:00:00,42.92,1010,
2019-03-13 08:00:00,42.92,1010,3.14
2019-03-13 12:00:00,42.94,1030,
2019-03-13 16:00:00,42.94,1030,
2019-03-13 20:00:00,42.92,1010,
2019-03-14 00:00:00,42.92,1010,
2019-03-14 04:00:00,42.91,1000,
2019-03-14 08:00:00,42.92,1010,2.97
2019-03-14 10:00:00,42.92,1010,3.07
2019-03-14 12:00:00,42.93,1020,
2019-03-14 16:00:00,42.9,995,
2019-03-14 20:00:00,42.89,986,
2019-03-15 00:00:00,42.92,1010,
2019-03-15 04:00:00,42.93,1020,
2019-03-15 08:00:00,42.95,1030,3.32
2019-03-15 12:00:00,42.93,1020,
2019-03-15 16:00:00,42.96,1040,
2019-03-15 20:00:00,42.95,1030,
2019-03-16 00:00:00,42.92,1010,
2019-03-16 04:00:00,42.92,1010,
2019-03-16 08:00:00,42.93,1020,3.62
2019-03-16 12:00:00,42.92,1010,
2019-03-16 16:00:00,42.9,995,
2019-03-16 20:00:00,42.9,995,
2019-03-17 00:00:00,42.9,995,
2019-03-17 04:00:00,42.89,986,
2019-03-17 08:00:00,42.92,1010,2.87
2019-03-17 12:00:00,42.91,1000,
2019-03-17 16:00:00,42.89,986,
2019-03-17 20:00:00,42.92,1010,
2019-03-18 00:00:00,42.91,1000,
2019-03-18 04:00:00,42.88,978,
2019-03-18 08:00:00,42.88,978,2.86
2019-03-18 12:00:00,42.86,961,
2019-03-18 16:00:00,42.9,995,
2019-03-18 20:00:00,42.9,995,
2019-03-19 00:00:00,42.86,961,
2019-03-19 04:00:00,42.84,944,
2019-03-19 08:00:00,42.87,969,2.7
2019-03-19 12:00:00,42.84,944,
2019-03-19 16:00:00,42.84,944,
2019-03-19 20:00:00,42.86,961,
2019-03-20 00:00:00,42.87,969,
2019-03-20 04:00:00,42.88,978,
2019-03-20 08:00:00,42.89,986,2.66
2019-03-20 12:00:00,42.88,978,
2019-03-20 16:00:00,42.87,969,
2019-03-20 20:00:00,42.9,995,
2019-03-21 00:00:00,42.91,1000,
2019-03-21 04:00:00,42.87,969,
2019-03-21 08:00:00,42.88,978,3.0
2019-03-21 12:00:00,42.89,986,
2019-03-21 16:00:00,42.9,995,
2019-03-21 20:00:00,42.94,1030,
2019-03-22 00:00:00,42.94,1030,
2019-03-22 04:00:00,42.93,1020,
2019-03-22 08:00:00,42.94,1030,3.1
2019-03-22 12:00:00,42.94,1030,
2019-03-22 16:00:00,42.93,1020,
2019-03-22 20:00:00,42.96,1040,
2019-03-23 00:00:00,42.94,1030,
2019-03-23 04:00:00,42.95,1030,
2019-03-23 08:00:00,42.95,1030,3.37
2019-03-23 12:00:00,42.98,1050,
2019-03-23 16:00:00,42.99,1060,
2019-03-23 20:00:00,43.03,1090,
2019-03-24 00:00:00,43.01,1080,
2019-03-24 04:00:00,43.04,1100,
2019-03-24 08:00:00,43.04,1100,4.51
2019-03-24 12:00:00,43.02,1080,
2019-03-24 16:00:00,43.06,1110,
2019-03-24 20:00:00,43.11,1150,
2019-03-25 00:00:00,43.04,1100,
2019-03-25 04:00:00,43.06,1110,
2019-03-25 08:00:00,43.09,1130,4.8
2019-03-25 12:00:00,43.11,1150,
2019-03-25 16:00:00,43.13,1160,
2019-03-25 20:00:00,43.17,1180,
2019-03-26 00:00:00,43.13,1160,
2019-03-26 04:00:00,43.15,1170,
2019-03-26 08:00:00,43.17,1180,4.67
2019-03-26 12:00:00,43.12,1150,
2019-03-26 16:00:00,43.13,1160,
2019-03-26 20:00:00,43.13,1160,
2019-03-27 00:00:00,43.12,1150,
2019-03-27 04:00:00,43.12,1150,
2019-03-27 08:00:00,43.09,1130,4.8
2019-03-27 12:00:00,43.1,1130,
2019-03-27 16:00:00,43.07,1110,
2019-03-27 20:00:00,43.1,1130,
2019-03-28 00:00:00,43.09,1130,
2019-03-28 04:00:00,43.11,1150,
2019-03-28 08:00:00,43.12,1150,4.59
2019-03-28 12:00:00,43.09,1130,
2019-03-28 16:00:00,43.09,1130,
2019-03-28 20:00:00,43.09,1130,
2019-03-29 00:00:00,43.1,1130,
2019-03-29 04:00:00,43.12,1150,
2019-03-29 08:00:00,43.11,1150,4.29
2019-03-29 12:00:00,43.11,1150,
2019-03-29 16:00:00,43.14,1170,
2019-03-29 20:00:00,43.15,1170,
2019-03-29 22:00:00,43.18,1190,
2019-03-30 00:00:00,43.17,1180,
2019-03-30 04:00:00,43.17,1180,
2019-03-30 08:00:00,43.15,1170,3.86
2019-03-30 12:00:00,43.14,1170,
2019-03-30 16:00:00,43.15,1170,
2019-03-30 20:00:00,43.16,1180,
2019-03-31 00:00:00,43.16,1180,
2019-03-31 04:00:00,43.18,1190,
2019-03-31 08:00:00,43.15,1170,3.49
2019-03-31 12:00:00,43.13,1160,
2019-03-31 16:00:00,43.13,1160,
2019-03-31 20:00:00,43.14,1170,
2019-04-01 00:00:00,43.14,1170,
2019-04-01 04:00:00,43.15,1170,
2019-04-01 08:00:00,43.18,1190,3.36
2019-04-01 12:00:00,43.19,1200,
2019-04-01 16:00:00,43.2,1200,
2019-04-01 20:00:00,43.19,1200,
2019-04-02 00:00:00,43.17,1180,
2019-04-02 04:00:00,43.18,1190,
2019-04-02 08:00:00,43.19,1200,3.44
2019-04-02 12:00:00,43.21,1210,
2019-04-02 16:00:00,43.23,1220,
2019-04-02 18:00:00,43.25,1230,
2019-04-02 20:00:00,43.24,1230,
2019-04-03 00:00:00,43.21,1210,
2019-04-03 04:00:00,43.22,1210,
2019-04-03 08:00:00,43.22,1210,3.83
2019-04-03 12:00:00,43.2,1200,
2019-04-03 16:00:00,43.17,1180,
2019-04-03 20:00:00,43.2,1200,
2019-04-04 00:00:00,43.18,1190,
2019-04-04 04:00:00,43.17,1180,
2019-04-04 08:00:00,43.17,1180,4.02
2019-04-04 12:00:00,43.17,1180,
2019-04-04 16:00:00,43.18,1190,
2019-04-04 20:00:00,43.18,1190,
2019-04-05 00:00:00,43.17,1180,
2019-04-05 04:00:00,43.19,1200,
2019-04-05 08:00:00,43.21,1210,4.48
2019-04-05 12:00:00,43.21,1210,
2019-04-05 16:00:00,43.17,1180,
2019-04-05 20:00:00,43.18,1190,
2019-04-06 00:00:00,43.19,1200,
2019-04-06 04:00:00,43.17,1180,
2019-04-06 08:00:00,43.18,1190,3.95
2019-04-06 12:00:00,43.17,1180,
2019-04-06 16:00:00,43.13,1120,
2019-04-06 20:00:00,43.13,1120,
2019-04-07 00:00:00,43.14,1130,
2019-04-07 04:00:00,43.14,1130,
2019-04-07 08:00:00,43.13,1120,3.56
2019-04-07 12:00:00,43.14,1130,
2019-04-07 16:00:00,43.15,1140,
2019-04-07 20:00:00,43.17,1160,
2019-04-08 00:00:00,43.15,1140,
2019-04-08 04:00:00,43.13,1120,
2019-04-08 08:00:00,43.13,1120,3.4
2019-04-08 12:00:00,43.15,1140,
2019-04-08 16:00:00,43.15,1140,
2019-04-08 20:00:00,43.14,1130,
2019-04-09 00:00:00,43.14,1130,
2019-04-09 02:00:00,43.14,1130,
2019-04-09 08:00:00,43.13,1120,3.35
2019-04-09 12:00:00,43.13,1120,
2019-04-09 14:00:00,43.16,1150,
2019-04-09 16:00:00,43.14,1130,
2019-04-09 20:00:00,43.14,1130,
2019-04-10 00:00:00,43.16,1150,
2019-04-10 04:00:00,43.16,1150,
2019-04-10 08:00:00,43.19,1180,3.71
2019-04-10 12:00:00,43.19,1180,
2019-04-10 16:00:00,43.16,1150,
2019-04-10 20:00:00,43.16,1150,
2019-04-11 00:00:00,43.17,1160,
2019-04-11 04:00:00,43.19,1180,
2019-04-11 08:00:00,43.19,1180,3.4
2019-04-11 12:00:00,43.19,1180,
2019-04-11 16:00:00,43.2,1180,
2019-04-11 20:00:00,43.19,1180,
2019-04-12 00:00:00,43.17,1160,
2019-04-12 04:00:00,43.13,1120,
2019-04-12 08:00:00,43.17,1160,3.31
2019-04-12 12:00:00,43.19,1180,
2019-04-12 16:00:00,43.19,1180,
2019-04-12 20:00:00,43.15,1140,
2019-04-13 00:00:00,43.17,1160,
2019-04-13 04:00:00,43.16,1150,
2019-04-13 08:00:00,43.17,1160,3.07
2019-04-13 12:00:00,43.18,1170,
2019-04-13 16:00:00,43.16,1150,
2019-04-13 20:00:00,43.16,1150,
2019-04-14 00:00:00,43.18,1170,
2019-04-14 04:00:00,43.19,1180,
2019-04-14 08:00:00,43.2,1180,3.42
2019-04-14 12:00:00,43.17,1160,
2019-04-14 16:00:00,43.13,1120,
2019-04-14 20:00:00,43.16,1180,
2019-04-15 00:00:00,43.17,1180,
2019-04-15 04:00:00,43.14,1170,
2019-04-15 08:00:00,43.15,1170,3.0
2019-04-15 12:00:00,43.13,1160,
2019-04-15 16:00:00,43.1,1130,
2019-04-15 20:00:00,43.1,1130,
2019-04-16 00:00:00,43.09,1130,
2019-04-16 04:00:00,43.1,1130,
2019-04-16 08:00:00,43.11,1150,3.0
2019-04-16 12:00:00,43.12,1150,
2019-04-16 16:00:00,43.11,1150,
2019-04-16 20:00:00,43.11,1150,
2019-04-17 00:00:00,43.1,1130,
2019-04-17 04:00:00,43.11,1150,
2019-04-17 08:00:00,43.1,1130,2.6
2019-04-17 10:00:00,43.09,1130,2.81
2019-04-17 12:00:00,43.07,1110,
2019-04-17 16:00:00,43.06,1110,
2019-04-17 20:00:00,43.08,1120,
2019-04-18 00:00:00,43.07,1110,
2019-04-18 04:00:00,43.05,1100,
2019-04-18 08:00:00,43.04,1100,3.08
2019-04-18 12:00:00,43.05,1100,
2019-04-18 16:00:00,43.03,1090,
2019-04-18 20:00:00,43.02,1080,
2019-04-19 00:00:00,43.01,1080,
2019-04-19 04:00:00,43.03,1090,
2019-04-19 08:00:00,43.03,1090,2.97
2019-04-19 12:00:00,43.01,1080,
2019-04-19 16:00:00,43.01,1080,
2019-04-19 18:00:00,43.0,1060,
2019-04-19 20:00:00,43.01,1080,
2019-04-20 00:00:00,43.02,1080,
2019-04-20 04:00:00,43.02,1080,
2019-04-20 08:00:00,43.06,1110,3.05
2019-04-20 12:00:00,43.06,1110,
2019-04-20 16:00:00,43.05,1100,
2019-04-20 20:00:00,43.04,1100,
2019-04-21 00:00:00,43.02,1080,
2019-04-21 04:00:00,43.03,1090,
2019-04-21 08:00:00,43.06,1110,3.09
2019-04-21 12:00:00,43.05,1100,
2019-04-21 16:00:00,43.04,1100,
2019-04-21 20:00:00,43.05,1100,
2019-04-22 00:00:00,43.04,1100,
2019-04-22 04:00:00,43.02,1080,
2019-04-22 08:00:00,43.04,1100,2.65
2019-04-22 12:00:00,43.06,1110,
2019-04-22 16:00:00,43.06,1110,
2019-04-22 20:00:00,43.06,1110,
2019-04-23 00:00:00,43.09,1130,
2019-04-23 04:00:00,43.09,1130,
2019-04-23 08:00:00,43.08,1120,2.45
2019-04-23 12:00:00,43.09,1130,
2019-04-23 16:00:00,43.11,1150,
2019-04-23 20:00:00,43.14,1170,
2019-04-24 00:00:00,43.19,1240,
2019-04-24 04:00:00,43.17,1220,
2019-04-24 08:00:00,43.16,1210,3.08
2019-04-24 12:00:00,43.16,1210,
2019-04-24 16:00:00,43.18,1230,
2019-04-24 20:00:00,43.19,1240,
2019-04-25 00:00:00,43.17,1220,
2019-04-25 04:00:00,43.17,1220,
2019-04-25 08:00:00,43.16,1210,3.89
2019-04-25 12:00:00,43.15,1210,
2019-04-25 16:00:00,43.13,1190,
2019-04-25 20:00:00,43.13,1190,
2019-04-26 00:00:00,43.16,1210,
2019-04-26 04:00:00,43.15,1210,
2019-04-26 08:00:00,43.13,1190,3.94
2019-04-26 12:00:00,43.14,1200,
2019-04-26 16:00:00,43.14,1200,
2019-04-26 20:00:00,43.17,1220,
2019-04-27 00:00:00,43.17,1220,
2019-04-27 04:00:00,43.2,1250,
2019-04-27 08:00:00,43.2,1250,3.08
2019-04-27 12:00:00,43.19,1240,
2019-04-27 16:00:00,43.2,1250,
2019-04-27 20:00:00,43.21,1260,
2019-04-28 00:00:00,43.19,1240,
2019-04-28 04:00:00,43.16,1150,
2019-04-28 08:00:00,43.16,1150,3.41
2019-04-28 12:00:00,43.17,1160,
2019-04-28 16:00:00,43.19,1180,
2019-04-28 20:00:00,43.21,1190,
2019-04-29 00:00:00,43.21,1190,
2019-04-29 04:00:00,43.19,1180,
2019-04-29 08:00:00,43.19,1180,3.45
2019-04-29 12:00:00,43.21,1190,
2019-04-29 16:00:00,43.19,1180,
2019-04-29 20:00:00,43.19,1180,
2019-04-30 00:00:00,43.19,1180,
2019-04-30 04:00:00,43.17,1160,
2019-04-30 08:00:00,43.16,1150,3.18
2019-04-30 12:00:00,43.17,1160,
2019-04-30 16:00:00,43.16,1150,
2019-04-30 20:00:00,43.15,1140,
2019-05-01 00:00:00,43.13,1120,
2019-05-01 04:00:00,43.11,1100,
2019-05-01 08:00:00,43.11,1100,2.79
2019-05-01 12:00:00,43.13,1120,
2019-05-01 16:00:00,43.13,1120,
2019-05-01 20:00:00,43.15,1140,
2019-05-02 00:00:00,43.14,1130,
2019-05-02 04:00:00,43.12,1110,
2019-05-02 08:00:00,43.13,1120,3.04
2019-05-02 12:00:00,43.13,1120,
2019-05-02 16:00:00,43.11,1100,
2019-05-02 20:00:00,43.08,1070,
2019-05-02 22:00:00,43.07,1060,
2019-05-03 00:00:00,43.07,1060,
2019-05-03 04:00:00,43.07,1060,
2019-05-03 08:00:00,43.1,1090,2.61
2019-05-03 12:00:00,43.09,1080,
2019-05-03 16:00:00,43.09,1080,
2019-05-03 20:00:00,43.12,1110,
2019-05-04 00:00:00,43.13,1120,
2019-05-04 04:00:00,43.13,1120,
2019-05-04 08:00:00,43.15,1140,3.23
2019-05-04 12:00:00,43.16,1150,
2019-05-04 16:00:00,43.14,1130,
2019-05-04 20:00:00,43.14,1130,
2019-05-05 00:00:00,43.16,1150,
2019-05-05 04:00:00,43.15,1140,
2019-05-05 08:00:00,43.16,1150,2.93
2019-05-05 12:00:00,43.17,1160,
2019-05-05 16:00:00,43.21,1190,
2019-05-05 20:00:00,43.19,1180,
2019-05-06 00:00:00,43.21,1190,
2019-05-06 04:00:00,43.2,1180,
2019-05-06 08:00:00,43.2,1180,3.12
2019-05-06 12:00:00,43.21,1190,
2019-05-06 16:00:00,43.22,1200,
2019-05-06 20:00:00,43.22,1200,
2019-05-07 00:00:00,43.21,1190,
2019-05-07 04:00:00,43.21,1190,
2019-05-07 08:00:00,43.24,1220,3.02
2019-05-07 12:00:00,43.23,1210,
2019-05-07 16:00:00,43.26,1240,
2019-05-07 20:00:00,43.29,1260,
2019-05-07 22:00:00,43.26,1240,
2019-05-08 00:00:00,43.23,1210,
2019-05-08 04:00:00,43.22,1200,
2019-05-08 08:00:00,43.22,1200,3.18
2019-05-08 12:00:00,43.23,1210,
2019-05-08 16:00:00,43.25,1230,
2019-05-08 20:00:00,43.26,1240,
2019-05-09 00:00:00,43.24,1220,
2019-05-09 04:00:00,43.24,1220,
2019-05-09 08:00:00,43.24,1220,3.12
2019-05-09 12:00:00,43.21,1190,
2019-05-09 16:00:00,43.19,1180,
2019-05-09 20:00:00,43.18,1170,
2019-05-10 00:00:00,43.16,1150,
2019-05-10 04:00:00,43.15,1140,
2019-05-10 08:00:00,43.14,1130,3.08
2019-05-10 12:00:00,43.13,1120,
2019-05-10 16:00:00,43.13,1120,
2019-05-10 20:00:00,43.13,1120,
2019-05-11 00:00:00,43.13,1120,
2019-05-11 04:00:00,43.11,1100,
2019-05-11 08:00:00,43.11,1100,3.34
2019-05-11 12:00:00,43.11,1100,
2019-05-11 16:00:00,43.1,1090,
2019-05-11 20:00:00,43.11,1100,
2019-05-12 00:00:00,43.12,1180,
2019-05-12 04:00:00,43.13,1190,
2019-05-12 08:00:00,43.13,1190,3.21
2019-05-12 12:00:00,43.12,1180,
2019-05-12 16:00:00,43.14,1200,
2019-05-12 20:00:00,43.13,1190,
2019-05-13 00:00:00,43.16,1210,
2019-05-13 04:00:00,43.17,1220,
2019-05-13 08:00:00,43.16,1210,3.51
2019-05-13 12:00:00,43.17,1220,
2019-05-13 16:00:00,43.17,1220,
2019-05-13 20:00:00,43.18,1230,
2019-05-14 00:00:00,43.2,1250,
2019-05-14 04:00:00,43.22,1270,
2019-05-14 08:00:00,43.2,1250,3.81
2019-05-14 12:00:00,43.2,1250,
2019-05-14 16:00:00,43.2,1250,
2019-05-14 20:00:00,43.2,1250,
2019-05-15 00:00:00,43.2,1250,
2019-05-15 04:00:00,43.2,1250,
2019-05-15 08:00:00,43.2,1250,3.43
2019-05-15 12:00:00,43.2,1250,
2019-05-15 16:00:00,43.21,1260,
2019-05-15 20:00:00,43.22,1270,
2019-05-16 00:00:00,43.21,1260,
2019-05-16 04:00:00,43.2,1250,
2019-05-16 08:00:00,43.21,1260,2.99
2019-05-16 12:00:00,43.2,1250,
2019-05-16 16:00:00,43.2,1250,
2019-05-16 20:00:00,43.22,1270,
2019-05-17 00:00:00,43.2,1250,
2019-05-17 04:00:00,43.17,1220,
2019-05-17 08:00:00,43.16,1210,3.11
2019-05-17 12:00:00,43.16,1210,
2019-05-17 16:00:00,43.15,1210,
2019-05-17 20:00:00,43.16,1210,
2019-05-18 00:00:00,43.16,1210,
2019-05-18 04:00:00,43.16,1210,
2019-05-18 08:00:00,43.18,1230,3.71
2019-05-18 10:00:00,43.19,1240,3.62
2019-05-18 12:00:00,43.19,1240,
2019-05-18 16:00:00,43.16,1210,
2019-05-18 20:00:00,43.18,1230,
2019-05-19 00:00:00,43.17,1220,
2019-05-19 04:00:00,43.18,1230,
2019-05-19 08:00:00,43.19,1240,3.75
2019-05-19 12:00:00,43.2,1250,
2019-05-19 16:00:00,43.21,1260,
2019-05-19 20:00:00,43.18,1230,
2019-05-20 00:00:00,43.18,1230,
2019-05-20 04:00:00,43.18,1230,
2019-05-20 08:00:00,43.2,1250,3.47
2019-05-20 12:00:00,43.23,1280,
2019-05-20 16:00:00,43.19,1180,
2019-05-20 20:00:00,43.2,1180,
2019-05-21 00:00:00,43.19,1180,
2019-05-21 04:00:00,43.19,1180,
2019-05-21 08:00:00,43.21,1190,3.27
2019-05-21 12:00:00,43.2,1180,
2019-05-21 16:00:00,43.18,1170,
2019-05-21 20:00:00,43.17,1160,
2019-05-22 00:00:00,43.16,1150,
2019-05-22 04:00:00,43.16,1150,
2019-05-22 08:00:00,43.17,1160,3.05
2019-05-22 12:00:00,43.17,1160,
2019-05-22 16:00:00,43.15,1140,
2019-05-22 20:00:00,43.15,1140,
2019-05-23 00:00:00,43.16,1150,
2019-05-23 04:00:00,43.16,1150,
2019-05-23 08:00:00,43.16,1150,3.46
2019-05-23 12:00:00,43.16,1150,
2019-05-23 16:00:00,43.14,1130,
2019-05-23 20:00:00,43.15,1140,
2019-05-24 00:00:00,43.14,1130,
2019-05-24 04:00:00,43.14,1130,
2019-05-24 08:00:00,43.14,1130,3.25
2019-05-24 12:00:00,43.14,1130,
2019-05-24 16:00:00,43.16,1150,
2019-05-24 20:00:00,43.14,1130,
2019-05-25 00:00:00,43.14,1130,
2019-05-25 04:00:00,43.15,1140,
2019-05-25 08:00:00,43.15,1140,3.13
2019-05-25 12:00:00,43.13,1120,
2019-05-25 16:00:00,43.13,1120,
2019-05-25 20:00:00,43.15,1210,
2019-05-26 00:00:00,43.17,1220,
2019-05-26 02:00:00,43.2,1250,
2019-05-26 04:00:00,43.21,1260,
2019-05-26 06:00:00,43.24,1290,
2019-05-26 08:00:00,43.25,1300,3.8
2019-05-26 10:00:00,43.29,1330,
2019-05-26 12:00:00,43.31,1350,
2019-05-26 16:00:00,43.3,1340,
2019-05-26 20:00:00,43.34,1380,
2019-05-27 00:00:00,43.37,1400,
2019-05-27 02:00:00,43.39,1420,
2019-05-27 04:00:00,43.38,1410,
2019-05-27 08:00:00,43.38,1410,4.19
2019-05-27 12:00:00,43.37,1400,
2019-05-27 16:00:00,43.36,1400,
2019-05-27 20:00:00,43.38,1410,
2019-05-28 00:00:00,43.38,1410,
2019-05-28 04:00:00,43.36,1400,
2019-05-28 08:00:00,43.35,1390,4.16
2019-05-28 12:00:00,43.35,1390,
2019-05-28 16:00:00,43.32,1360,
2019-05-28 20:00:00,43.34,1380,
2019-05-29 00:00:00,43.33,1370,
2019-05-29 04:00:00,43.33,1370,
2019-05-29 08:00:00,43.33,1370,3.75
2019-05-29 12:00:00,43.31,1350,
2019-05-29 16:00:00,43.32,1360,
2019-05-29 20:00:00,43.34,1380,
2019-05-30 00:00:00,43.31,1270,
2019-05-30 04:00:00,43.33,1290,
2019-05-30 08:00:00,43.34,1300,3.32
2019-05-30 12:00:00,43.33,1290,
2019-05-30 16:00:00,43.33,1290,
2019-05-30 20:00:00,43.34,1300,
2019-05-31 00:00:00,43.35,1310,
2019-05-31 04:00:00,43.37,1330,
2019-05-31 08:00:00,43.36,1320,3.39
2019-05-31 12:00:00,43.36,1320,
2019-05-31 16:00:00,43.35,1310,
2019-05-31 20:00:00,43.35,1310,
2019-06-01 00:00:00,43.34,1300,
2019-06-01 04:00:00,43.35,1310,
2019-06-01 08:00:00,43.33,1290,3.72
2019-06-01 12:00:00,43.33,1290,
2019-06-01 16:00:00,43.31,1270,
2019-06-01 20:00:00,43.34,1300,
2019-06-02 00:00:00,43.35,1310,
2019-06-02 04:00:00,43.33,1290,
2019-06-02 08:00:00,43.31,1270,3.09
2019-06-02 12:00:00,43.31,1270,
2019-06-02 16:00:00,43.3,1260,
2019-06-02 20:00:00,43.31,1270,
2019-06-03 00:00:00,43.31,1270,
2019-06-03 04:00:00,43.31,1270,
2019-06-03 08:00:00,43.26,1210,3.49
2019-06-03 12:00:00,43.22,1170,
2019-06-03 16:00:00,43.21,1160,
2019-06-03 20:00:00,43.21,1160,
2019-06-04 00:00:00,43.24,1190,
2019-06-04 04:00:00,43.24,1190,
2019-06-04 08:00:00,43.29,1250,3.5
2019-06-04 12:00:00,43.28,1240,
2019-06-04 16:00:00,43.3,1260,
2019-06-04 20:00:00,43.3,1260,
2019-06-05 00:00:00,43.3,1260,
2019-06-05 04:00:00,43.3,1260,
2019-06-05 08:00:00,43.3,1260,3.32
2019-06-05 12:00:00,43.28,1240,
2019-06-05 16:00:00,43.26,1210,
2019-06-05 20:00:00,43.27,1230,
2019-06-05 22:00:00,43.3,1260,
2019-06-06 00:00:00,43.34,1300,
2019-06-06 04:00:00,43.3,1260,
2019-06-06 06:00:00,43.27,1230,
2019-06-06 08:00:00,43.26,1210,3.55
2019-06-06 12:00:00,43.28,1240,
2019-06-06 16:00:00,43.28,1240,
2019-06-06 20:00:00,43.31,1270,
2019-06-07 00:00:00,43.33,1290,
2019-06-07 04:00:00,43.3,1260,
2019-06-07 08:00:00,43.32,1280,3.25
2019-06-07 12:00:00,43.31,1270,
2019-06-07 16:00:00,43.29,1250,
2019-06-07 20:00:00,43.29,1250,
2019-06-08 00:00:00,43.31,1270,
2019-06-08 04:00:00,43.29,1250,
2019-06-08 08:00:00,43.28,1240,3.0
2019-06-08 12:00:00,43.26,1210,
2019-06-08 16:00:00,43.24,1190,
2019-06-08 18:00:00,43.21,1160,
2019-06-08 20:00:00,43.19,1130,
2019-06-09 00:00:00,43.16,1100,
2019-06-09 04:00:00,43.12,1050,
2019-06-09 06:00:00,43.09,1010,
2019-06-09 08:00:00,43.08,992,2.18
2019-06-09 12:00:00,43.05,953,
2019-06-09 16:00:00,43.01,903,
2019-06-09 20:00:00,43.02,1110,
2019-06-10 00:00:00,43.05,1130,
2019-06-10 04:00:00,43.07,1140,
2019-06-10 08:00:00,43.1,1170,2.51
2019-06-10 10:00:00,43.12,1180,
2019-06-10 12:00:00,43.16,1210,
2019-06-10 14:00:00,43.17,1220,
2019-06-10 16:00:00,43.18,1230,
2019-06-10 18:00:00,43.2,1250,
2019-06-10 20:00:00,43.22,1270,
2019-06-10 22:00:00,43.24,1290,
2019-06-11 00:00:00,43.25,1300,
2019-06-11 02:00:00,43.27,1310,
2019-06-11 04:00:00,43.28,1320,
2019-06-11 06:00:00,43.31,1350,
2019-06-11 08:00:00,43.31,1350,3.36
2019-06-11 12:00:00,43.3,1340,
2019-06-11 16:00:00,43.28,1320,
2019-06-11 20:00:00,43.28,1320,
2019-06-12 00:00:00,43.26,1300,
2019-06-12 04:00:00,43.24,1190,
2019-06-12 08:00:00,43.25,1200,2.99
2019-06-12 12:00:00,43.25,1200,
2019-06-12 16:00:00,43.25,1200,
2019-06-12 20:00:00,43.25,1200,
2019-06-13 00:00:00,43.28,1240,
2019-06-13 04:00:00,43.27,1230,
2019-06-13 08:00:00,43.29,1250,2.72
2019-06-13 12:00:00,43.29,1250,
2019-06-13 16:00:00,43.28,1240,
2019-06-13 20:00:00,43.28,1240,
2019-06-14 00:00:00,43.27,1230,
2019-06-14 04:00:00,43.27,1230,
2019-06-14 08:00:00,43.25,1200,2.32
2019-06-14 10:00:00,43.24,1190,2.38
2019-06-14 12:00:00,43.23,1180,
2019-06-14 16:00:00,43.24,1190,
2019-06-14 20:00:00,43.24,1190,
2019-06-15 00:00:00,43.22,1170,
2019-06-15 04:00:00,43.2,1140,
2019-06-15 08:00:00,43.2,1140,2.44
2019-06-15 12:00:00,43.21,1160,
2019-06-15 16:00:00,43.22,1170,
2019-06-15 20:00:00,43.23,1180,
2019-06-16 00:00:00,43.24,1190,
2019-06-16 04:00:00,43.25,1200,
2019-06-16 08:00:00,43.26,1210,2.6
2019-06-16 12:00:00,43.24,1190,
2019-06-16 16:00:00,43.21,1160,
2019-06-16 20:00:00,43.2,1140,
2019-06-17 00:00:00,43.18,1120,
2019-06-17 04:00:00,43.18,1120,
2019-06-17 08:00:00,43.19,1130,2.59
2019-06-17 12:00:00,43.18,1120,
2019-06-17 16:00:00,43.18,1120,
2019-06-17 20:00:00,43.2,1140,
2019-06-18 00:00:00,43.22,1170,
2019-06-18 04:00:00,43.24,1190,
2019-06-18 08:00:00,43.25,1200,2.44
2019-06-18 12:00:00,43.25,1200,
2019-06-18 16:00:00,43.26,1210,
2019-06-18 20:00:00,43.28,1240,
2019-06-19 00:00:00,43.24,1190,
2019-06-19 04:00:00,43.21,1160,
2019-06-19 08:00:00,43.22,1170,2.69
2019-06-19 12:00:00,43.21,1160,
2019-06-19 16:00:00,43.2,1140,
2019-06-19 20:00:00,43.22,1250,
2019-06-20 00:00:00,43.21,1230,
2019-06-20 04:00:00,43.2,1220,
2019-06-20 08:00:00,43.19,1200,2.56
2019-06-20 12:00:00,43.21,1230,
2019-06-20 16:00:00,43.22,1250,
2019-06-20 20:00:00,43.22,1250,
2019-06-20 22:00:00,43.19,1200,
2019-06-21 00:00:00,43.18,1190,
2019-06-21 04:00:00,43.17,1180,
2019-06-21 08:00:00,43.17,1180,2.67
2019-06-21 12:00:00,43.17,1180,
2019-06-21 16:00:00,43.18,1190,
2019-06-21 20:00:00,43.18,1190,
2019-06-21 22:00:00,43.19,1200,
2019-06-22 00:00:00,43.2,1220,
2019-06-22 02:00:00,43.21,1230,
2019-06-22 04:00:00,43.22,1250,
2019-06-22 08:00:00,43.22,1250,2.42
2019-06-22 12:00:00,43.23,1260,
2019-06-22 16:00:00,43.26,1300,
2019-06-22 20:00:00,43.29,1340,
2019-06-22 22:00:00,43.26,1300,
2019-06-23 00:00:00,43.28,1330,
2019-06-23 02:00:00,43.28,1330,
2019-06-23 04:00:00,43.29,1340,
2019-06-23 06:00:00,43.3,1360,
2019-06-23 08:00:00,43.36,1440,4.41
2019-06-23 09:00:00,43.44,1550,
2019-06-23 10:00:00,43.49,1620,
2019-06-23 11:00:00,43.53,1670,
2019-06-23 12:00:00,43.59,1750,
2019-06-23 13:00:00,43.6,1760,
2019-06-23 14:00:00,43.64,1810,
2019-06-23 15:00:00,43.67,1850,
2019-06-23 16:00:00,43.72,1910,
2019-06-23 17:00:00,43.76,1960,
2019-06-23 18:00:00,43.81,2020,
2019-06-23 19:00:00,43.85,2060,
2019-06-23 20:00:00,43.9,2120,
2019-06-23 21:00:00,43.92,2140,
2019-06-23 22:00:00,43.93,2150,
2019-06-23 23:00:00,43.97,2200,
2019-06-24 00:00:00,44.0,2230,
2019-06-24 01:00:00,44.02,2250,
2019-06-24 02:00:00,44.07,2300,
2019-06-24 03:00:00,44.09,2320,
2019-06-24 04:00:00,44.14,2370,
2019-06-24 05:00:00,44.16,2390,
2019-06-24 06:00:00,44.2,2410,
2019-06-24 07:00:00,44.23,2440,
2019-06-24 08:00:00,44.27,2470,9.24
2019-06-24 09:00:00,44.28,2480,
2019-06-24 10:00:00,44.34,2540,
2019-06-24 11:00:00,44.37,2570,
2019-06-24 12:00:00,44.39,2590,
2019-06-24 13:00:00,44.43,2630,
2019-06-24 14:00:00,44.45,2640,
2019-06-24 15:00:00,44.48,2680,
2019-06-24 16:00:00,44.5,2700,
2019-06-24 17:00:00,44.55,2750,
2019-06-24 18:00:00,44.55,2750,8.6
2019-06-24 19:00:00,44.59,2800,
2019-06-24 20:00:00,44.6,2810,
2019-06-24 21:00:00,44.65,2870,
2019-06-24 22:00:00,44.66,2890,
2019-06-24 23:00:00,44.71,2950,
2019-06-25 00:00:00,44.73,2970,
2019-06-25 01:00:00,44.77,3020,
2019-06-25 02:00:00,44.82,3080,
2019-06-25 03:00:00,44.85,3120,
2019-06-25 04:00:00,44.85,3120,
2019-06-25 05:00:00,44.87,3140,
2019-06-25 06:00:00,44.89,3170,
2019-06-25 07:00:00,44.92,3200,
2019-06-25 08:00:00,44.93,3220,7.83
2019-06-25 09:00:00,44.95,3250,
2019-06-25 10:00:00,44.97,3270,
2019-06-25 11:00:00,45.0,3310,
2019-06-25 12:00:00,45.04,3360,
2019-06-25 13:00:00,45.04,3360,
2019-06-25 14:00:00,45.08,3420,
2019-06-25 15:00:00,45.1,3440,
2019-06-25 16:00:00,45.1,3440,
2019-06-25 17:00:00,45.12,3470,
2019-06-25 18:00:00,45.15,3510,
2019-06-25 19:00:00,45.16,3520,6.67
2019-06-25 20:00:00,45.18,3550,
2019-06-25 21:00:00,45.18,3550,
2019-06-25 22:00:00,45.19,3560,
2019-06-25 23:00:00,45.22,3600,
2019-06-26 00:00:00,45.21,3580,
2019-06-26 01:00:00,45.27,3660,
2019-06-26 02:00:00,45.23,3610,
2019-06-26 03:00:00,45.26,3650,
2019-06-26 04:00:00,45.29,3690,
2019-06-26 05:00:00,45.29,3690,
2019-06-26 06:00:00,45.28,3670,
2019-06-26 07:00:00,45.29,3690,
2019-06-26 08:00:00,45.28,3470,5.54
2019-06-26 09:00:00,45.29,3480,
2019-06-26 10:00:00,45.28,3470,
2019-06-26 11:00:00,45.26,3440,
2019-06-26 12:00:00,45.27,3460,
2019-06-26 13:00:00,45.26,3440,5.76
2019-06-26 14:00:00,45.27,3460,
2019-06-26 15:00:00,45.27,3460,
2019-06-26 16:00:00,45.26,3440,
2019-06-26 17:00:00,45.28,3470,
2019-06-26 18:00:00,45.27,3460,
2019-06-26 19:00:00,45.28,3470,
2019-06-26 20:00:00,45.25,3430,
2019-06-26 21:00:00,45.25,3430,
2019-06-26 22:00:00,45.27,3460,
2019-06-26 23:00:00,45.27,3460,
2019-06-27 00:00:00,45.28,3470,
2019-06-27 01:00:00,45.26,3440,
2019-06-27 02:00:00,45.24,3420,
2019-06-27 03:00:00,45.26,3440,
2019-06-27 04:00:00,45.26,3440,
2019-06-27 05:00:00,45.25,3430,
2019-06-27 06:00:00,45.26,3440,
2019-06-27 07:00:00,45.25,3430,
2019-06-27 08:00:00,45.23,3410,6.0
2019-06-27 09:00:00,45.24,3420,
2019-06-27 10:00:00,45.2,3380,
2019-06-27 11:00:00,45.22,3400,
2019-06-27 12:00:00,45.19,3360,
2019-06-27 13:00:00,45.22,3400,
2019-06-27 14:00:00,45.21,3390,
2019-06-27 15:00:00,45.21,3390,
2019-06-27 16:00:00,45.19,3360,
2019-06-27 17:00:00,45.22,3400,
2019-06-27 18:00:00,45.2,3380,
2019-06-27 19:00:00,45.18,3350,
2019-06-27 20:00:00,45.18,3350,
2019-06-27 21:00:00,45.19,3360,
2019-06-27 22:00:00,45.18,3350,
2019-06-27 23:00:00,45.19,3360,
2019-06-28 00:00:00,45.19,3360,
2019-06-28 01:00:00,45.18,3350,
2019-06-28 02:00:00,45.21,3390,
2019-06-28 03:00:00,45.19,3360,
2019-06-28 04:00:00,45.2,3380,
2019-06-28 05:00:00,45.2,3380,
2019-06-28 06:00:00,45.21,3390,
2019-06-28 07:00:00,45.21,3390,
2019-06-28 08:00:00,45.2,3380,5.44
2019-06-28 09:00:00,45.19,3360,
2019-06-28 10:00:00,45.2,3380,
2019-06-28 11:00:00,45.17,3340,
2019-06-28 12:00:00,45.21,3390,
2019-06-28 13:00:00,45.19,3360,
2019-06-28 14:00:00,45.2,3380,
2019-06-28 15:00:00,45.2,3380,
2019-06-28 16:00:00,45.22,3400,
2019-06-28 17:00:00,45.23,3410,
2019-06-28 18:00:00,45.24,3420,
2019-06-28 19:00:00,45.24,3420,
2019-06-28 20:00:00,45.23,3410,
2019-06-28 21:00:00,45.25,3430,
2019-06-28 22:00:00,45.28,3470,
2019-06-28 23:00:00,45.27,3460,
2019-06-29 00:00:00,45.28,3470,
2019-06-29 02:00:00,45.27,3460,
2019-06-29 04:00:00,45.29,3480,
2019-06-29 06:00:00,45.32,3510,
2019-06-29 08:00:00,45.34,3530,5.68
2019-06-29 10:00:00,45.32,3510,
2019-06-29 12:00:00,45.32,3510,
2019-06-29 14:00:00,45.34,3530,
2019-06-29 16:00:00,45.35,3540,
2019-06-29 18:00:00,45.35,3540,
2019-06-29 20:00:00,45.39,3580,
2019-06-29 22:00:00,45.39,3580,
2019-06-30 00:00:00,45.38,3570,
2019-06-30 01:00:00,45.38,3570,
2019-06-30 02:00:00,45.39,3580,
2019-06-30 03:00:00,45.39,3580,
2019-06-30 04:00:00,45.39,3580,
2019-06-30 05:00:00,45.37,3560,
2019-06-30 06:00:00,45.39,3580,
2019-06-30 07:00:00,45.38,3570,
2019-06-30 08:00:00,45.39,3580,5.33
2019-06-30 09:00:00,45.4,3590,
2019-06-30 10:00:00,45.37,3560,
2019-06-30 11:00:00,45.38,3570,
2019-06-30 12:00:00,45.37,3560,
2019-06-30 13:00:00,45.37,3560,
2019-06-30 14:00:00,45.37,3560,
2019-06-30 15:00:00,45.36,3550,
2019-06-30 16:00:00,45.37,3560,
2019-06-30 17:00:00,45.35,3540,
2019-06-30 18:00:00,45.37,3560,
2019-06-30 19:00:00,45.38,3570,
2019-06-30 20:00:00,45.39,3580,
2019-06-30 22:00:00,45.39,3580,
2019-06-30 23:00:00,45.42,3610,
2019-07-01 00:00:00,45.4,3590,
2019-07-01 02:00:00,45.38,3570,
2019-07-01 04:00:00,45.39,3580,
2019-07-01 06:00:00,45.4,3590,
2019-07-01 08:00:00,45.39,3580,5.11
2019-07-01 10:00:00,45.39,3580,
2019-07-01 12:00:00,45.38,3570,
2019-07-01 14:00:00,45.4,3590,
2019-07-01 16:00:00,45.39,3580,
2019-07-01 18:00:00,45.4,3590,
2019-07-01 20:00:00,45.41,3600,
2019-07-01 22:00:00,45.43,3620,
2019-07-02 00:00:00,45.44,3630,
2019-07-02 02:00:00,45.43,3530,
2019-07-02 04:00:00,45.43,3530,
2019-07-02 06:00:00,45.42,3510,
2019-07-02 08:00:00,45.41,3500,4.89
2019-07-02 10:00:00,45.4,3480,
2019-07-02 12:00:00,45.43,3530,
2019-07-02 14:00:00,45.4,3480,
2019-07-02 16:00:00,45.42,3510,
2019-07-02 18:00:00,45.43,3530,
2019-07-02 20:00:00,45.44,3540,
2019-07-02 22:00:00,45.43,3530,
2019-07-03 00:00:00,45.47,3590,
2019-07-03 02:00:00,45.47,3590,
2019-07-03 04:00:00,45.48,3600,
2019-07-03 06:00:00,45.47,3590,
2019-07-03 08:00:00,45.43,3530,5.17
2019-07-03 10:00:00,45.44,3540,
2019-07-03 12:00:00,45.43,3530,
2019-07-03 14:00:00,45.43,3530,
2019-07-03 16:00:00,45.43,3530,
2019-07-03 18:00:00,45.41,3500,
2019-07-03 20:00:00,45.41,3500,
2019-07-03 23:00:00,45.38,3460,
2019-07-04 00:00:00,45.37,3440,
2019-07-04 02:00:00,45.35,3420,
2019-07-04 05:00:00,45.32,3380,
2019-07-04 08:00:00,45.31,3360,4.98
2019-07-04 10:00:00,45.31,3360,
2019-07-04 12:00:00,45.27,3320,
2019-07-04 14:00:00,45.27,3320,
2019-07-04 16:00:00,45.26,3300,
2019-07-04 18:00:00,45.25,3290,
2019-07-04 20:00:00,45.27,3320,
2019-07-04 22:00:00,45.26,3300,
2019-07-05 00:00:00,45.23,3270,
2019-07-05 02:00:00,45.24,3280,
2019-07-05 04:00:00,45.24,3280,
2019-07-05 06:00:00,45.25,3290,
2019-07-05 08:00:00,45.23,3270,6.26
2019-07-05 10:00:00,45.21,3250,
2019-07-05 12:00:00,45.2,3240,
2019-07-05 14:00:00,45.22,3260,
2019-07-05 16:00:00,45.24,3280,
2019-07-05 18:00:00,45.21,3250,
2019-07-05 20:00:00,45.19,3230,
2019-07-05 22:00:00,45.19,3230,
2019-07-06 00:00:00,45.17,3210,
2019-07-06 02:00:00,45.19,3230,
2019-07-06 04:00:00,45.16,3200,
2019-07-06 06:00:00,45.17,3210,
2019-07-06 08:00:00,45.14,3180,6.9
2019-07-06 10:00:00,45.14,3180,
2019-07-06 12:00:00,45.13,3170,
2019-07-06 14:00:00,45.13,3170,
2019-07-06 16:00:00,45.13,3170,
2019-07-06 18:00:00,45.09,3140,
2019-07-06 20:00:00,45.14,3180,
2019-07-06 22:00:00,45.12,3160,
2019-07-07 00:00:00,45.11,3150,
2019-07-07 02:00:00,45.12,3160,
2019-07-07 04:00:00,45.12,3160,
2019-07-07 06:00:00,45.12,3160,
2019-07-07 08:00:00,45.11,3150,6.65
2019-07-07 10:00:00,45.12,3160,
2019-07-07 12:00:00,45.11,3150,
2019-07-07 14:00:00,45.09,3140,
2019-07-07 16:00:00,45.07,3120,
2019-07-07 18:00:00,45.06,3120,
2019-07-07 20:00:00,45.05,3110,
2019-07-07 22:00:00,45.07,3120,
2019-07-08 00:00:00,45.06,3120,
2019-07-08 02:00:00,45.1,3140,
2019-07-08 04:00:00,45.09,3140,
2019-07-08 06:00:00,45.1,3140,
2019-07-08 08:00:00,45.11,3150,5.7
2019-07-08 10:00:00,45.09,3140,
2019-07-08 12:00:00,45.09,3140,
2019-07-08 14:00:00,45.12,3160,
2019-07-08 16:00:00,45.12,3160,
2019-07-08 18:00:00,45.11,3150,
2019-07-08 20:00:00,45.12,3160,
2019-07-08 22:00:00,45.14,3180,
2019-07-09 00:00:00,45.14,3180,
2019-07-09 02:00:00,45.15,3190,
2019-07-09 04:00:00,45.17,3340,
2019-07-09 06:00:00,45.2,3380,
2019-07-09 08:00:00,45.19,3360,5.79
2019-07-09 10:00:00,45.21,3390,
2019-07-09 12:00:00,45.21,3390,
2019-07-09 14:00:00,45.22,3400,
2019-07-09 16:00:00,45.22,3400,
2019-07-09 18:00:00,45.23,3410,
2019-07-09 20:00:00,45.2,3380,
2019-07-09 22:00:00,45.24,3420,
2019-07-10 00:00:00,45.24,3420,
2019-07-10 02:00:00,45.25,3430,
2019-07-10 04:00:00,45.25,3430,
2019-07-10 06:00:00,45.25,3430,
2019-07-10 08:00:00,45.26,3440,7.04
2019-07-10 10:00:00,45.27,3460,
2019-07-10 12:00:00,45.26,3440,
2019-07-10 14:00:00,45.25,3430,
2019-07-10 16:00:00,45.25,3430,
2019-07-10 18:00:00,45.26,3440,
2019-07-10 20:00:00,45.27,3460,
2019-07-10 22:00:00,45.27,3460,
2019-07-11 00:00:00,45.32,3720,
2019-07-11 02:00:00,45.32,3720,
2019-07-11 04:00:00,45.29,3690,
2019-07-11 06:00:00,45.32,3720,
2019-07-11 08:00:00,45.32,3720,6.86
2019-07-11 10:00:00,45.34,3750,
2019-07-11 11:00:00,45.32,3720,6.34
2019-07-11 12:00:00,45.36,3770,
2019-07-11 14:00:00,45.33,3390,
2019-07-11 16:00:00,45.31,3360,
2019-07-11 18:00:00,45.35,3420,
2019-07-11 20:00:00,45.32,3380,
2019-07-11 22:00:00,45.35,3420,
2019-07-12 00:00:00,45.36,3430,
2019-07-12 02:00:00,45.35,3420,
2019-07-12 04:00:00,45.35,3420,
2019-07-12 06:00:00,45.34,3400,
2019-07-12 08:00:00,45.36,3430,8.89
2019-07-12 10:00:00,45.35,3420,
2019-07-12 12:00:00,45.32,3380,
2019-07-12 14:00:00,45.33,3390,
2019-07-12 16:00:00,45.32,3380,
2019-07-12 18:00:00,45.28,3330,
2019-07-12 20:00:00,45.24,3280,
2019-07-12 22:00:00,45.23,3270,
2019-07-13 00:00:00,45.19,3230,
2019-07-13 02:00:00,45.17,3210,
2019-07-13 04:00:00,45.16,3200,
2019-07-13 06:00:00,45.11,3150,
2019-07-13 08:00:00,45.08,3130,14.3
2019-07-13 10:00:00,45.01,3070,14.6
2019-07-13 12:00:00,44.98,3050,
2019-07-13 14:00:00,44.88,2950,
2019-07-13 15:00:00,44.85,2920,
2019-07-13 16:00:00,44.81,2880,
2019-07-13 17:00:00,44.78,2850,18.7
2019-07-13 18:00:00,44.76,2830,
2019-07-13 20:00:00,44.71,2780,
2019-07-13 22:00:00,44.65,2720,
2019-07-14 00:00:00,44.63,2700,
2019-07-14 02:00:00,44.61,2680,
2019-07-14 04:00:00,44.57,2630,
2019-07-14 06:00:00,44.54,2600,
2019-07-14 08:00:00,44.5,2560,18.2
2019-07-14 10:00:00,44.47,2520,18.9
2019-07-14 12:00:00,44.45,2500,
2019-07-14 14:00:00,44.41,2450,
2019-07-14 16:00:00,44.42,2620,
2019-07-14 18:00:00,44.41,2610,
2019-07-14 19:00:00,44.4,2600,17.5
2019-07-14 20:00:00,44.39,2590,
2019-07-14 22:00:00,44.39,2590,
2019-07-15 00:00:00,44.39,2590,
2019-07-15 02:00:00,44.37,2570,
2019-07-15 04:00:00,44.35,2550,
2019-07-15 06:00:00,44.34,2540,
2019-07-15 08:00:00,44.32,2520,18.8
2019-07-15 10:00:00,44.32,2520,
2019-07-15 12:00:00,44.31,2510,
2019-07-15 14:00:00,44.3,2500,
2019-07-15 16:00:00,44.28,2480,
2019-07-15 18:00:00,44.27,2470,
2019-07-15 20:00:00,44.25,2460,
2019-07-15 22:00:00,44.25,2460,
2019-07-16 00:00:00,44.24,2450,
2019-07-16 02:00:00,44.23,2440,
2019-07-16 04:00:00,44.19,2410,
2019-07-16 06:00:00,44.19,2410,
2019-07-16 08:00:00,44.16,2390,20.9
2019-07-16 10:00:00,44.12,2350,
2019-07-16 12:00:00,44.09,2320,
2019-07-16 14:00:00,44.07,2300,
2019-07-16 16:00:00,44.05,2280,
2019-07-16 18:00:00,44.05,2280,
2019-07-16 20:00:00,44.04,2270,
2019-07-16 22:00:00,44.01,2240,
2019-07-17 00:00:00,43.99,2220,
2019-07-17 02:00:00,43.97,2200,
2019-07-17 04:00:00,43.95,2180,
2019-07-17 06:00:00,43.93,2150,
2019-07-17 08:00:00,43.92,2140,21.3
2019-07-17 10:00:00,43.92,2140,20.5
2019-07-17 12:00:00,43.93,2150,
2019-07-17 14:00:00,43.91,2130,
2019-07-17 16:00:00,43.92,2160,
2019-07-17 18:00:00,43.92,2160,
2019-07-17 20:00:00,43.93,2180,
2019-07-17 22:00:00,43.93,2180,
2019-07-18 00:00:00,43.94,2200,
2019-07-18 02:00:00,43.96,2240,
2019-07-18 04:00:00,43.96,2240,
2019-07-18 06:00:00,43.98,2280,
2019-07-18 08:00:00,43.98,2280,24.9
2019-07-18 10:00:00,43.96,2240,
2019-07-18 12:00:00,43.99,2300,
2019-07-18 14:00:00,43.96,2240,
2019-07-18 16:00:00,43.97,2260,29.3
2019-07-18 18:00:00,43.98,2280,30.5
2019-07-18 20:00:00,43.97,2260,30.1
2019-07-18 22:00:00,44.0,2320,
2019-07-19 00:00:00,44.04,2400,
2019-07-19 02:00:00,44.07,2450,
2019-07-19 04:00:00,44.11,2520,
2019-07-19 06:00:00,44.14,2560,
2019-07-19 08:00:00,44.2,2630,26.8
2019-07-19 10:00:00,44.25,2680,27.1
2019-07-19 12:00:00,44.25,2680,
2019-07-19 14:00:00,44.25,2680,
2019-07-19 16:00:00,44.28,2700,
2019-07-19 17:00:00,44.3,2710,25.8
2019-07-19 18:00:00,44.31,2720,
2019-07-19 19:00:00,44.32,2720,23.4
2019-07-19 20:00:00,44.33,2730,24.4
2019-07-19 22:00:00,44.33,2730,
2019-07-20 00:00:00,44.33,2730,
2019-07-20 02:00:00,44.33,2730,
2019-07-20 04:00:00,44.35,2740,
2019-07-20 06:00:00,44.35,2740,
2019-07-20 08:00:00,44.39,2760,24.2
2019-07-20 10:00:00,44.39,2760,
2019-07-20 12:00:00,44.4,2760,
2019-07-20 14:00:00,44.39,2760,
2019-07-20 16:00:00,44.38,2750,
2019-07-20 18:00:00,44.39,2760,
2019-07-20 20:00:00,44.39,2760,
2019-07-20 22:00:00,44.39,2760,
2019-07-21 00:00:00,44.4,2760,
2019-07-21 02:00:00,44.43,2780,
2019-07-21 04:00:00,44.43,2780,
2019-07-21 06:00:00,44.43,2780,
2019-07-21 08:00:00,44.44,2780,16.8
2019-07-21 10:00:00,44.44,2780,
2019-07-21 12:00:00,44.45,2790,
2019-07-21 14:00:00,44.46,2790,
2019-07-21 16:00:00,44.48,2790,
2019-07-21 18:00:00,44.51,2790,
2019-07-21 20:00:00,44.51,2790,
2019-07-21 22:00:00,44.55,2790,
2019-07-22 00:00:00,44.57,2800,
2019-07-22 02:00:00,44.58,2800,
2019-07-22 04:00:00,44.58,2800,
2019-07-22 06:00:00,44.59,2800,
2019-07-22 08:00:00,44.59,2800,20.7
2019-07-22 10:00:00,44.59,2800,
2019-07-22 12:00:00,44.57,2780,
2019-07-22 13:00:00,44.55,2750,24.3
2019-07-22 14:00:00,44.54,2740,
2019-07-22 16:00:00,44.45,2640,
2019-07-22 18:00:00,44.38,2580,
2019-07-22 20:00:00,44.3,2500,
2019-07-22 22:00:00,44.24,2450,
2019-07-23 00:00:00,44.17,2390,
2019-07-23 02:00:00,44.12,2350,
2019-07-23 04:00:00,44.12,2350,
2019-07-23 06:00:00,44.1,2330,
2019-07-23 08:00:00,44.09,2320,24.2
2019-07-23 10:00:00,44.09,2320,
2019-07-23 12:00:00,44.08,2310,
2019-07-23 14:00:00,44.06,2290,
2019-07-23 16:00:00,44.04,2270,
2019-07-23 18:00:00,44.03,2260,
2019-07-23 20:00:00,44.01,2240,
2019-07-23 22:00:00,44.01,2240,
2019-07-24 00:00:00,44.0,2230,
2019-07-24 02:00:00,44.01,2240,
2019-07-24 04:00:00,44.05,2280,
2019-07-24 06:00:00,44.07,2300,
2019-07-24 08:00:00,44.09,2320,23.9
2019-07-24 10:00:00,44.14,2370,
2019-07-24 12:00:00,44.2,2630,
2019-07-24 14:00:00,44.23,2660,
2019-07-24 16:00:00,44.26,2690,
2019-07-24 18:00:00,44.28,2700,
2019-07-24 20:00:00,44.31,2720,
2019-07-24 22:00:00,44.31,2720,
2019-07-25 00:00:00,44.3,2710,
2019-07-25 02:00:00,44.3,2710,
2019-07-25 04:00:00,44.33,2730,
2019-07-25 06:00:00,44.34,2730,
2019-07-25 08:00:00,44.33,2730,24.1
2019-07-25 10:00:00,44.34,2730,
2019-07-25 12:00:00,44.34,2730,
2019-07-25 14:00:00,44.35,2740,
2019-07-25 16:00:00,44.34,2730,
2019-07-25 18:00:00,44.34,2730,
2019-07-25 20:00:00,44.34,2730,
2019-07-25 22:00:00,44.33,2730,
2019-07-26 00:00:00,44.32,2720,
2019-07-26 02:00:00,44.31,2720,
2019-07-26 04:00:00,44.31,2720,
2019-07-26 06:00:00,44.3,2710,
2019-07-26 08:00:00,44.28,2700,20.2
2019-07-26 10:00:00,44.29,2710,
2019-07-26 12:00:00,44.29,2710,
2019-07-26 14:00:00,44.3,2710,
2019-07-26 16:00:00,44.29,2710,
2019-07-26 18:00:00,44.3,2720,
2019-07-26 20:00:00,44.31,2740,
2019-07-26 22:00:00,44.33,2760,
2019-07-27 00:00:00,44.37,2810,
2019-07-27 02:00:00,44.39,2850,
2019-07-27 04:00:00,44.41,2870,
2019-07-27 06:00:00,44.45,2930,
2019-07-27 08:00:00,44.46,2940,20.8
2019-07-27 10:00:00,44.49,2980,
2019-07-27 12:00:00,44.54,3030,
2019-07-27 14:00:00,44.6,3080,
2019-07-27 16:00:00,44.61,3090,
2019-07-27 18:00:00,44.65,3130,
2019-07-27 20:00:00,44.69,3160,
2019-07-27 22:00:00,44.71,3170,
2019-07-28 00:00:00,44.75,3200,
2019-07-28 02:00:00,44.78,3230,
2019-07-28 04:00:00,44.8,3240,
2019-07-28 06:00:00,44.8,3240,
2019-07-28 08:00:00,44.81,3250,24.1
2019-07-28 10:00:00,44.82,3250,
2019-07-28 12:00:00,44.81,3250,
2019-07-28 14:00:00,44.8,3240,
2019-07-28 16:00:00,44.78,3230,
2019-07-28 18:00:00,44.76,3210,
2019-07-28 20:00:00,44.74,3200,
2019-07-28 22:00:00,44.71,2950,
2019-07-29 00:00:00,44.7,2930,
2019-07-29 02:00:00,44.69,2920,
2019-07-29 04:00:00,44.68,2910,
2019-07-29 06:00:00,44.65,2870,
2019-07-29 08:00:00,44.63,2850,21.0
2019-07-29 10:00:00,44.59,2800,
2019-07-29 12:00:00,44.54,2740,
2019-07-29 14:00:00,44.48,2680,
2019-07-29 16:00:00,44.43,2630,
2019-07-29 17:00:00,44.4,2600,
2019-07-29 18:00:00,44.37,2570,
2019-07-29 20:00:00,44.31,2510,
2019-07-29 22:00:00,44.26,2470,
2019-07-30 00:00:00,44.23,2440,
2019-07-30 02:00:00,44.23,2440,
2019-07-30 04:00:00,44.21,2420,
2019-07-30 06:00:00,44.18,2400,
2019-07-30 08:00:00,44.16,2390,22.0
2019-07-30 10:00:00,44.18,2400,
2019-07-30 12:00:00,44.16,2390,
2019-07-30 14:00:00,44.16,2390,
2019-07-30 16:00:00,44.16,2390,
2019-07-30 18:00:00,44.15,2380,
2019-07-30 20:00:00,44.14,2370,
2019-07-30 22:00:00,44.13,2360,
2019-07-31 00:00:00,44.13,2360,
2019-07-31 02:00:00,44.13,2360,
2019-07-31 04:00:00,44.12,2350,
2019-07-31 06:00:00,44.11,2340,
2019-07-31 08:00:00,44.1,2330,20.1
2019-07-31 10:00:00,44.09,2320,
2019-07-31 12:00:00,44.09,2320,
2019-07-31 14:00:00,44.1,2330,
2019-07-31 16:00:00,44.09,2320,
2019-07-31 18:00:00,44.09,2320,
2019-07-31 20:00:00,44.11,2350,
2019-07-31 22:00:00,44.13,2380,
2019-08-01 00:00:00,44.23,2510,
2019-08-01 02:00:00,44.25,2530,
2019-08-01 04:00:00,44.27,2560,
2019-08-01 06:00:00,44.32,2620,
2019-08-01 08:00:00,44.37,2680,18.1
2019-08-01 09:00:00,44.38,2690,19.3
2019-08-01 10:00:00,44.39,2700,
2019-08-01 11:00:00,44.4,2710,20.2
2019-08-01 12:00:00,44.41,2730,
2019-08-01 14:00:00,44.51,2840,
2019-08-01 16:00:00,44.52,2860,
2019-08-01 18:00:00,44.53,2870,
2019-08-01 20:00:00,44.54,2880,
2019-08-01 22:00:00,44.5,2830,
2019-08-02 00:00:00,44.47,2800,
2019-08-02 02:00:00,44.48,2810,
2019-08-02 04:00:00,44.44,2760,
2019-08-02 06:00:00,44.41,2730,
2019-08-02 08:00:00,44.4,2710,17.5
2019-08-02 10:00:00,44.39,2700,
2019-08-02 12:00:00,44.39,2700,
2019-08-02 14:00:00,44.36,2670,
2019-08-02 16:00:00,44.37,2680,
2019-08-02 18:00:00,44.34,2640,
2019-08-02 20:00:00,44.34,2640,
2019-08-02 22:00:00,44.34,2640,
2019-08-03 00:00:00,44.31,2610,
2019-08-03 02:00:00,44.32,2620,
2019-08-03 04:00:00,44.32,2620,
2019-08-03 06:00:00,44.31,2610,
2019-08-03 08:00:00,44.26,2540,16.2
2019-08-03 10:00:00,44.17,2440,
2019-08-03 12:00:00,44.04,2250,
2019-08-03 14:00:00,43.91,1990,
2019-08-03 16:00:00,43.8,1800,
2019-08-03 18:00:00,43.73,1690,
2019-08-03 20:00:00,43.66,1610,
2019-08-03 22:00:00,43.62,1570,
2019-08-04 00:00:00,43.61,1560,
2019-08-04 02:00:00,43.6,1550,
2019-08-04 04:00:00,43.57,1520,
2019-08-04 06:00:00,43.55,1510,
2019-08-04 08:00:00,43.54,1500,13.1
2019-08-04 09:00:00,43.54,1500,12.1
2019-08-04 10:00:00,43.53,1490,
2019-08-04 11:00:00,43.55,1510,11.3
2019-08-04 12:00:00,43.53,1490,
2019-08-04 14:00:00,43.52,1480,
2019-08-04 16:00:00,43.51,1470,
2019-08-04 18:00:00,43.51,1470,
2019-08-04 20:00:00,43.51,1470,
2019-08-04 22:00:00,43.5,1470,
2019-08-05 00:00:00,43.5,1470,
2019-08-05 02:00:00,43.51,1470,
2019-08-05 04:00:00,43.54,1500,
2019-08-05 06:00:00,43.53,1490,
2019-08-05 08:00:00,43.51,1470,11.0
2019-08-05 10:00:00,43.51,1470,
2019-08-05 12:00:00,43.5,1470,
2019-08-05 14:00:00,43.49,1460,
2019-08-05 16:00:00,43.49,1460,
2019-08-05 18:00:00,43.5,1470,
2019-08-05 20:00:00,43.53,1490,
2019-08-05 22:00:00,43.51,1470,
2019-08-06 00:00:00,43.51,1470,
2019-08-06 02:00:00,43.5,1470,
2019-08-06 04:00:00,43.5,1470,
2019-08-06 06:00:00,43.5,1470,
2019-08-06 08:00:00,43.49,1460,10.8
2019-08-06 10:00:00,43.48,1450,
2019-08-06 12:00:00,43.48,1450,
2019-08-06 14:00:00,43.49,1460,
2019-08-06 16:00:00,43.47,1450,
2019-08-06 18:00:00,43.46,1440,
2019-08-06 20:00:00,43.46,1440,
2019-08-06 22:00:00,43.45,1440,
2019-08-07 00:00:00,43.45,1450,
2019-08-07 02:00:00,43.46,1480,
2019-08-07 04:00:00,43.57,1700,
2019-08-07 06:00:00,43.69,1900,
2019-08-07 08:00:00,43.69,1900,15.9
2019-08-07 10:00:00,43.74,1970,
2019-08-07 12:00:00,43.83,2110,
2019-08-07 13:00:00,43.88,2180,
2019-08-07 14:00:00,43.94,2270,
2019-08-07 15:00:00,43.99,2340,
2019-08-07 16:00:00,44.04,2410,
2019-08-07 18:00:00,44.1,2500,
2019-08-07 19:00:00,44.18,2610,
2019-08-07 20:00:00,44.23,2670,
2019-08-07 21:00:00,44.27,2710,
2019-08-07 22:00:00,44.33,2790,
2019-08-07 23:00:00,44.34,2810,
2019-08-08 00:00:00,44.37,2850,
2019-08-08 01:00:00,44.41,2900,
2019-08-08 02:00:00,44.44,2940,
2019-08-08 03:00:00,44.46,2970,
2019-08-08 04:00:00,44.51,3040,
2019-08-08 05:00:00,44.53,3070,
2019-08-08 06:00:00,44.63,3210,
2019-08-08 07:00:00,44.67,3270,
2019-08-08 08:00:00,44.71,3320,21.5
2019-08-08 09:00:00,44.73,3350,
2019-08-08 10:00:00,44.8,3440,
2019-08-08 11:00:00,44.79,3430,
2019-08-08 12:00:00,44.89,3550,
2019-08-08 13:00:00,44.88,3540,
2019-08-08 14:00:00,44.88,3540,
2019-08-08 15:00:00,44.93,3600,
2019-08-08 16:00:00,44.94,3610,
2019-08-08 17:00:00,44.97,3650,
2019-08-08 18:00:00,44.99,3670,
2019-08-08 19:00:00,45.02,3700,
2019-08-08 20:00:00,45.04,3720,
2019-08-08 21:00:00,45.09,3770,
2019-08-08 22:00:00,45.13,3810,
2019-08-08 23:00:00,45.13,3810,
2019-08-09 00:00:00,45.16,3840,
2019-08-09 01:00:00,45.22,3900,
2019-08-09 02:00:00,45.2,3880,
2019-08-09 03:00:00,45.23,3910,
2019-08-09 04:00:00,45.22,3900,
2019-08-09 05:00:00,45.27,3940,
2019-08-09 06:00:00,45.27,3940,
2019-08-09 07:00:00,45.3,3980,
2019-08-09 08:00:00,45.33,4010,17.9
2019-08-09 09:00:00,45.33,4010,
2019-08-09 10:00:00,45.33,4010,
2019-08-09 11:00:00,45.36,4040,
2019-08-09 12:00:00,45.41,4110,
2019-08-09 13:00:00,45.41,4110,
2019-08-09 14:00:00,45.45,4150,
2019-08-09 15:00:00,45.48,4180,
2019-08-09 16:00:00,45.51,4200,
2019-08-09 17:00:00,45.56,4240,
2019-08-09 18:00:00,45.54,4230,
2019-08-09 19:00:00,45.57,4250,
2019-08-09 20:00:00,45.59,4270,
2019-08-09 21:00:00,45.6,4270,
2019-08-09 22:00:00,45.61,4280,
2019-08-09 23:00:00,45.58,4260,
2019-08-10 00:00:00,45.59,4120,
2019-08-10 01:00:00,45.61,4180,
2019-08-10 02:00:00,45.61,4180,
2019-08-10 03:00:00,45.62,4210,
2019-08-10 04:00:00,45.62,4210,
2019-08-10 05:00:00,45.61,4180,
2019-08-10 06:00:00,45.62,4210,
2019-08-10 07:00:00,45.56,4050,
2019-08-10 08:00:00,45.59,4120,19.8
2019-08-10 09:00:00,45.58,4100,
2019-08-10 10:00:00,45.55,4030,
2019-08-10 11:00:00,45.56,4050,
2019-08-10 12:00:00,45.57,4080,
2019-08-10 13:00:00,45.57,4080,
2019-08-10 14:00:00,45.55,4030,
2019-08-10 15:00:00,45.58,4100,
2019-08-10 16:00:00,45.61,4180,
2019-08-10 17:00:00,45.59,4120,
2019-08-10 18:00:00,45.64,4270,
2019-08-10 19:00:00,45.64,4270,
2019-08-10 20:00:00,45.63,4240,
2019-08-10 21:00:00,45.63,4240,
2019-08-10 22:00:00,45.65,4310,
2019-08-10 23:00:00,45.63,4240,
2019-08-11 00:00:00,45.64,4270,
2019-08-11 01:00:00,45.62,4210,
2019-08-11 02:00:00,45.63,4240,
2019-08-11 03:00:00,45.61,4180,
2019-08-11 04:00:00,45.6,4150,
2019-08-11 05:00:00,45.58,4100,
2019-08-11 06:00:00,45.54,4000,
2019-08-11 07:00:00,45.54,4000,
2019-08-11 08:00:00,45.53,3980,21.4
2019-08-11 09:00:00,45.51,3930,20.6
2019-08-11 10:00:00,45.48,3870,20.2
2019-08-11 11:00:00,45.44,3780,
2019-08-11 12:00:00,45.41,3740,
2019-08-11 13:00:00,45.33,3590,
2019-08-11 14:00:00,45.29,3520,
2019-08-11 15:00:00,45.23,3420,
2019-08-11 16:00:00,45.15,3290,
2019-08-11 17:00:00,45.05,3120,
2019-08-11 18:00:00,44.98,3010,
2019-08-11 19:00:00,44.87,2810,
2019-08-11 20:00:00,44.79,2690,
2019-08-11 21:00:00,44.71,2570,
2019-08-11 22:00:00,43.61,2420,
2019-08-11 23:00:00,43.51,2280,
2019-08-12 00:00:00,43.41,2140,
2019-08-12 01:00:00,43.34,2040,
2019-08-12 02:00:00,43.27,1950,
2019-08-12 03:00:00,43.22,1880,
2019-08-12 04:00:00,43.16,1790,
2019-08-12 05:00:00,43.11,1720,
2019-08-12 06:00:00,43.05,1630,
2019-08-12 07:00:00,44.0,1560,
2019-08-12 08:00:00,43.97,1520,19.3
2019-08-12 09:00:00,43.93,1470,
2019-08-12 10:00:00,43.89,1420,
2019-08-12 11:00:00,43.86,1380,
2019-08-12 12:00:00,43.83,1340,
2019-08-12 13:00:00,43.81,1320,
2019-08-12 14:00:00,43.79,1290,
2019-08-12 15:00:00,43.77,1270,
2019-08-12 16:00:00,43.76,1250,
2019-08-12 17:00:00,43.73,1220,
2019-08-12 18:00:00,43.71,1200,
2019-08-12 19:00:00,43.71,1200,
2019-08-12 20:00:00,43.7,1190,
2019-08-12 21:00:00,43.68,1160,
2019-08-12 22:00:00,43.65,1130,
2019-08-12 23:00:00,43.65,1130,
2019-08-13 00:00:00,43.65,1130,
2019-08-13 02:00:00,43.61,1090,
2019-08-13 04:00:00,43.6,1080,
2019-08-13 06:00:00,43.56,1040,
2019-08-13 08:00:00,43.53,1010,14.2
2019-08-13 10:00:00,43.51,992,
2019-08-13 12:00:00,43.49,974,
2019-08-13 14:00:00,43.44,932,
2019-08-13 16:00:00,43.43,924,
2019-08-13 18:00:00,43.42,916,
2019-08-13 20:00:00,43.42,916,
2019-08-13 22:00:00,43.41,908,
2019-08-14 00:00:00,43.4,900,
2019-08-14 02:00:00,43.38,884,
2019-08-14 04:00:00,43.36,868,
2019-08-14 06:00:00,43.34,853,
2019-08-14 08:00:00,43.35,861,10.2
2019-08-14 10:00:00,43.32,837,
2019-08-14 12:00:00,43.31,830,
2019-08-14 14:00:00,43.3,822,
2019-08-14 16:00:00,43.26,792,
2019-08-14 18:00:00,43.25,784,
2019-08-14 20:00:00,43.23,769,
2019-08-14 22:00:00,43.2,747,
2019-08-15 00:00:00,43.17,724,
2019-08-15 02:00:00,43.11,680,
2019-08-15 04:00:00,43.07,651,
2019-08-15 06:00:00,43.48,622,
2019-08-15 08:00:00,43.0,600,7.1
2019-08-15 10:00:00,42.95,572,
2019-08-15 12:00:00,42.93,566,
2019-08-15 14:00:00,42.89,552,
2019-08-15 16:00:00,42.87,525,
2019-08-15 18:00:00,42.86,512,
2019-08-15 20:00:00,42.85,506,
2019-08-15 22:00:00,42.83,499,
2019-08-16 00:00:00,42.82,483,
2019-08-16 02:00:00,42.8,477,
2019-08-16 04:00:00,42.81,465,
2019-08-16 06:00:00,42.8,471,
2019-08-16 08:00:00,42.8,465,7.22
2019-08-16 10:00:00,42.78,459,
2019-08-16 12:00:00,42.78,453,
2019-08-16 14:00:00,42.77,453,
2019-08-16 16:00:00,42.77,447,
2019-08-16 18:00:00,42.77,447,
2019-08-16 20:00:00,42.77,447,
2019-08-16 22:00:00,42.77,447,
2019-08-17 00:00:00,42.76,447,
2019-08-17 04:00:00,42.76,441,
2019-08-17 08:00:00,42.74,441,6.58
2019-08-17 12:00:00,42.73,430,
2019-08-17 16:00:00,42.73,425,
2019-08-17 20:00:00,42.73,425,
2019-08-18 00:00:00,42.73,425,
2019-08-18 04:00:00,42.73,425,
2019-08-18 08:00:00,42.71,425,4.17
2019-08-18 12:00:00,42.7,415,
2019-08-18 16:00:00,42.71,410,
2019-08-18 20:00:00,42.72,516,
2019-08-19 00:00:00,42.72,521,
2019-08-19 04:00:00,42.71,521,
2019-08-19 08:00:00,42.71,516,2.55
2019-08-19 12:00:00,42.69,516,
2019-08-19 16:00:00,42.7,506,
2019-08-19 20:00:00,42.69,511,
2019-08-20 00:00:00,42.69,506,
2019-08-20 04:00:00,42.68,506,
2019-08-20 08:00:00,42.67,502,1.62
2019-08-20 12:00:00,42.65,497,
2019-08-20 16:00:00,42.66,488,
2019-08-20 20:00:00,42.66,492,
2019-08-21 00:00:00,42.64,492,
2019-08-21 04:00:00,42.63,483,
2019-08-21 08:00:00,42.61,478,1.15
2019-08-21 12:00:00,42.59,468,
2019-08-21 16:00:00,42.59,459,
2019-08-21 20:00:00,42.58,459,
2019-08-22 00:00:00,42.58,453,
2019-08-22 04:00:00,42.57,453,
2019-08-22 08:00:00,42.56,448,1.08
2019-08-22 12:00:00,42.55,444,
2019-08-22 16:00:00,42.55,439,
2019-08-22 20:00:00,42.56,439,
2019-08-23 00:00:00,42.55,444,
2019-08-23 04:00:00,42.55,439,
2019-08-23 08:00:00,42.53,439,0.909
2019-08-23 12:00:00,42.51,430,
2019-08-23 16:00:00,42.53,421,
2019-08-23 20:00:00,42.54,430,
2019-08-24 00:00:00,42.57,434,
2019-08-24 04:00:00,42.59,448,
2019-08-24 08:00:00,42.6,459,1.1
2019-08-24 12:00:00,42.61,468,
2019-08-24 16:00:00,42.61,468,
2019-08-24 20:00:00,42.62,468,
2019-08-25 00:00:00,42.6,473,
2019-08-25 04:00:00,42.59,464,
2019-08-25 08:00:00,42.57,459,1.21
2019-08-25 12:00:00,42.54,448,
2019-08-25 16:00:00,42.54,434,
2019-08-25 20:00:00,42.51,434,
2019-08-26 00:00:00,42.51,421,
2019-08-26 04:00:00,42.49,421,
2019-08-26 08:00:00,42.49,413,1.04
2019-08-26 12:00:00,42.48,405,
2019-08-26 16:00:00,42.5,458,
2019-08-26 20:00:00,42.52,470,
2019-08-27 00:00:00,42.53,481,
2019-08-27 04:00:00,42.52,487,
2019-08-27 08:00:00,42.53,481,1.37
2019-08-27 12:00:00,42.51,487,
2019-08-27 16:00:00,42.51,475,
2019-08-27 20:00:00,42.5,475,
2019-08-28 00:00:00,42.49,470,
2019-08-28 04:00:00,42.49,464,
2019-08-28 08:00:00,42.47,464,1.1
2019-08-28 12:00:00,42.47,453,
2019-08-28 16:00:00,42.49,453,
2019-08-28 20:00:00,42.51,464,
2019-08-29 00:00:00,42.5,475,
2019-08-29 04:00:00,42.5,470,
2019-08-29 08:00:00,42.5,470,1.16
2019-08-29 12:00:00,42.48,464,
2019-08-29 16:00:00,42.49,458,
2019-08-29 20:00:00,42.48,464,
2019-08-30 00:00:00,42.47,458,
2019-08-30 04:00:00,42.47,453,
2019-08-30 08:00:00,42.45,453,
2019-08-30 12:00:00,42.43,442,
2019-08-30 16:00:00,42.45,431,
2019-08-30 20:00:00,42.46,442,
2019-08-31 00:00:00,42.45,447,
2019-08-31 04:00:00,42.44,442,
2019-08-31 08:00:00,42.43,436,1.08
2019-08-31 12:00:00,42.45,431,
2019-08-31 16:00:00,42.51,442,
2019-08-31 20:00:00,42.59,475,
2019-09-01 00:00:00,42.62,522,
2019-09-01 04:00:00,42.65,541,
2019-09-01 08:00:00,42.65,562,1.44
2019-09-01 09:00:00,42.65,562,1.6
2019-09-01 11:00:00,42.65,562,1.69
2019-09-01 12:00:00,42.65,562,
2019-09-01 16:00:00,42.65,562,
2019-09-01 20:00:00,42.64,562,
2019-09-02 00:00:00,42.65,555,
2019-09-02 04:00:00,42.65,562,
2019-09-02 08:00:00,42.65,562,1.71
2019-09-02 12:00:00,42.64,562,
2019-09-02 16:00:00,42.67,555,
2019-09-02 20:00:00,42.7,576,
2019-09-03 00:00:00,42.78,599,
2019-09-03 02:00:00,42.84,662,
2019-09-03 04:00:00,42.89,715,
2019-09-03 06:00:00,42.94,760,
2019-09-03 08:00:00,42.95,808,2.87
2019-09-03 10:00:00,42.96,817,
2019-09-03 12:00:00,42.95,827,
2019-09-03 14:00:00,42.95,817,
2019-09-03 16:00:00,42.95,817,
2019-09-03 18:00:00,42.95,817,
2019-09-03 20:00:00,42.94,817,
2019-09-03 22:00:00,42.95,808,
2019-09-04 00:00:00,42.96,817,
2019-09-04 02:00:00,43.0,827,
2019-09-04 04:00:00,43.0,867,
2019-09-04 06:00:00,43.09,963,
2019-09-04 08:00:00,43.2,1090,5.4
2019-09-04 10:00:00,43.31,1230,
2019-09-04 12:00:00,43.42,1360,
2019-09-04 14:00:00,43.48,1430,
2019-09-04 16:00:00,43.5,1460,
2019-09-04 18:00:00,43.52,1480,
2019-09-04 20:00:00,43.51,1460,
2019-09-04 22:00:00,43.5,1460,
2019-09-05 00:00:00,43.46,1430,
2019-09-05 02:00:00,43.43,1410,
2019-09-05 04:00:00,43.4,1390,
2019-09-05 06:00:00,43.35,1350,
2019-09-05 08:00:00,43.32,1320,6.54
2019-09-05 10:00:00,43.27,1280,
2019-09-05 12:00:00,43.25,1260,
2019-09-05 14:00:00,43.23,1240,
2019-09-05 16:00:00,43.22,1230,
2019-09-05 18:00:00,43.2,1210,
2019-09-05 20:00:00,43.19,1200,
2019-09-05 22:00:00,43.17,1180,
2019-09-06 00:00:00,43.15,1160,
2019-09-06 02:00:00,43.14,1150,
2019-09-06 04:00:00,43.12,1130,
2019-09-06 06:00:00,43.1,1110,
2019-09-06 08:00:00,43.1,1110,13.8
2019-09-06 10:00:00,43.06,1070,
2019-09-06 12:00:00,43.05,1060,
2019-09-06 14:00:00,43.05,1060,
2019-09-06 16:00:00,43.02,1030,
2019-09-06 18:00:00,43.03,1040,
2019-09-06 20:00:00,43.04,1050,
2019-09-06 22:00:00,43.04,1050,
2019-09-07 00:00:00,43.05,1060,
2019-09-07 02:00:00,43.05,1060,
2019-09-07 04:00:00,43.06,1070,
2019-09-07 06:00:00,43.04,1050,
2019-09-07 08:00:00,43.05,1060,23.1
2019-09-07 10:00:00,43.05,1060,
2019-09-07 12:00:00,43.05,1060,
2019-09-07 14:00:00,43.06,1070,
2019-09-07 16:00:00,43.04,1050,
2019-09-07 18:00:00,43.04,1050,
2019-09-07 20:00:00,43.06,1070,
2019-09-07 22:00:00,43.03,1040,
2019-09-08 00:00:00,43.03,1040,
2019-09-08 02:00:00,43.02,1030,
2019-09-08 04:00:00,43.0,1000,
2019-09-08 06:00:00,43.0,1000,
2019-09-08 08:00:00,42.99,987,13.4
2019-09-08 10:00:00,42.98,973,13.7
2019-09-08 12:00:00,42.97,959,
2019-09-08 14:00:00,42.95,931,
2019-09-08 16:00:00,42.96,945,
2019-09-08 18:00:00,42.93,902,
2019-09-08 20:00:00,42.93,902,
2019-09-08 22:00:00,42.93,902,
2019-09-09 00:00:00,42.93,902,
2019-09-09 04:00:00,42.95,943,
2019-09-09 08:00:00,42.96,963,6.99
2019-09-09 12:00:00,42.98,1000,
2019-09-09 16:00:00,42.97,982,
2019-09-09 20:00:00,43.02,1060,
2019-09-10 00:00:00,43.03,1080,
2019-09-10 04:00:00,43.01,1050,
2019-09-10 08:00:00,42.99,1020,5.0
2019-09-10 12:00:00,42.94,923,
2019-09-10 16:00:00,42.94,923,
2019-09-10 20:00:00,42.97,982,
2019-09-11 00:00:00,43.01,1050,
2019-09-11 02:00:00,43.06,1130,
2019-09-11 04:00:00,43.12,1220,
2019-09-11 06:00:00,43.13,1230,
2019-09-11 08:00:00,43.12,1220,5.64
2019-09-11 10:00:00,43.14,1240,
2019-09-11 12:00:00,43.16,1270,
2019-09-11 13:00:00,43.16,1270,
2019-09-11 14:00:00,43.16,1270,
2019-09-11 16:00:00,43.16,1270,
2019-09-11 18:00:00,43.18,1300,
2019-09-11 20:00:00,43.18,1300,
2019-09-11 22:00:00,43.18,1300,
2019-09-12 00:00:00,43.16,1270,
2019-09-12 02:00:00,43.16,1270,
2019-09-12 04:00:00,43.17,1280,
2019-09-12 06:00:00,43.18,1300,
2019-09-12 08:00:00,43.2,1320,6.28
2019-09-12 10:00:00,43.22,1350,
2019-09-12 12:00:00,43.2,1320,
2019-09-12 14:00:00,43.23,1360,
2019-09-12 16:00:00,43.21,1330,
2019-09-12 18:00:00,43.21,1330,
2019-09-12 20:00:00,43.18,1300,
2019-09-12 22:00:00,43.17,1280,
2019-09-13 00:00:00,43.17,1280,
2019-09-13 02:00:00,43.16,1270,
2019-09-13 04:00:00,43.14,1240,
2019-09-13 06:00:00,43.13,1230,
2019-09-13 08:00:00,43.13,1230,6.35
2019-09-13 10:00:00,43.13,1230,
2019-09-13 12:00:00,43.12,1220,
2019-09-13 14:00:00,43.12,1220,
2019-09-13 16:00:00,43.12,1220,
2019-09-13 18:00:00,43.13,1230,
2019-09-13 20:00:00,43.15,1260,
2019-09-13 22:00:00,43.13,1230,
2019-09-14 00:00:00,43.14,1240,
2019-09-14 02:00:00,43.12,1220,
2019-09-14 04:00:00,43.12,1220,
2019-09-14 06:00:00,43.13,1230,
2019-09-14 08:00:00,43.15,1260,6.8
2019-09-14 10:00:00,43.15,1260,
2019-09-14 12:00:00,43.14,1240,
2019-09-14 14:00:00,43.15,1260,
2019-09-14 16:00:00,43.12,1220,
2019-09-14 18:00:00,43.08,1160,
2019-09-14 20:00:00,43.06,1130,
2019-09-14 22:00:00,43.04,1100,
2019-09-15 00:00:00,42.99,1020,
2019-09-15 02:00:00,42.95,943,
2019-09-15 04:00:00,42.93,902,
2019-09-15 06:00:00,42.97,982,
2019-09-15 08:00:00,43.1,1190,7.86
2019-09-15 10:00:00,43.22,1350,
2019-09-15 12:00:00,43.3,1450,
2019-09-15 14:00:00,43.4,1560,
2019-09-15 16:00:00,43.52,1680,
2019-09-15 18:00:00,43.65,1830,
2019-09-15 20:00:00,43.73,1920,
2019-09-15 22:00:00,43.8,2000,
2019-09-16 00:00:00,43.88,2100,
2019-09-16 02:00:00,43.93,2170,
2019-09-16 04:00:00,44.0,2260,
2019-09-16 06:00:00,44.05,2330,
2019-09-16 08:00:00,44.1,2390,22.6
2019-09-16 10:00:00,44.15,2450,
2019-09-16 12:00:00,44.19,2500,
2019-09-16 14:00:00,44.24,2560,
2019-09-16 16:00:00,44.26,2590,
2019-09-16 18:00:00,44.31,2650,
2019-09-16 20:00:00,44.35,2690,
2019-09-16 22:00:00,44.34,2680,
2019-09-17 00:00:00,44.37,2710,
2019-09-17 02:00:00,44.41,2760,
2019-09-17 04:00:00,44.41,2760,
2019-09-17 06:00:00,44.45,2790,
2019-09-17 08:00:00,44.47,2810,15.4
2019-09-17 10:00:00,44.47,2810,
2019-09-17 12:00:00,44.53,2870,
2019-09-17 14:00:00,44.58,2920,
2019-09-17 15:00:00,44.59,2930,
2019-09-17 16:00:00,44.62,2960,
2019-09-17 18:00:00,44.68,3030,
2019-09-17 20:00:00,44.7,3050,
2019-09-17 22:00:00,44.73,3090,
2019-09-18 00:00:00,44.75,3120,
2019-09-18 02:00:00,44.79,3170,
2019-09-18 04:00:00,44.84,3230,
2019-09-18 06:00:00,44.91,3330,
2019-09-18 08:00:00,44.93,3360,14.3
2019-09-18 10:00:00,45.0,3460,
2019-09-18 12:00:00,45.03,3500,
2019-09-18 14:00:00,45.1,3600,
2019-09-18 16:00:00,45.1,3600,
2019-09-18 18:00:00,45.12,3640,
2019-09-18 20:00:00,45.13,3650,
2019-09-18 22:00:00,45.17,3710,
2019-09-19 00:00:00,45.2,3760,
2019-09-19 02:00:00,45.2,3760,
2019-09-19 04:00:00,45.21,3770,
2019-09-19 06:00:00,45.26,3840,
2019-09-19 08:00:00,45.3,3870,15.5
2019-09-19 10:00:00,45.3,3870,
2019-09-19 12:00:00,45.34,3910,
2019-09-19 14:00:00,45.34,3910,
2019-09-19 16:00:00,45.36,3930,
2019-09-19 18:00:00,45.39,3960,
2019-09-19 20:00:00,45.36,3930,
2019-09-19 22:00:00,45.41,3980,
2019-09-20 00:00:00,45.37,3820,
2019-09-20 02:00:00,45.37,3820,
2019-09-20 04:00:00,45.36,3790,
2019-09-20 06:00:00,45.37,3820,
2019-09-20 08:00:00,45.35,3770,12.6
2019-09-20 10:00:00,45.33,3730,
2019-09-20 12:00:00,45.31,3690,
2019-09-20 14:00:00,45.29,3650,
2019-09-20 16:00:00,45.3,3670,
2019-09-20 18:00:00,45.3,3670,
2019-09-20 20:00:00,45.34,3750,
2019-09-20 22:00:00,45.34,3750,
2019-09-21 00:00:00,45.33,3730,
2019-09-21 02:00:00,45.32,3710,
2019-09-21 04:00:00,45.31,3690,
2019-09-21 06:00:00,45.32,3710,
2019-09-21 08:00:00,45.33,3730,13.0
2019-09-21 10:00:00,45.32,3710,
2019-09-21 12:00:00,45.35,3770,
2019-09-21 14:00:00,45.34,3750,
2019-09-21 16:00:00,45.32,3710,
2019-09-21 18:00:00,45.33,3730,
2019-09-21 20:00:00,45.32,3710,
2019-09-21 22:00:00,45.34,3750,
2019-09-22 00:00:00,45.34,3750,
2019-09-22 02:00:00,45.34,3750,
2019-09-22 04:00:00,45.35,3770,
2019-09-22 06:00:00,45.37,3820,
2019-09-22 08:00:00,45.35,3770,11.5
2019-09-22 10:00:00,45.36,3790,
2019-09-22 12:00:00,45.34,3750,
2019-09-22 14:00:00,45.35,3770,
2019-09-22 16:00:00,45.34,3750,
2019-09-22 18:00:00,45.33,3730,
2019-09-22 20:00:00,45.32,3710,
2019-09-22 22:00:00,45.31,3690,
2019-09-23 00:00:00,45.35,3770,
2019-09-23 02:00:00,45.32,3710,
2019-09-23 04:00:00,45.34,3750,
2019-09-23 06:00:00,45.4,3930,
2019-09-23 08:00:00,45.38,3850,12.3
2019-09-23 10:00:00,45.38,3850,11.0
2019-09-23 12:00:00,45.37,3820,
2019-09-23 14:00:00,45.36,3790,
2019-09-23 16:00:00,45.38,3850,
2019-09-23 18:00:00,45.38,3850,
2019-09-23 20:00:00,45.36,3790,
2019-09-23 22:00:00,45.4,3930,
2019-09-24 00:00:00,45.34,3750,
2019-09-24 02:00:00,45.31,3690,
2019-09-24 04:00:00,45.31,3690,
2019-09-24 06:00:00,45.22,3550,
2019-09-24 08:00:00,45.15,3440,9.73
2019-09-24 10:00:00,45.06,3280,
2019-09-24 12:00:00,44.98,3150,
2019-09-24 14:00:00,44.91,3040,
2019-09-24 16:00:00,44.84,2930,
2019-09-24 18:00:00,44.76,2800,
2019-09-24 20:00:00,44.71,2730,
2019-09-24 22:00:00,44.65,2640,
2019-09-25 00:00:00,44.61,2580,
2019-09-25 02:00:00,44.58,2540,
2019-09-25 04:00:00,44.55,2500,
2019-09-25 06:00:00,44.49,2430,
2019-09-25 08:00:00,44.44,2360,12.1
2019-09-25 10:00:00,44.39,2300,
2019-09-25 12:00:00,44.31,2190,
2019-09-25 14:00:00,44.28,2160,
2019-09-25 16:00:00,44.23,2090,
2019-09-25 18:00:00,44.19,2040,
2019-09-25 20:00:00,44.17,2010,
2019-09-25 22:00:00,44.12,1940,
2019-09-26 00:00:00,44.1,1920,
2019-09-26 02:00:00,44.08,1890,
2019-09-26 04:00:00,44.06,1870,
2019-09-26 06:00:00,44.03,1830,
2019-09-26 08:00:00,43.99,1780,9.01
2019-09-26 10:00:00,43.97,1760,
2019-09-26 12:00:00,43.95,1730,
2019-09-26 14:00:00,43.92,1700,
2019-09-26 16:00:00,43.87,1640,
2019-09-26 18:00:00,43.86,1630,
2019-09-26 20:00:00,43.84,1600,
2019-09-26 22:00:00,43.81,1570,
2019-09-27 00:00:00,43.78,1530,
2019-09-27 02:00:00,43.76,1500,
2019-09-27 04:00:00,43.75,1490,
2019-09-27 06:00:00,43.73,1470,
2019-09-27 08:00:00,43.71,1440,7.17
2019-09-27 10:00:00,43.68,1400,
2019-09-27 12:00:00,43.67,1390,
2019-09-27 14:00:00,43.67,1390,
2019-09-27 16:00:00,43.64,1350,
2019-09-27 18:00:00,43.66,1380,
2019-09-27 20:00:00,43.74,1680,
2019-09-27 22:00:00,43.83,1800,
2019-09-28 00:00:00,43.87,1850,
2019-09-28 02:00:00,43.94,1960,
2019-09-28 04:00:00,43.95,1970,
2019-09-28 06:00:00,44.0,2050,
2019-09-28 08:00:00,44.03,2100,11.1
2019-09-28 10:00:00,44.06,2160,
2019-09-28 12:00:00,44.09,2220,
2019-09-28 14:00:00,44.08,2200,
2019-09-28 16:00:00,44.07,2180,
2019-09-28 18:00:00,44.06,2160,
2019-09-28 20:00:00,44.04,2120,
2019-09-28 22:00:00,44.01,2060,
2019-09-29 00:00:00,44.0,2050,
2019-09-29 02:00:00,43.96,1990,
2019-09-29 04:00:00,43.98,2020,
2019-09-29 06:00:00,43.99,2030,
2019-09-29 08:00:00,43.99,2030,7.52
2019-09-29 10:00:00,43.96,1990,
2019-09-29 12:00:00,43.98,2020,
2019-09-29 14:00:00,43.97,2000,
2019-09-29 16:00:00,43.95,1970,
2019-09-29 18:00:00,43.95,1970,
2019-09-29 20:00:00,43.95,1970,
2019-09-29 22:00:00,43.95,1970,
2019-09-30 00:00:00,43.97,2000,
2019-09-30 02:00:00,43.96,1990,
2019-09-30 04:00:00,43.95,1970,
2019-09-30 06:00:00,43.95,1970,
2019-09-30 08:00:00,43.99,2030,7.93
2019-09-30 10:00:00,43.98,2020,
2019-09-30 12:00:00,43.98,2020,
2019-09-30 14:00:00,43.99,2030,
2019-09-30 16:00:00,43.99,2030,
2019-09-30 18:00:00,43.98,2020,
2019-09-30 20:00:00,44.0,2050,
2019-09-30 22:00:00,43.98,2020,
2019-10-01 00:00:00,43.96,1990,
2019-10-01 02:00:00,43.95,1970,
2019-10-01 04:00:00,43.93,1940,
2019-10-01 06:00:00,43.91,1910,
2019-10-01 08:00:00,43.88,1870,8.3
2019-10-01 10:00:00,43.85,1830,
2019-10-01 12:00:00,43.78,1730,
2019-10-01 14:00:00,43.73,1670,
2019-10-01 16:00:00,43.71,1650,
2019-10-01 18:00:00,43.69,1630,
2019-10-01 20:00:00,43.68,1620,
2019-10-01 22:00:00,43.65,1590,
2019-10-02 00:00:00,43.65,1590,
2019-10-02 04:00:00,43.6,1540,
2019-10-02 08:00:00,43.57,1510,6.97
2019-10-02 12:00:00,43.54,1490,
2019-10-02 16:00:00,43.52,1470,
2019-10-02 20:00:00,43.51,1460,
2019-10-03 00:00:00,43.51,1460,
2019-10-03 04:00:00,43.48,1450,
2019-10-03 08:00:00,43.45,1420,5.39
2019-10-03 12:00:00,43.44,1420,
2019-10-03 16:00:00,43.43,1410,
2019-10-03 20:00:00,43.41,1390,
2019-10-04 00:00:00,43.38,1370,
2019-10-04 04:00:00,43.39,1380,
2019-10-04 08:00:00,43.4,1390,6.45
2019-10-04 12:00:00,43.37,1360,
2019-10-04 16:00:00,43.36,1360,
2019-10-04 20:00:00,43.38,1400,
2019-10-05 00:00:00,43.37,1390,
2019-10-05 04:00:00,43.38,1400,
2019-10-05 08:00:00,43.4,1430,6.45
2019-10-05 12:00:00,43.42,1450,
2019-10-05 16:00:00,43.45,1480,
2019-10-05 20:00:00,43.45,1480,
2019-10-06 00:00:00,43.46,1490,
2019-10-06 04:00:00,43.46,1490,
2019-10-06 08:00:00,43.49,1530,7.08
2019-10-06 12:00:00,43.51,1550,
2019-10-06 16:00:00,43.51,1550,
2019-10-06 20:00:00,43.53,1570,
2019-10-07 00:00:00,43.56,1590,
2019-10-07 04:00:00,43.59,1620,
2019-10-07 08:00:00,43.57,1600,8.06
2019-10-07 12:00:00,43.6,1620,
2019-10-07 16:00:00,43.61,1630,
2019-10-07 20:00:00,43.6,1620,
2019-10-08 00:00:00,43.56,1590,
2019-10-08 04:00:00,43.58,1610,
2019-10-08 08:00:00,43.57,1600,6.44
2019-10-08 12:00:00,43.58,1610,
2019-10-08 16:00:00,43.57,1600,
2019-10-08 20:00:00,43.58,1610,
2019-10-09 00:00:00,43.59,1620,
2019-10-09 04:00:00,43.57,1600,
2019-10-09 08:00:00,43.53,1570,6.39
2019-10-09 12:00:00,43.49,1530,
2019-10-09 16:00:00,43.51,1550,
2019-10-09 20:00:00,43.47,1500,
2019-10-10 00:00:00,43.45,1480,
2019-10-10 04:00:00,43.45,1480,
2019-10-10 08:00:00,43.46,1490,6.12
2019-10-10 12:00:00,43.47,1500,
2019-10-10 16:00:00,43.5,1540,
2019-10-10 20:00:00,43.55,1590,
2019-10-11 00:00:00,43.6,1620,
2019-10-11 04:00:00,43.65,1660,
2019-10-11 08:00:00,43.69,1690,9.12
2019-10-11 12:00:00,43.74,1740,
2019-10-11 16:00:00,43.78,1780,
2019-10-11 20:00:00,43.83,1840,
2019-10-12 00:00:00,43.87,1890,
2019-10-12 04:00:00,43.88,1910,
2019-10-12 08:00:00,43.87,1890,9.48
2019-10-12 12:00:00,43.87,1890,
2019-10-12 16:00:00,43.88,1910,
2019-10-12 20:00:00,43.83,1840,
2019-10-13 00:00:00,43.83,1840,
2019-10-13 04:00:00,43.82,1830,
2019-10-13 08:00:00,43.8,1800,7.89
2019-10-13 12:00:00,43.8,1800,
2019-10-13 16:00:00,43.8,1800,
2019-10-13 20:00:00,43.8,1800,
2019-10-14 00:00:00,43.79,1790,
2019-10-14 04:00:00,43.76,1760,
2019-10-14 08:00:00,43.77,1770,6.05
2019-10-14 12:00:00,43.77,1770,
2019-10-14 16:00:00,43.74,1740,
2019-10-14 20:00:00,43.76,1760,
2019-10-15 00:00:00,43.79,1790,
2019-10-15 04:00:00,43.77,1770,
2019-10-15 08:00:00,43.77,1770,5.71
2019-10-15 12:00:00,43.78,1780,
2019-10-15 16:00:00,43.84,1850,
2019-10-15 20:00:00,43.86,1880,
2019-10-16 00:00:00,43.84,1850,
2019-10-16 04:00:00,43.88,1910,
2019-10-16 08:00:00,43.9,1940,8.18
2019-10-16 12:00:00,43.91,1950,
2019-10-16 16:00:00,43.91,1950,
2019-10-16 20:00:00,43.94,1990,
2019-10-17 00:00:00,43.94,1990,
2019-10-17 02:00:00,43.97,2040,
2019-10-17 04:00:00,43.96,2020,
2019-10-17 08:00:00,43.94,1990,7.31
2019-10-17 10:00:00,43.94,1990,7.08
2019-10-17 12:00:00,43.94,1990,
2019-10-17 16:00:00,43.92,1930,
2019-10-17 20:00:00,43.89,1880,
2019-10-18 00:00:00,43.9,1900,
2019-10-18 04:00:00,43.89,1880,
2019-10-18 08:00:00,43.88,1870,6.73
2019-10-18 12:00:00,43.91,1910,
2019-10-18 16:00:00,43.9,1900,
2019-10-18 20:00:00,43.89,1880,
2019-10-19 00:00:00,43.83,1800,
2019-10-19 04:00:00,43.85,1830,
2019-10-19 08:00:00,43.85,1830,5.58
2019-10-19 12:00:00,43.83,1800,
2019-10-19 16:00:00,43.84,1810,
2019-10-19 20:00:00,43.83,1800,
2019-10-20 00:00:00,43.81,1770,
2019-10-20 04:00:00,43.81,1770,
2019-10-20 08:00:00,43.78,1730,6.28
2019-10-20 12:00:00,43.73,1670,
2019-10-20 16:00:00,43.71,1650,
2019-10-20 20:00:00,43.66,1600,
2019-10-21 00:00:00,43.61,1550,
2019-10-21 04:00:00,43.57,1510,
2019-10-21 08:00:00,43.54,1490,5.72
2019-10-21 12:00:00,43.49,1450,
2019-10-21 16:00:00,43.5,1460,
2019-10-21 20:00:00,43.47,1420,
2019-10-22 00:00:00,43.47,1420,
2019-10-22 04:00:00,43.44,1380,
2019-10-22 08:00:00,43.4,1330,5.07
2019-10-22 09:00:00,43.39,1320,5.81
2019-10-22 10:00:00,43.37,1300,5.43
2019-10-22 12:00:00,43.36,1290,
2019-10-22 16:00:00,43.3,1210,
2019-10-22 20:00:00,43.26,1170,
2019-10-23 00:00:00,43.2,1090,
2019-10-23 04:00:00,43.18,1070,
2019-10-23 08:00:00,43.12,997,4.33
2019-10-23 12:00:00,43.05,919,
2019-10-23 16:00:00,43.02,888,
2019-10-23 20:00:00,43.0,867,
2019-10-24 00:00:00,42.98,847,
2019-10-24 04:00:00,42.97,837,
2019-10-24 08:00:00,42.98,847,3.4
2019-10-24 12:00:00,42.98,847,
2019-10-24 16:00:00,42.97,837,
2019-10-24 20:00:00,42.96,827,
2019-10-25 00:00:00,42.96,827,
2019-10-25 04:00:00,42.97,837,
2019-10-25 08:00:00,42.95,817,2.98
2019-10-25 12:00:00,42.95,817,
2019-10-25 16:00:00,42.94,808,
2019-10-25 20:00:00,42.94,808,
2019-10-26 00:00:00,42.94,808,
2019-10-26 04:00:00,42.93,798,
2019-10-26 08:00:00,42.92,788,2.83
2019-10-26 12:00:00,42.91,779,
2019-10-26 16:00:00,42.92,788,
2019-10-26 20:00:00,42.9,770,
2019-10-27 00:00:00,42.9,770,
2019-10-27 04:00:00,42.89,760,
2019-10-27 08:00:00,42.88,751,2.62
2019-10-27 12:00:00,42.87,742,
2019-10-27 16:00:00,42.85,724,
2019-10-27 20:00:00,42.84,715,
2019-10-28 00:00:00,42.82,697,
2019-10-28 04:00:00,42.84,778,
2019-10-28 08:00:00,42.84,778,2.3
2019-10-28 12:00:00,42.82,768,
2019-10-28 16:00:00,42.82,768,
2019-10-28 20:00:00,42.82,768,
2019-10-29 00:00:00,42.82,768,
2019-10-29 04:00:00,42.81,762,
2019-10-29 08:00:00,42.81,762,2.8
2019-10-29 12:00:00,42.78,746,
2019-10-29 16:00:00,42.78,746,
2019-10-29 20:00:00,42.78,746,
2019-10-30 00:00:00,42.77,741,
2019-10-30 04:00:00,42.75,732,
2019-10-30 08:00:00,42.75,732,2.36
2019-10-30 10:00:00,42.75,732,
2019-10-30 12:00:00,42.73,722,
2019-10-30 16:00:00,42.73,722,
2019-10-30 20:00:00,42.74,727,
2019-10-31 00:00:00,42.71,713,
2019-10-31 04:00:00,42.72,717,
2019-10-31 08:00:00,42.75,732,2.14
2019-10-31 12:00:00,42.77,741,
2019-10-31 16:00:00,42.73,722,
2019-10-31 20:00:00,42.75,732,
2019-11-01 00:00:00,42.74,727,
2019-11-01 04:00:00,42.74,727,
2019-11-01 08:00:00,42.74,727,2.3
2019-11-01 12:00:00,42.75,732,
2019-11-01 16:00:00,42.73,722,
2019-11-01 20:00:00,42.71,713,
2019-11-02 00:00:00,42.72,717,
2019-11-02 04:00:00,42.69,704,
2019-11-02 08:00:00,42.7,708,2.55
2019-11-02 12:00:00,42.72,717,
2019-11-02 16:00:00,42.73,722,
2019-11-02 20:00:00,42.72,717,
2019-11-03 00:00:00,42.7,708,
2019-11-03 04:00:00,42.68,700,
2019-11-03 08:00:00,42.68,700,2.31
2019-11-03 12:00:00,42.67,696,
2019-11-03 16:00:00,42.65,687,
2019-11-03 20:00:00,42.64,683,
2019-11-04 00:00:00,42.65,687,
2019-11-04 04:00:00,42.63,679,
2019-11-04 08:00:00,42.64,683,1.97
2019-11-04 12:00:00,42.63,679,
2019-11-04 16:00:00,42.61,671,
2019-11-04 20:00:00,42.64,683,
2019-11-05 00:00:00,42.63,679,
2019-11-05 04:00:00,42.62,675,
2019-11-05 08:00:00,42.6,666,2.73
2019-11-05 12:00:00,42.64,683,
2019-11-05 16:00:00,42.6,666,
2019-11-05 20:00:00,42.61,671,
2019-11-06 00:00:00,42.61,671,
2019-11-06 04:00:00,42.62,675,
2019-11-06 08:00:00,42.62,675,2.7
2019-11-06 12:00:00,42.6,666,
2019-11-06 16:00:00,42.62,675,
2019-11-06 20:00:00,42.62,675,
2019-11-07 00:00:00,42.61,671,
2019-11-07 04:00:00,42.59,662,
2019-11-07 08:00:00,42.6,666,2.26
2019-11-07 12:00:00,42.59,662,
2019-11-07 16:00:00,42.6,666,
2019-11-07 20:00:00,42.58,658,
2019-11-08 00:00:00,42.56,650,
2019-11-08 04:00:00,42.57,654,
2019-11-08 08:00:00,42.58,658,2.57
2019-11-08 12:00:00,42.61,671,
2019-11-08 16:00:00,42.57,654,
2019-11-08 20:00:00,42.6,666,
2019-11-09 00:00:00,42.6,666,
2019-11-09 04:00:00,42.58,658,
2019-11-09 08:00:00,42.57,654,2.47
2019-11-09 12:00:00,42.53,638,
2019-11-09 16:00:00,42.57,654,
2019-11-09 20:00:00,42.56,650,
2019-11-10 00:00:00,42.55,646,
2019-11-10 04:00:00,42.55,646,
2019-11-10 08:00:00,42.56,650,2.58
2019-11-10 12:00:00,42.55,646,
2019-11-10 16:00:00,42.55,646,
2019-11-10 20:00:00,42.55,646,
2019-11-11 00:00:00,42.57,654,
2019-11-11 04:00:00,42.59,662,
2019-11-11 08:00:00,42.57,654,1.94
2019-11-11 10:00:00,42.58,658,2.32
2019-11-11 12:00:00,42.59,662,
2019-11-11 16:00:00,42.57,654,
2019-11-11 20:00:00,42.57,654,
2019-11-12 00:00:00,42.58,658,
2019-11-12 04:00:00,42.56,650,
2019-11-12 08:00:00,42.57,654,2.48
2019-11-12 12:00:00,42.56,650,
2019-11-12 16:00:00,42.54,642,
2019-11-12 20:00:00,42.54,642,
2019-11-13 00:00:00,42.56,650,
2019-11-13 04:00:00,42.59,662,
2019-11-13 08:00:00,42.59,662,2.59
2019-11-13 12:00:00,42.59,662,
2019-11-13 16:00:00,42.58,658,
2019-11-13 20:00:00,42.59,662,
2019-11-14 00:00:00,42.57,654,
2019-11-14 04:00:00,42.57,654,
2019-11-14 08:00:00,42.58,658,2.15
2019-11-14 12:00:00,42.56,650,
2019-11-14 16:00:00,42.54,642,
2019-11-14 20:00:00,42.55,646,
2019-11-15 00:00:00,42.49,464,
2019-11-15 04:00:00,42.49,464,
2019-11-15 08:00:00,42.67,576,3.67
2019-11-15 10:00:00,42.6,528,
2019-11-15 12:00:00,42.48,458,
2019-11-15 16:00:00,42.47,453,
2019-11-15 20:00:00,42.66,569,
2019-11-16 00:00:00,42.57,511,
2019-11-16 04:00:00,42.52,481,
2019-11-16 08:00:00,42.58,517,2.12
2019-11-16 12:00:00,42.7,599,
2019-11-16 16:00:00,42.55,499,
2019-11-16 20:00:00,42.62,541,
2019-11-17 00:00:00,42.53,487,
2019-11-17 04:00:00,42.57,511,
2019-11-17 08:00:00,42.6,528,1.8
2019-11-17 12:00:00,42.55,499,
2019-11-17 14:00:00,42.76,646,
2019-11-17 16:00:00,42.75,638,
2019-11-17 20:00:00,42.52,426,
2019-11-18 00:00:00,42.58,453,
2019-11-18 04:00:00,42.57,448,
2019-11-18 08:00:00,42.65,488,1.58
2019-11-18 12:00:00,42.72,521,
2019-11-18 16:00:00,42.6,464,
2019-11-18 20:00:00,42.62,473,
2019-11-19 00:00:00,42.58,453,
2019-11-19 04:00:00,42.57,448,
2019-11-19 08:00:00,42.69,506,1.75
2019-11-19 12:00:00,42.68,502,
2019-11-19 16:00:00,42.65,488,
2019-11-19 20:00:00,42.73,526,
2019-11-20 00:00:00,42.65,488,
2019-11-20 04:00:00,42.47,405,
2019-11-20 08:00:00,42.51,421,1.56
2019-11-20 12:00:00,42.59,459,
2019-11-20 16:00:00,42.69,506,
2019-11-20 20:00:00,42.7,511,
2019-11-21 00:00:00,42.56,444,
2019-11-21 04:00:00,42.52,426,
2019-11-21 08:00:00,42.61,468,1.53
2019-11-21 12:00:00,42.57,448,
2019-11-21 16:00:00,42.57,448,
2019-11-21 20:00:00,42.62,473,
2019-11-22 00:00:00,42.64,483,
2019-11-22 04:00:00,42.51,421,
2019-11-22 08:00:00,42.48,409,1.32
2019-11-22 12:00:00,42.45,397,
2019-11-22 16:00:00,42.48,409,
2019-11-22 20:00:00,42.53,430,
2019-11-23 00:00:00,42.55,439,
2019-11-23 04:00:00,42.41,383,
2019-11-23 08:00:00,42.5,417,1.31
2019-11-23 12:00:00,42.53,430,
2019-11-23 16:00:00,42.49,413,
2019-11-23 20:00:00,42.62,473,
2019-11-24 00:00:00,42.5,417,
2019-11-24 04:00:00,42.45,397,
2019-11-24 08:00:00,42.47,405,1.33
2019-11-24 12:00:00,42.49,413,
2019-11-24 16:00:00,42.49,413,
2019-11-24 20:00:00,42.5,417,
2019-11-25 00:00:00,42.52,426,
2019-11-25 04:00:00,42.55,439,
2019-11-25 08:00:00,42.73,526,1.84
2019-11-25 12:00:00,42.51,376,
2019-11-25 16:00:00,42.58,408,
2019-11-25 20:00:00,42.72,476,
2019-11-26 00:00:00,42.58,408,
2019-11-26 04:00:00,42.51,376,
2019-11-26 08:00:00,42.52,381,1.33
2019-11-26 12:00:00,42.53,385,
2019-11-26 16:00:00,42.54,389,
2019-11-26 20:00:00,42.59,414,
2019-11-27 00:00:00,42.66,447,
2019-11-27 04:00:00,42.63,433,
2019-11-27 08:00:00,42.59,414,0.983
2019-11-27 12:00:00,42.56,398,
2019-11-27 16:00:00,42.55,394,
2019-11-27 20:00:00,42.55,394,
2019-11-28 00:00:00,42.55,394,
2019-11-28 04:00:00,42.56,398,
2019-11-28 08:00:00,42.65,443,1.19
2019-11-28 12:00:00,42.64,438,
2019-11-28 16:00:00,42.6,419,
2019-11-28 20:00:00,42.6,419,
2019-11-29 00:00:00,42.69,461,
2019-11-29 04:00:00,42.62,428,
2019-11-29 08:00:00,42.6,419,1.0
2019-11-29 12:00:00,42.6,419,
2019-11-29 16:00:00,42.59,414,
2019-11-29 20:00:00,42.62,428,
2019-11-30 00:00:00,42.7,466,
2019-11-30 04:00:00,42.62,428,
2019-11-30 08:00:00,42.63,433,1.39
2019-11-30 12:00:00,42.61,423,
2019-11-30 16:00:00,42.61,423,
2019-11-30 20:00:00,42.7,466,
2019-12-01 00:00:00,42.62,428,
2019-12-01 04:00:00,42.58,408,
2019-12-01 08:00:00,42.57,403,1.28
2019-12-01 12:00:00,42.58,408,
2019-12-01 16:00:00,42.65,443,
2019-12-01 20:00:00,42.63,433,
2019-12-02 00:00:00,42.59,414,
2019-12-02 04:00:00,42.59,414,
2019-12-02 08:00:00,42.6,419,1.26
2019-12-02 12:00:00,42.58,408,
2019-12-02 16:00:00,42.54,389,
2019-12-02 20:00:00,42.59,414,
2019-12-03 00:00:00,42.62,428,
2019-12-03 04:00:00,42.6,419,
2019-12-03 08:00:00,42.57,403,1.7
2019-12-03 12:00:00,42.56,398,
2019-12-03 16:00:00,42.57,403,
2019-12-03 20:00:00,42.7,466,
2019-12-04 00:00:00,42.6,419,
2019-12-04 04:00:00,42.58,408,
2019-12-04 08:00:00,42.58,408,1.35
2019-12-04 12:00:00,42.58,408,
2019-12-04 16:00:00,42.66,527,
2019-12-04 20:00:00,42.67,538,
2019-12-05 00:00:00,42.6,473,
2019-12-05 04:00:00,42.62,487,
2019-12-05 08:00:00,42.58,465,1.1
2019-12-05 12:00:00,42.54,446,
2019-12-05 16:00:00,42.54,446,
2019-12-05 20:00:00,42.53,442,
2019-12-06 00:00:00,42.54,446,
2019-12-06 04:00:00,42.56,456,
2019-12-06 08:00:00,42.64,507,1.66
2019-12-06 10:00:00,42.61,479,1.55
2019-12-06 12:00:00,42.56,456,
2019-12-06 16:00:00,42.53,442,
2019-12-06 20:00:00,42.54,446,
2019-12-07 00:00:00,42.52,438,
2019-12-07 04:00:00,42.52,438,
2019-12-07 08:00:00,42.52,438,1.52
2019-12-07 12:00:00,42.52,438,
2019-12-07 16:00:00,42.51,433,
2019-12-07 20:00:00,42.5,429,
2019-12-08 00:00:00,42.51,433,
2019-12-08 04:00:00,42.61,479,
2019-12-08 08:00:00,42.58,408,1.45
2019-12-08 12:00:00,42.54,389,
2019-12-08 16:00:00,42.53,385,
2019-12-08 20:00:00,42.54,389,
2019-12-09 00:00:00,42.62,428,
2019-12-09 04:00:00,42.57,403,
2019-12-09 08:00:00,42.54,389,1.3
2019-12-09 12:00:00,42.52,381,
2019-12-09 16:00:00,42.5,372,
2019-12-09 20:00:00,42.51,376,
2019-12-10 00:00:00,42.58,408,
2019-12-10 04:00:00,42.58,408,
2019-12-10 08:00:00,42.55,394,1.34
2019-12-10 10:00:00,42.55,394,
2019-12-10 12:00:00,42.54,389,
2019-12-10 16:00:00,42.52,381,
2019-12-10 20:00:00,42.52,381,
2019-12-11 00:00:00,42.6,419,
2019-12-11 04:00:00,42.54,389,
2019-12-11 08:00:00,42.52,381,1.38
2019-12-11 12:00:00,42.5,372,
2019-12-11 16:00:00,42.45,353,
2019-12-11 20:00:00,42.46,357,
2019-12-12 00:00:00,42.55,451,
2019-12-12 04:00:00,42.5,429,
2019-12-12 08:00:00,42.45,409,1.36
2019-12-12 12:00:00,42.41,391,
2019-12-12 16:00:00,42.41,391,
2019-12-12 20:00:00,42.44,404,
2019-12-13 00:00:00,42.48,421,
2019-12-13 04:00:00,42.5,429,
2019-12-13 08:00:00,42.46,413,1.34
2019-12-13 12:00:00,42.45,409,
2019-12-13 16:00:00,42.43,400,
2019-12-13 20:00:00,42.53,442,
2019-12-14 00:00:00,42.5,429,
2019-12-14 04:00:00,42.58,465,
2019-12-14 08:00:00,42.53,442,1.32
2019-12-14 12:00:00,42.52,438,
2019-12-14 16:00:00,42.49,425,
2019-12-14 20:00:00,42.5,429,
2019-12-15 00:00:00,42.56,456,
2019-12-15 04:00:00,42.53,442,
2019-12-15 08:00:00,42.5,429,1.65
2019-12-15 12:00:00,42.5,429,
2019-12-15 16:00:00,42.46,413,
2019-12-15 20:00:00,42.45,409,
2019-12-16 00:00:00,42.48,421,
2019-12-16 04:00:00,42.49,425,
2019-12-16 08:00:00,42.46,413,1.34
2019-12-16 12:00:00,42.46,413,
2019-12-16 16:00:00,42.58,465,
2019-12-16 20:00:00,42.58,465,
2019-12-17 00:00:00,42.53,442,
2019-12-17 04:00:00,42.52,438,
2019-12-17 08:00:00,42.48,421,1.38
2019-12-17 12:00:00,42.48,421,
2019-12-17 16:00:00,42.5,429,
2019-12-17 20:00:00,42.49,425,
2019-12-18 00:00:00,42.64,507,
2019-12-18 04:00:00,42.62,487,
2019-12-18 08:00:00,42.56,456,1.24
2019-12-18 12:00:00,42.54,446,
2019-12-18 16:00:00,42.51,433,
2019-12-18 20:00:00,42.47,417,
2019-12-19 00:00:00,42.44,404,
2019-12-19 04:00:00,42.46,413,
2019-12-19 08:00:00,42.56,456,1.5
2019-12-19 12:00:00,42.5,429,
2019-12-19 16:00:00,42.42,396,
2019-12-19 20:00:00,42.39,383,
2019-12-20 00:00:00,42.47,417,
2019-12-20 04:00:00,42.49,425,
2019-12-20 08:00:00,42.44,404,1.2
2019-12-20 12:00:00,42.4,387,
2019-12-20 16:00:00,42.38,379,
2019-12-20 20:00:00,42.36,370,
2019-12-21 00:00:00,42.36,370,
2019-12-21 04:00:00,42.38,379,
2019-12-21 08:00:00,42.44,404,1.43
2019-12-21 12:00:00,42.4,387,
2019-12-21 16:00:00,42.38,379,
2019-12-21 20:00:00,42.37,374,
2019-12-22 00:00:00,42.35,365,
2019-12-22 04:00:00,42.39,383,
2019-12-22 08:00:00,42.36,370,1.12
2019-12-22 12:00:00,42.34,361,
2019-12-22 16:00:00,42.32,351,
2019-12-22 20:00:00,42.31,347,
2019-12-23 00:00:00,42.3,342,
2019-12-23 04:00:00,42.31,347,
2019-12-23 08:00:00,42.31,347,1.12
2019-12-23 12:00:00,42.31,347,
2019-12-23 16:00:00,42.31,347,
2019-12-23 18:00:00,42.29,337,
2019-12-23 20:00:00,42.3,342,
2019-12-24 00:00:00,42.39,383,
2019-12-24 04:00:00,42.44,404,
2019-12-24 08:00:00,42.41,391,0.876
2019-12-24 12:00:00,42.4,387,
2019-12-24 16:00:00,42.4,387,
2019-12-24 20:00:00,42.37,374,
2019-12-25 00:00:00,42.39,383,
2019-12-25 04:00:00,42.46,413,
2019-12-25 08:00:00,42.42,396,1.05
2019-12-25 12:00:00,42.39,383,
2019-12-25 16:00:00,42.38,379,
2019-12-25 20:00:00,42.38,379,
2019-12-26 00:00:00,42.35,365,
2019-12-26 04:00:00,42.34,361,
2019-12-26 08:00:00,42.35,365,0.821
2019-12-26 12:00:00,42.39,383,
2019-12-26 16:00:00,42.42,396,
2019-12-26 20:00:00,42.47,417,
2019-12-27 00:00:00,42.46,413,
2019-12-27 04:00:00,42.45,409,
2019-12-27 08:00:00,42.42,396,1.11
2019-12-27 12:00:00,42.41,391,
2019-12-27 16:00:00,42.38,379,
2019-12-27 20:00:00,42.54,446,
2019-12-28 00:00:00,42.58,465,
2019-12-28 04:00:00,42.65,517,
2019-12-28 08:00:00,42.71,587,1.58
2019-12-28 12:00:00,42.68,548,
2019-12-28 16:00:00,42.68,548,
2019-12-28 20:00:00,42.6,473,
2019-12-29 00:00:00,42.6,473,
2019-12-29 04:00:00,42.53,442,
2019-12-29 08:00:00,42.53,442,1.85
2019-12-29 12:00:00,42.51,433,
2019-12-29 16:00:00,42.52,438,
2019-12-29 20:00:00,42.49,425,
2019-12-30 00:00:00,42.53,442,
2019-12-30 04:00:00,42.51,433,
2019-12-30 08:00:00,42.57,460,1.7
2019-12-30 12:00:00,42.61,479,
2019-12-30 16:00:00,42.61,479,
2019-12-30 20:00:00,42.6,473,
2019-12-31 00:00:00,42.66,527,
2019-12-31 04:00:00,42.75,640,
2019-12-31 08:00:00,42.67,538,1.98
2019-12-31 12:00:00,42.68,548,
2019-12-31 16:00:00,42.53,442,
2019-12-31 18:00:00,42.52,438,
2019-12-31 20:00:00,42.64,507,
2020-01-01 00:00:00,42.64,507,1.74
2020-01-01 04:00:00,42.66,524,
2020-01-01 08:00:00,42.63,499,1.53
2020-01-01 12:00:00,42.65,515,
2020-01-01 16:00:00,42.66,524,
2020-01-01 20:00:00,42.61,482,
2020-01-02 00:00:00,42.72,574,
2020-01-02 04:00:00,42.75,600,
2020-01-02 08:00:00,42.62,490,1.6
2020-01-02 12:00:00,42.56,445,
2020-01-02 16:00:00,42.53,425,
2020-01-02 20:00:00,42.5,408,
2020-01-03 00:00:00,42.51,413,
2020-01-03 04:00:00,42.68,540,
2020-01-03 06:00:00,42.56,445,
2020-01-03 08:00:00,42.52,419,1.46
2020-01-03 12:00:00,42.46,391,
2020-01-03 16:00:00,42.41,373,
2020-01-03 20:00:00,42.39,367,
2020-01-04 00:00:00,42.38,364,
2020-01-04 02:00:00,42.39,367,
2020-01-04 04:00:00,42.53,425,
2020-01-04 08:00:00,42.49,403,1.03
2020-01-04 11:00:00,42.46,391,1.12
2020-01-04 12:00:00,42.46,391,
2020-01-04 16:00:00,42.42,376,
2020-01-04 20:00:00,42.4,370,
2020-01-05 00:00:00,42.39,367,
2020-01-05 04:00:00,42.54,432,
2020-01-05 08:00:00,42.49,403,1.29
2020-01-05 20:00:00,42.38,364,
2020-01-06 00:00:00,42.37,361,
2020-01-06 04:00:00,42.36,358,
2020-01-06 08:00:00,42.37,361,0.94
2020-01-06 12:00:00,42.46,391,
2020-01-06 16:00:00,42.52,419,
2020-01-06 20:00:00,42.48,399,
2020-01-07 00:00:00,42.44,383,
2020-01-07 04:00:00,42.44,383,
2020-01-07 08:00:00,42.44,383,0.877
2020-01-07 12:00:00,42.44,383,
2020-01-07 16:00:00,42.45,387,
2020-01-07 20:00:00,42.47,395,
2020-01-08 00:00:00,42.47,395,
2020-01-08 04:00:00,42.55,438,
2020-01-08 08:00:00,42.68,540,1.15
2020-01-08 12:00:00,42.66,524,
2020-01-08 16:00:00,42.58,459,
2020-01-08 20:00:00,42.54,432,
2020-01-09 00:00:00,42.52,419,
2020-01-09 02:00:00,42.66,524,
2020-01-09 04:00:00,42.64,507,
2020-01-09 06:00:00,42.57,452,
2020-01-09 08:00:00,42.54,432,0.99
2020-01-09 12:00:00,42.5,408,
2020-01-09 16:00:00,42.47,395,
2020-01-09 20:00:00,42.45,387,
2020-01-10 00:00:00,42.44,383,
2020-01-10 02:00:00,42.5,408,
2020-01-10 04:00:00,42.64,507,
2020-01-10 06:00:00,42.6,474,
2020-01-10 08:00:00,42.54,432,1.21
2020-01-10 12:00:00,42.48,399,
2020-01-10 16:00:00,42.44,383,
2020-01-10 20:00:00,42.41,373,
2020-01-11 00:00:00,42.38,364,
2020-01-11 04:00:00,42.4,370,
2020-01-11 08:00:00,42.44,383,1.03
2020-01-11 12:00:00,42.4,370,
2020-01-11 16:00:00,42.36,358,
2020-01-11 20:00:00,42.34,352,
2020-01-12 00:00:00,42.33,350,
2020-01-12 04:00:00,42.31,345,
2020-01-12 08:00:00,42.4,370,0.971
2020-01-12 12:00:00,42.37,361,
2020-01-12 16:00:00,42.34,352,
2020-01-12 20:00:00,42.33,350,
2020-01-13 00:00:00,42.42,376,
2020-01-13 04:00:00,42.4,370,
2020-01-13 08:00:00,42.37,361,1.02
2020-01-13 12:00:00,42.35,355,
2020-01-13 16:00:00,42.33,350,
2020-01-13 20:00:00,42.32,347,
2020-01-14 00:00:00,42.32,347,
2020-01-14 04:00:00,42.39,367,
2020-01-14 08:00:00,42.39,367,0.999
2020-01-14 12:00:00,42.36,358,
2020-01-14 16:00:00,42.35,355,
2020-01-14 20:00:00,42.36,358,
2020-01-15 00:00:00,42.37,361,
2020-01-15 04:00:00,42.41,373,
2020-01-15 08:00:00,42.43,380,0.971
2020-01-15 12:00:00,42.4,370,
2020-01-15 16:00:00,42.37,361,
2020-01-15 20:00:00,42.34,352,
2020-01-16 00:00:00,42.32,347,
2020-01-16 04:00:00,42.36,358,
2020-01-16 08:00:00,42.38,364,0.971
2020-01-16 12:00:00,42.36,358,
2020-01-16 16:00:00,42.35,355,
2020-01-16 20:00:00,42.35,355,
2020-01-17 00:00:00,42.33,350,
2020-01-17 04:00:00,42.33,350,
2020-01-17 08:00:00,42.35,355,1.02
2020-01-17 12:00:00,42.34,352,
2020-01-17 16:00:00,42.33,350,
2020-01-17 20:00:00,42.31,345,
2020-01-18 00:00:00,42.3,344,
2020-01-18 04:00:00,42.33,350,
2020-01-18 08:00:00,42.37,361,0.98
2020-01-18 12:00:00,42.34,352,
2020-01-18 16:00:00,42.32,347,
2020-01-18 20:00:00,42.29,342,
2020-01-19 00:00:00,42.27,338,
2020-01-19 04:00:00,42.27,338,
2020-01-19 08:00:00,42.28,340,0.804
2020-01-19 12:00:00,42.29,342,
2020-01-19 16:00:00,42.28,340,
2020-01-19 20:00:00,42.27,338,
2020-01-20 00:00:00,42.28,340,
2020-01-20 04:00:00,42.31,345,
2020-01-20 08:00:00,42.3,344,0.99
2020-01-20 12:00:00,42.28,340,
2020-01-20 16:00:00,42.27,338,
2020-01-20 20:00:00,42.27,338,
2020-01-21 00:00:00,42.27,338,
2020-01-21 04:00:00,42.28,340,
2020-01-21 08:00:00,42.27,338,0.797
2020-01-21 12:00:00,42.25,333,
2020-01-21 16:00:00,42.25,333,
2020-01-21 20:00:00,42.25,333,
2020-01-22 00:00:00,42.25,333,
2020-01-22 04:00:00,42.25,333,
2020-01-22 08:00:00,42.25,333,0.781
2020-01-22 12:00:00,42.24,331,
2020-01-22 16:00:00,42.23,328,
2020-01-22 20:00:00,42.23,328,
2020-01-23 00:00:00,42.23,328,
2020-01-23 04:00:00,42.23,328,
2020-01-23 08:00:00,42.22,326,0.768
2020-01-23 12:00:00,42.21,324,
2020-01-23 16:00:00,42.19,319,
2020-01-23 20:00:00,42.2,321,
2020-01-24 00:00:00,42.21,324,
2020-01-24 04:00:00,42.23,328,
2020-01-24 08:00:00,42.23,328,0.814
2020-01-24 12:00:00,42.22,326,
2020-01-24 16:00:00,42.22,326,
2020-01-24 20:00:00,42.24,331,
2020-01-25 00:00:00,42.25,333,
2020-01-25 04:00:00,42.28,340,
2020-01-25 08:00:00,42.28,340,0.771
2020-01-25 12:00:00,42.28,340,
2020-01-25 16:00:00,42.28,340,
2020-01-25 20:00:00,42.28,340,
2020-01-26 00:00:00,42.29,342,
2020-01-26 04:00:00,42.28,340,
2020-01-26 08:00:00,42.27,338,1.1
2020-01-26 12:00:00,42.25,333,
2020-01-26 16:00:00,42.25,333,
2020-01-26 20:00:00,42.24,331,
2020-01-27 00:00:00,42.24,331,
2020-01-27 04:00:00,42.25,352,
2020-01-27 08:00:00,42.27,359,0.961
2020-01-27 12:00:00,42.27,359,
2020-01-27 16:00:00,42.27,359,
2020-01-27 20:00:00,42.29,367,
2020-01-28 00:00:00,42.3,371,
2020-01-28 04:00:00,42.33,381,
2020-01-28 08:00:00,42.33,381,1.13
2020-01-28 12:00:00,42.35,389,
2020-01-28 16:00:00,42.32,378,
2020-01-28 20:00:00,42.34,385,
2020-01-29 00:00:00,42.35,389,
2020-01-29 04:00:00,42.33,381,
2020-01-29 08:00:00,42.31,375,0.909
2020-01-29 12:00:00,42.29,367,
2020-01-29 16:00:00,42.28,364,
2020-01-29 20:00:00,42.29,367,
2020-01-30 00:00:00,42.29,367,
2020-01-30 04:00:00,42.29,367,
2020-01-30 08:00:00,42.3,371,0.89
2020-01-30 12:00:00,42.27,359,
2020-01-30 16:00:00,42.27,359,
2020-01-30 20:00:00,42.29,367,
2020-01-31 00:00:00,42.31,375,
2020-01-31 04:00:00,42.3,371,
2020-01-31 08:00:00,42.29,367,0.959
2020-01-31 12:00:00,42.28,364,
2020-01-31 16:00:00,42.27,359,
2020-01-31 20:00:00,42.3,371,
2020-02-01 00:00:00,42.29,367,
2020-02-01 04:00:00,42.28,364,
2020-02-01 08:00:00,42.26,355,1.05
2020-02-01 12:00:00,42.24,349,
2020-02-01 16:00:00,42.22,344,
2020-02-01 20:00:00,42.21,341,
2020-02-02 00:00:00,42.21,341,
2020-02-02 04:00:00,42.22,344,
2020-02-02 08:00:00,42.21,341,0.99
2020-02-02 12:00:00,42.2,339,
2020-02-02 16:00:00,42.19,337,
2020-02-02 20:00:00,42.19,337,
2020-02-03 00:00:00,42.2,339,
2020-02-03 04:00:00,42.19,337,
2020-02-03 08:00:00,42.18,334,0.949
2020-02-03 12:00:00,42.17,332,
2020-02-03 16:00:00,42.16,330,
2020-02-03 20:00:00,42.19,337,
2020-02-04 00:00:00,42.21,341,
2020-02-04 04:00:00,42.22,344,
2020-02-04 08:00:00,42.21,341,0.855
2020-02-04 12:00:00,42.18,334,
2020-02-04 16:00:00,42.17,332,
2020-02-04 20:00:00,42.16,330,
2020-02-05 00:00:00,42.14,327,
2020-02-05 04:00:00,42.14,327,
2020-02-05 08:00:00,42.13,325,0.885
2020-02-05 12:00:00,42.13,325,
2020-02-05 16:00:00,42.14,327,
2020-02-05 20:00:00,42.15,329,
2020-02-06 00:00:00,42.15,329,
2020-02-06 04:00:00,42.15,329,
2020-02-06 08:00:00,42.16,330,0.876
2020-02-06 12:00:00,42.16,330,
2020-02-06 16:00:00,42.17,332,
2020-02-06 20:00:00,42.16,330,
2020-02-07 00:00:00,42.17,332,
2020-02-07 04:00:00,42.17,332,
2020-02-07 08:00:00,42.16,330,0.942
2020-02-07 12:00:00,42.16,330,
2020-02-07 16:00:00,42.16,330,
2020-02-07 20:00:00,42.17,332,
2020-02-08 00:00:00,42.18,334,
2020-02-08 04:00:00,42.21,341,
2020-02-08 08:00:00,42.25,352,1.14
2020-02-08 12:00:00,42.28,364,
2020-02-08 16:00:00,42.29,367,
2020-02-08 20:00:00,42.34,385,
2020-02-09 00:00:00,42.36,393,
2020-02-09 04:00:00,42.38,403,
2020-02-09 08:00:00,42.38,403,1.5
2020-02-09 12:00:00,42.37,398,
2020-02-09 16:00:00,42.37,398,
2020-02-09 20:00:00,42.42,424,
2020-02-10 00:00:00,42.4,413,
2020-02-10 04:00:00,42.39,407,
2020-02-10 08:00:00,42.38,403,1.4
2020-02-10 12:00:00,42.38,403,
2020-02-10 16:00:00,42.37,398,
2020-02-10 20:00:00,42.39,407,
2020-02-11 00:00:00,42.33,381,
2020-02-11 04:00:00,42.29,367,
2020-02-11 08:00:00,42.34,385,1.27
2020-02-11 12:00:00,42.29,367,
2020-02-11 16:00:00,42.32,378,
2020-02-11 18:00:00,42.26,355,
2020-02-11 20:00:00,42.22,344,
2020-02-12 00:00:00,42.21,341,
2020-02-12 04:00:00,42.19,337,
2020-02-12 08:00:00,42.23,346,1.27
2020-02-12 12:00:00,42.2,339,
2020-02-12 16:00:00,42.23,346,
2020-02-12 20:00:00,42.15,329,
2020-02-13 00:00:00,42.13,325,
2020-02-13 04:00:00,42.12,323,
2020-02-13 08:00:00,42.15,329,0.931
2020-02-13 12:00:00,42.17,332,
2020-02-13 14:00:00,42.19,337,
2020-02-13 16:00:00,42.12,323,
2020-02-13 20:00:00,42.07,313,
2020-02-14 00:00:00,42.08,315,
2020-02-14 04:00:00,42.12,323,
2020-02-14 08:00:00,42.06,311,
2020-02-14 12:00:00,42.01,300,
2020-02-14 16:00:00,42.08,315,
2020-02-14 20:00:00,42.08,315,
2020-02-15 00:00:00,42.08,315,
2020-02-15 04:00:00,42.14,327,
2020-02-15 06:00:00,42.2,339,
2020-02-15 08:00:00,42.28,364,
2020-02-15 12:00:00,42.27,359,
2020-02-15 14:00:00,42.27,359,
2020-02-15 16:00:00,42.26,355,
2020-02-15 20:00:00,42.29,367,
2020-02-16 00:00:00,42.26,355,
2020-02-16 02:00:00,42.24,349,
2020-02-16 04:00:00,42.3,371,
2020-02-16 08:00:00,42.35,389,
2020-02-16 12:00:00,42.29,367,
2020-02-16 16:00:00,42.34,385,
2020-02-16 20:00:00,42.31,375,
2020-02-17 00:00:00,42.28,364,
2020-02-17 04:00:00,42.29,367,
2020-02-17 06:00:00,42.32,378,
2020-02-17 08:00:00,42.37,398,1.11
2020-02-17 12:00:00,42.33,381,
2020-02-17 16:00:00,42.36,393,
2020-02-17 20:00:00,42.32,378,
2020-02-17 22:00:00,42.29,367,
2020-02-18 00:00:00,42.26,355,
2020-02-18 04:00:00,42.25,352,
2020-02-18 08:00:00,42.29,367,
2020-02-18 12:00:00,42.34,385,
2020-02-18 16:00:00,42.3,371,
2020-02-18 20:00:00,42.23,346,
2020-02-19 00:00:00,42.17,332,
2020-02-19 04:00:00,42.26,465,
2020-02-19 08:00:00,42.26,465,
2020-02-19 12:00:00,42.2,435,
2020-02-19 14:00:00,42.18,425,
2020-02-19 16:00:00,42.14,404,
2020-02-19 20:00:00,42.16,414,
2020-02-20 00:00:00,42.23,450,
2020-02-20 04:00:00,42.27,470,
2020-02-20 08:00:00,42.27,470,1.18
2020-02-20 12:00:00,42.32,494,
2020-02-20 16:00:00,42.23,450,
2020-02-20 20:00:00,42.23,450,
2020-02-21 00:00:00,42.29,480,
2020-02-21 04:00:00,42.19,430,
2020-02-21 08:00:00,42.17,419,
2020-02-21 12:00:00,42.15,409,
2020-02-21 16:00:00,42.14,404,
2020-02-21 20:00:00,42.13,398,
2020-02-22 00:00:00,42.1,382,
2020-02-22 04:00:00,42.13,398,
2020-02-22 08:00:00,42.09,377,
2020-02-22 12:00:00,42.13,398,
2020-02-22 14:00:00,42.13,398,
2020-02-22 16:00:00,42.15,409,
2020-02-22 20:00:00,42.28,475,
2020-02-23 00:00:00,42.29,480,
2020-02-23 04:00:00,42.23,450,
2020-02-23 08:00:00,42.24,455,
2020-02-23 12:00:00,42.26,465,
2020-02-23 16:00:00,42.22,445,
2020-02-23 20:00:00,42.13,398,
2020-02-24 00:00:00,42.09,377,
2020-02-24 04:00:00,42.09,377,
2020-02-24 08:00:00,42.09,377,
2020-02-24 12:00:00,42.11,388,
2020-02-24 16:00:00,42.11,388,
2020-02-24 20:00:00,42.13,398,
2020-02-25 00:00:00,42.16,414,3.52
2020-02-25 02:00:00,42.2,435,
2020-02-25 04:00:00,42.22,445,
2020-02-25 08:00:00,42.23,450,3.68
2020-02-25 12:00:00,42.27,470,
2020-02-25 16:00:00,42.29,480,
2020-02-25 20:00:00,42.27,470,
2020-02-26 00:00:00,42.26,465,
2020-02-26 04:00:00,42.25,460,
2020-02-26 08:00:00,42.29,480,3.75
2020-02-26 11:00:00,42.31,489,3.89
2020-02-26 12:00:00,42.34,503,
2020-02-26 16:00:00,42.34,503,
2020-02-26 20:00:00,42.32,494,
2020-02-27 00:00:00,42.3,484,
2020-02-27 04:00:00,42.37,517,
2020-02-27 08:00:00,42.43,543,2.94
2020-02-27 12:00:00,42.44,549,
2020-02-27 16:00:00,42.39,527,
2020-02-27 20:00:00,42.34,503,2.6
2020-02-28 00:00:00,42.3,484,
2020-02-28 03:00:00,42.23,450,
2020-02-28 04:00:00,42.17,419,
2020-02-28 05:00:00,42.21,440,
2020-02-28 06:00:00,42.32,494,
2020-02-28 07:00:00,42.42,538,
2020-02-28 08:00:00,42.46,561,
2020-02-28 12:00:00,42.42,538,
2020-02-28 14:00:00,42.38,522,
2020-02-28 16:00:00,42.29,480,
2020-02-28 20:00:00,42.3,484,
2020-02-29 00:00:00,42.29,480,
2020-02-29 04:00:00,42.29,480,
2020-02-29 08:00:00,42.3,484,1.58
2020-02-29 12:00:00,42.33,498,
2020-02-29 16:00:00,42.33,498,
2020-02-29 20:00:00,42.39,527,
2020-03-01 00:00:00,42.47,568,
2020-03-01 02:00:00,42.49,583,
2020-03-01 03:00:00,42.55,629,
2020-03-01 04:00:00,42.57,647,
2020-03-01 08:00:00,42.63,701,
2020-03-01 12:00:00,42.66,733,
2020-03-01 16:00:00,42.65,720,
2020-03-01 20:00:00,42.63,701,
2020-03-02 00:00:00,42.61,682,
2020-03-02 04:00:00,42.6,673,
2020-03-02 08:00:00,42.59,664,2.52
2020-03-02 12:00:00,42.58,655,
2020-03-02 16:00:00,42.59,664,
2020-03-02 20:00:00,42.6,673,2.76
2020-03-03 00:00:00,42.59,664,
2020-03-03 04:00:00,42.58,655,
2020-03-03 08:00:00,42.56,638,2.99
2020-03-03 12:00:00,42.56,638,
2020-03-03 16:00:00,42.57,647,
2020-03-03 20:00:00,42.57,647,3.17
2020-03-04 00:00:00,42.57,647,3.23
2020-03-04 04:00:00,42.6,673,3.29
2020-03-04 08:00:00,42.67,743,
2020-03-04 12:00:00,42.63,701,
2020-03-04 16:00:00,42.63,701,
2020-03-04 20:00:00,42.62,691,
2020-03-05 00:00:00,42.62,691,
2020-03-05 04:00:00,42.62,691,3.65
2020-03-05 08:00:00,42.61,682,3.71
2020-03-05 12:00:00,42.61,682,
2020-03-05 16:00:00,42.61,682,3.69
2020-03-05 20:00:00,42.61,682,
2020-03-06 00:00:00,42.62,691,
2020-03-06 04:00:00,42.65,720,
2020-03-06 08:00:00,42.64,710,3.65
2020-03-06 12:00:00,42.64,710,
2020-03-06 16:00:00,42.63,701,
2020-03-06 20:00:00,42.63,701,
2020-03-07 00:00:00,42.62,691,
2020-03-07 04:00:00,42.63,701,
2020-03-07 08:00:00,42.66,733,
2020-03-07 10:00:00,42.71,780,
2020-03-07 12:00:00,42.72,789,
2020-03-07 14:00:00,42.67,743,
2020-03-07 16:00:00,42.63,701,
2020-03-07 20:00:00,42.6,673,
2020-03-08 00:00:00,42.58,655,
2020-03-08 04:00:00,42.59,664,
2020-03-08 08:00:00,42.61,682,3.49
2020-03-08 12:00:00,42.56,638,
2020-03-08 16:00:00,42.56,638,
2020-03-08 20:00:00,42.58,655,
2020-03-09 00:00:00,42.64,710,
2020-03-09 04:00:00,42.58,655,
2020-03-09 08:00:00,42.55,629,
2020-03-09 12:00:00,42.58,655,
2020-03-09 16:00:00,42.58,655,
2020-03-09 20:00:00,42.59,664,
2020-03-10 00:00:00,42.58,655,
2020-03-10 04:00:00,42.58,655,
2020-03-10 08:00:00,42.63,701,4.44
2020-03-10 12:00:00,42.64,710,
2020-03-10 14:00:00,42.62,691,
2020-03-10 16:00:00,42.58,655,
2020-03-10 20:00:00,42.57,647,
2020-03-11 00:00:00,42.57,647,
2020-03-11 04:00:00,42.56,638,
2020-03-11 08:00:00,42.57,647,3.51
2020-03-11 12:00:00,42.56,638,
2020-03-11 14:00:00,42.55,629,
2020-03-11 16:00:00,42.53,613,
2020-03-11 20:00:00,42.53,613,
2020-03-12 00:00:00,42.54,621,
2020-03-12 04:00:00,42.54,621,
2020-03-12 08:00:00,42.56,638,
2020-03-12 12:00:00,42.55,629,
2020-03-12 16:00:00,42.56,638,
2020-03-12 20:00:00,42.54,621,
2020-03-13 00:00:00,42.6,673,
2020-03-13 02:00:00,42.56,638,
2020-03-13 04:00:00,42.51,598,
2020-03-13 08:00:00,42.57,647,2.61
2020-03-13 12:00:00,42.54,621,
2020-03-13 16:00:00,42.54,621,
2020-03-13 20:00:00,42.54,621,
2020-03-14 00:00:00,42.53,613,
2020-03-14 04:00:00,42.53,613,
2020-03-14 08:00:00,42.54,621,
2020-03-14 12:00:00,42.54,621,
2020-03-14 16:00:00,42.52,605,
2020-03-14 20:00:00,42.53,613,
2020-03-15 00:00:00,42.52,605,
2020-03-15 04:00:00,42.51,598,
2020-03-15 08:00:00,42.53,613,
2020-03-15 12:00:00,42.53,613,
2020-03-15 16:00:00,42.54,621,
2020-03-15 20:00:00,42.55,629,
2020-03-16 00:00:00,42.55,629,
2020-03-16 04:00:00,42.53,613,
2020-03-16 08:00:00,42.49,583,
2020-03-16 10:00:00,42.46,561,
2020-03-16 12:00:00,42.41,533,
2020-03-16 14:00:00,42.52,605,
2020-03-16 16:00:00,42.57,647,
2020-03-16 20:00:00,42.6,673,
2020-03-17 00:00:00,42.55,629,
2020-03-17 04:00:00,42.53,613,
2020-03-17 08:00:00,42.55,629,2.33
2020-03-17 12:00:00,42.56,638,
2020-03-17 16:00:00,42.56,638,
2020-03-17 20:00:00,42.56,638,
2020-03-18 00:00:00,42.55,629,
2020-03-18 04:00:00,42.53,613,
2020-03-18 08:00:00,42.53,613,
2020-03-18 12:00:00,42.51,598,
2020-03-18 16:00:00,42.51,598,
2020-03-18 20:00:00,42.53,613,
2020-03-19 00:00:00,42.54,621,
2020-03-19 02:00:00,42.56,638,
2020-03-19 04:00:00,42.62,691,
2020-03-19 06:00:00,42.63,701,
2020-03-19 07:00:00,42.61,682,
2020-03-19 08:00:00,42.55,629,
2020-03-19 12:00:00,42.52,605,
2020-03-19 16:00:00,42.53,613,
2020-03-19 20:00:00,42.52,605,
2020-03-20 00:00:00,42.52,605,
2020-03-20 04:00:00,42.49,583,
2020-03-20 08:00:00,42.49,583,2.28
2020-03-20 12:00:00,42.5,590,
2020-03-20 16:00:00,42.48,575,
2020-03-20 20:00:00,42.5,590,
2020-03-21 00:00:00,42.53,613,
2020-03-21 04:00:00,42.54,621,
2020-03-21 08:00:00,42.52,605,
2020-03-21 12:00:00,42.53,613,
2020-03-21 16:00:00,42.52,605,
2020-03-21 20:00:00,42.55,629,
2020-03-22 00:00:00,42.54,621,
2020-03-22 04:00:00,42.57,647,
2020-03-22 08:00:00,42.57,647,
2020-03-22 12:00:00,42.57,647,
2020-03-22 16:00:00,42.54,621,
2020-03-22 20:00:00,42.54,621,
2020-03-23 00:00:00,42.59,664,
2020-03-23 01:00:00,42.62,691,
2020-03-23 02:00:00,42.67,743,
2020-03-23 04:00:00,42.67,743,
2020-03-23 08:00:00,42.68,752,
2020-03-23 12:00:00,42.71,780,
2020-03-23 13:00:00,42.73,798,
2020-03-23 16:00:00,42.74,807,
2020-03-23 20:00:00,42.77,833,
2020-03-24 00:00:00,42.8,851,
2020-03-24 04:00:00,42.81,860,
2020-03-24 08:00:00,42.8,851,4.61
2020-03-24 12:00:00,42.83,878,
2020-03-24 16:00:00,42.85,896,
2020-03-24 20:00:00,42.83,878,
2020-03-25 00:00:00,42.82,869,
2020-03-25 04:00:00,42.86,905,
2020-03-25 08:00:00,42.89,934,4.44
2020-03-25 12:00:00,42.88,924,
2020-03-25 16:00:00,42.9,944,
2020-03-25 20:00:00,42.91,954,
2020-03-26 00:00:00,42.95,999,
2020-03-26 04:00:00,42.87,915,
2020-03-26 08:00:00,42.87,915,
2020-03-26 12:00:00,42.92,964,
2020-03-26 16:00:00,42.94,989,
2020-03-26 20:00:00,42.9,944,
2020-03-27 00:00:00,42.9,944,
2020-03-27 04:00:00,42.88,924,
2020-03-27 08:00:00,42.9,944,4.45
2020-03-27 12:00:00,42.92,964,
2020-03-27 16:00:00,42.91,954,
2020-03-27 20:00:00,42.93,979,
2020-03-28 00:00:00,42.95,999,
2020-03-28 04:00:00,43.01,1060,
2020-03-28 06:00:00,43.06,1110,
2020-03-28 08:00:00,43.02,1070,4.84
2020-03-28 10:00:00,42.99,1040,
2020-03-28 12:00:00,42.97,1020,
2020-03-28 16:00:00,42.93,979,
2020-03-28 20:00:00,42.92,964,
2020-03-29 00:00:00,42.91,954,
2020-03-29 04:00:00,42.91,954,
2020-03-29 08:00:00,42.9,944,
2020-03-29 12:00:00,42.9,944,
2020-03-29 16:00:00,42.93,979,
2020-03-29 20:00:00,42.97,1020,
2020-03-30 00:00:00,42.98,1030,
2020-03-30 04:00:00,42.96,1010,
2020-03-30 08:00:00,42.96,1010,
2020-03-30 12:00:00,42.96,1010,
2020-03-30 16:00:00,42.95,999,
2020-03-30 20:00:00,42.97,1020,
2020-03-31 00:00:00,42.97,1020,
2020-03-31 04:00:00,42.97,1020,
2020-03-31 08:00:00,42.98,1030,4.47
2020-03-31 12:00:00,42.97,1020,
2020-03-31 16:00:00,42.99,1040,
2020-03-31 20:00:00,42.99,1040,
2020-04-01 00:00:00,42.98,1030,
2020-04-01 04:00:00,42.95,999,
2020-04-01 08:00:00,42.96,1010,
2020-04-01 12:00:00,43.0,1050,
2020-04-01 14:00:00,42.94,989,
2020-04-01 16:00:00,42.92,964,
2020-04-01 20:00:00,42.92,964,
2020-04-02 00:00:00,42.98,1030,
2020-04-02 04:00:00,42.96,1010,
2020-04-02 08:00:00,42.99,1040,
2020-04-02 10:00:00,43.02,1070,
2020-04-02 12:00:00,43.05,1100,
2020-04-02 16:00:00,43.05,1100,
2020-04-02 20:00:00,43.03,1080,
2020-04-03 00:00:00,42.99,1040,
2020-04-03 04:00:00,42.98,1030,
2020-04-03 08:00:00,42.93,979,4.47
2020-04-03 12:00:00,42.91,954,
2020-04-03 16:00:00,42.88,924,
2020-04-03 20:00:00,42.89,934,
2020-04-04 00:00:00,42.88,924,
2020-04-04 04:00:00,42.88,924,
2020-04-04 08:00:00,42.88,924,
2020-04-04 12:00:00,42.91,954,
2020-04-04 16:00:00,42.92,964,
2020-04-04 20:00:00,42.95,999,
2020-04-05 00:00:00,42.95,999,
2020-04-05 04:00:00,42.92,964,
2020-04-05 08:00:00,42.89,934,4.56
2020-04-05 12:00:00,42.89,934,
2020-04-05 16:00:00,42.89,934,
2020-04-05 20:00:00,42.95,999,
2020-04-06 00:00:00,42.92,964,
2020-04-06 04:00:00,42.91,954,
2020-04-06 08:00:00,42.86,905,
2020-04-06 12:00:00,42.81,860,
2020-04-06 16:00:00,42.78,834,
2020-04-06 20:00:00,42.75,816,
2020-04-07 00:00:00,42.75,816,
2020-04-07 04:00:00,42.74,807,
2020-04-07 08:00:00,42.75,816,3.56
2020-04-07 12:00:00,42.75,816,
2020-04-07 14:00:00,42.78,834,
2020-04-07 16:00:00,42.79,843,
2020-04-07 20:00:00,42.79,843,
2020-04-08 00:00:00,42.79,843,
2020-04-08 04:00:00,42.82,869,
2020-04-08 08:00:00,42.85,896,
2020-04-08 12:00:00,42.8,851,
2020-04-08 16:00:00,42.79,843,
2020-04-08 20:00:00,42.79,843,
2020-04-09 00:00:00,42.77,833,
2020-04-09 04:00:00,42.78,834,
2020-04-09 08:00:00,42.76,824,
2020-04-09 12:00:00,42.76,824,
2020-04-09 16:00:00,42.78,834,
2020-04-09 20:00:00,42.75,816,
2020-04-10 00:00:00,42.79,843,
2020-04-10 04:00:00,42.78,834,
2020-04-10 08:00:00,42.82,869,3.01
2020-04-10 10:00:00,42.85,896,
2020-04-10 12:00:00,42.88,924,
2020-04-10 14:00:00,42.94,989,
2020-04-10 15:00:00,43.01,1060,
2020-04-10 16:00:00,43.07,1120,
2020-04-10 20:00:00,43.04,1090,
2020-04-11 00:00:00,43.0,1050,
2020-04-11 04:00:00,43.03,1080,
2020-04-11 08:00:00,43.04,1090,4.85
2020-04-11 12:00:00,43.04,1090,
2020-04-11 16:00:00,43.05,1100,
2020-04-11 18:00:00,43.1,1160,
2020-04-11 20:00:00,43.16,1250,
2020-04-12 00:00:00,43.14,1230,
2020-04-12 04:00:00,43.12,1200,
2020-04-12 08:00:00,43.14,1230,7.26
2020-04-12 12:00:00,43.13,1210,
2020-04-12 16:00:00,43.12,1200,
2020-04-12 20:00:00,43.16,1250,
2020-04-13 00:00:00,43.12,1200,
2020-04-13 04:00:00,43.15,1240,
2020-04-13 08:00:00,43.18,1280,8.25
2020-04-13 12:00:00,43.17,1260,
2020-04-13 16:00:00,43.17,1260,
2020-04-13 20:00:00,43.19,1290,
2020-04-14 00:00:00,43.24,1350,
2020-04-14 04:00:00,43.2,1300,
2020-04-14 08:00:00,43.2,1300,8.58
2020-04-14 12:00:00,43.17,1260,
2020-04-14 16:00:00,43.19,1290,
2020-04-14 20:00:00,43.15,1240,
2020-04-15 00:00:00,43.15,1240,
2020-04-15 04:00:00,43.21,1310,
2020-04-15 08:00:00,43.23,1340,9.05
2020-04-15 12:00:00,43.21,1310,
2020-04-15 16:00:00,43.15,1240,
2020-04-15 20:00:00,43.14,1230,
2020-04-16 00:00:00,43.17,1260,
2020-04-16 04:00:00,43.14,1230,
2020-04-16 08:00:00,43.17,1260,
2020-04-16 12:00:00,43.21,1310,
2020-04-16 14:00:00,43.14,1230,
2020-04-16 16:00:00,43.1,1160,
2020-04-16 20:00:00,43.11,1190,
2020-04-16 22:00:00,43.15,1240,
2020-04-17 00:00:00,43.21,1310,
2020-04-17 04:00:00,43.17,1260,
2020-04-17 08:00:00,43.13,1210,7.93
2020-04-17 12:00:00,43.19,1290,
2020-04-17 16:00:00,43.14,1230,
2020-04-17 20:00:00,43.13,1210,
2020-04-18 00:00:00,43.14,1230,
2020-04-18 04:00:00,43.18,1280,
2020-04-18 08:00:00,43.16,1250,
2020-04-18 12:00:00,43.16,1250,
2020-04-18 16:00:00,43.16,1250,
2020-04-18 20:00:00,43.2,1300,
2020-04-19 00:00:00,43.16,1250,
2020-04-19 04:00:00,43.16,1250,
2020-04-19 08:00:00,43.14,1230,
2020-04-19 12:00:00,43.18,1280,
2020-04-19 16:00:00,43.22,1320,
2020-04-19 20:00:00,43.27,1390,
2020-04-19 22:00:00,43.24,1350,
2020-04-20 00:00:00,43.2,1300,
2020-04-20 04:00:00,43.18,1280,
2020-04-20 05:00:00,43.21,1310,
2020-04-20 08:00:00,43.26,1370,8.88
2020-04-20 10:00:00,43.23,1340,
2020-04-20 12:00:00,43.2,1300,
2020-04-20 16:00:00,43.23,1340,
2020-04-20 20:00:00,43.24,1350,
2020-04-21 00:00:00,43.31,1430,
2020-04-21 04:00:00,43.26,1370,
2020-04-21 08:00:00,43.24,1350,
2020-04-21 12:00:00,43.26,1370,
2020-04-21 16:00:00,43.29,1410,
2020-04-21 20:00:00,43.29,1410,
2020-04-22 00:00:00,43.29,1410,
2020-04-22 04:00:00,43.28,1400,
2020-04-22 08:00:00,43.3,1420,7.81
2020-04-22 12:00:00,43.34,1470,
2020-04-22 16:00:00,43.32,1440,
2020-04-22 18:00:00,43.35,1480,
2020-04-22 20:00:00,43.41,1540,
2020-04-23 00:00:00,43.46,1590,
2020-04-23 04:00:00,43.46,1590,
2020-04-23 08:00:00,43.49,1620,
2020-04-23 12:00:00,43.47,1600,
2020-04-23 16:00:00,43.46,1590,
2020-04-23 20:00:00,43.48,1610,
2020-04-24 00:00:00,43.48,1610,
2020-04-24 04:00:00,43.51,1640,
2020-04-24 08:00:00,43.55,1670,11.7
2020-04-24 12:00:00,43.54,1670,
2020-04-24 16:00:00,43.53,1660,
2020-04-24 20:00:00,43.52,1650,
2020-04-25 00:00:00,43.5,1630,
2020-04-25 04:00:00,43.51,1640,
2020-04-25 08:00:00,43.51,1640,11.4
2020-04-25 12:00:00,43.49,1620,
2020-04-25 16:00:00,43.52,1650,
2020-04-25 20:00:00,43.5,1630,
2020-04-26 00:00:00,43.54,1670,
2020-04-26 04:00:00,43.55,1670,
2020-04-26 08:00:00,43.52,1650,
2020-04-26 12:00:00,43.54,1670,
2020-04-26 16:00:00,43.47,1600,
2020-04-26 20:00:00,43.48,1610,
2020-04-27 00:00:00,43.51,1640,
2020-04-27 04:00:00,43.49,1620,
2020-04-27 08:00:00,43.54,1670,11.2
2020-04-27 10:00:00,43.58,1700,
2020-04-27 12:00:00,43.56,1660,
2020-04-27 16:00:00,43.49,1540,
2020-04-27 20:00:00,43.5,1560,
2020-04-28 00:00:00,43.5,1560,
2020-04-28 04:00:00,43.53,1610,
2020-04-28 08:00:00,43.56,1660,
2020-04-28 12:00:00,43.52,1590,
2020-04-28 16:00:00,43.5,1560,
2020-04-28 20:00:00,43.52,1590,
2020-04-29 00:00:00,43.49,1540,
2020-04-29 04:00:00,43.47,1510,
2020-04-29 08:00:00,43.42,1440,
2020-04-29 12:00:00,43.39,1410,
2020-04-29 16:00:00,43.38,1400,
2020-04-29 20:00:00,43.39,1410,
2020-04-30 00:00:00,43.38,1400,
2020-04-30 04:00:00,43.36,1370,
2020-04-30 08:00:00,43.34,1350,5.83
2020-04-30 12:00:00,43.31,1320,
2020-04-30 16:00:00,43.29,1300,
2020-04-30 20:00:00,43.27,1290,
2020-05-01 00:00:00,43.26,1280,
2020-05-01 04:00:00,43.25,1270,
2020-05-01 08:00:00,43.25,1270,5.48
2020-05-01 12:00:00,43.23,1250,
2020-05-01 16:00:00,43.22,1250,
2020-05-01 20:00:00,43.26,1280,
2020-05-02 00:00:00,43.24,1260,
2020-05-02 04:00:00,43.21,1240,
2020-05-02 08:00:00,43.22,1250,
2020-05-02 12:00:00,43.21,1240,
2020-05-02 16:00:00,43.2,1230,
2020-05-02 20:00:00,43.19,1220,
2020-05-03 00:00:00,43.21,1240,
2020-05-03 04:00:00,43.21,1240,
2020-05-03 08:00:00,43.22,1250,6.17
2020-05-03 12:00:00,43.2,1230,
2020-05-03 16:00:00,43.19,1220,
2020-05-03 20:00:00,43.21,1240,
2020-05-04 00:00:00,43.19,1220,
2020-05-04 04:00:00,43.17,1200,
2020-05-04 08:00:00,43.19,1220,
2020-05-04 12:00:00,43.18,1210,
2020-05-04 16:00:00,43.14,1180,
2020-05-04 20:00:00,43.16,1200,
2020-05-05 00:00:00,43.16,1200,
2020-05-05 04:00:00,43.19,1220,
2020-05-05 08:00:00,43.19,1220,6.41
2020-05-05 12:00:00,43.18,1210,
2020-05-05 16:00:00,43.17,1200,
2020-05-05 20:00:00,43.19,1220,
2020-05-05 22:00:00,43.24,1260,
2020-05-06 00:00:00,43.29,1300,
2020-05-06 04:00:00,43.2,1230,
2020-05-06 08:00:00,43.24,1260,6.56
2020-05-06 12:00:00,43.21,1240,
2020-05-06 16:00:00,43.22,1250,
2020-05-06 20:00:00,43.23,1250,
2020-05-07 00:00:00,43.23,1250,
2020-05-07 04:00:00,43.23,1250,
2020-05-07 08:00:00,43.23,1250,
2020-05-07 12:00:00,43.22,1250,
2020-05-07 16:00:00,43.23,1250,
2020-05-07 20:00:00,43.22,1250,
2020-05-08 00:00:00,43.22,1250,
2020-05-08 04:00:00,43.26,1280,
2020-05-08 08:00:00,43.27,1290,
2020-05-08 12:00:00,43.3,1310,
2020-05-08 16:00:00,43.25,1270,
2020-05-08 20:00:00,43.28,1290,
2020-05-09 00:00:00,43.3,1310,
2020-05-09 04:00:00,43.32,1330,
2020-05-09 06:00:00,43.35,1360,
2020-05-09 08:00:00,43.35,1360,6.92
2020-05-09 12:00:00,43.3,1310,
2020-05-09 16:00:00,43.35,1360,
2020-05-09 20:00:00,43.3,1310,
2020-05-10 00:00:00,43.27,1290,
2020-05-10 04:00:00,43.29,1300,
2020-05-10 08:00:00,43.32,1330,5.48
2020-05-10 12:00:00,43.28,1290,
2020-05-10 16:00:00,43.33,1340,
2020-05-10 20:00:00,43.26,1280,
2020-05-11 00:00:00,43.26,1280,
2020-05-11 04:00:00,43.28,1290,
2020-05-11 08:00:00,43.27,1290,
2020-05-11 12:00:00,43.23,1250,
2020-05-11 16:00:00,43.25,1270,
2020-05-11 20:00:00,43.27,1290,
2020-05-12 00:00:00,43.25,1270,
2020-05-12 04:00:00,43.23,1250,
2020-05-12 08:00:00,43.24,1260,
2020-05-12 12:00:00,43.21,1240,
2020-05-12 16:00:00,43.23,1250,
2020-05-12 20:00:00,43.21,1240,
2020-05-13 00:00:00,43.23,1250,
2020-05-13 04:00:00,43.25,1270,
2020-05-13 08:00:00,43.22,1250,4.88
2020-05-13 10:00:00,43.19,1220,
2020-05-13 12:00:00,43.16,1200,
2020-05-13 16:00:00,43.14,1180,
2020-05-13 20:00:00,43.12,1160,
2020-05-14 00:00:00,43.1,1140,
2020-05-14 04:00:00,43.1,1140,
2020-05-14 08:00:00,43.08,1120,3.61
2020-05-14 12:00:00,43.09,1130,
2020-05-14 16:00:00,43.08,1120,
2020-05-14 20:00:00,43.1,1140,
2020-05-15 00:00:00,43.11,1150,
2020-05-15 04:00:00,43.1,1140,
2020-05-15 08:00:00,43.14,1180,
2020-05-15 11:00:00,43.19,1220,
2020-05-15 12:00:00,43.24,1260,
2020-05-15 15:00:00,43.16,1200,
2020-05-15 16:00:00,43.11,1150,
2020-05-15 20:00:00,43.09,1130,
2020-05-16 00:00:00,43.09,1130,
2020-05-16 04:00:00,43.09,1130,
2020-05-16 08:00:00,43.11,1150,
2020-05-16 12:00:00,43.09,1130,
2020-05-16 16:00:00,43.07,1110,
2020-05-16 20:00:00,43.09,1130,
2020-05-17 00:00:00,43.09,1130,
2020-05-17 04:00:00,43.1,1140,
2020-05-17 08:00:00,43.1,1140,4.2
2020-05-17 12:00:00,43.11,1150,
2020-05-17 16:00:00,43.09,1130,
2020-05-17 20:00:00,43.12,1160,
2020-05-18 00:00:00,43.15,1190,
2020-05-18 04:00:00,43.14,1180,
2020-05-18 08:00:00,43.12,1160,
2020-05-18 12:00:00,43.1,1140,
2020-05-18 16:00:00,43.08,1120,
2020-05-18 20:00:00,43.07,1110,
2020-05-19 00:00:00,43.09,1130,
2020-05-19 04:00:00,43.09,1130,
2020-05-19 08:00:00,43.07,1110,
2020-05-19 12:00:00,43.07,1110,
2020-05-19 16:00:00,43.05,1090,
2020-05-19 20:00:00,43.08,1120,
2020-05-20 00:00:00,43.09,1130,
2020-05-20 04:00:00,43.08,1120,
2020-05-20 08:00:00,43.11,1150,4.77
2020-05-20 12:00:00,43.06,1100,
2020-05-20 16:00:00,43.06,1100,
2020-05-20 20:00:00,43.08,1120,
2020-05-21 00:00:00,43.05,1090,
2020-05-21 04:00:00,43.09,1130,
2020-05-21 08:00:00,43.07,1110,
2020-05-21 12:00:00,43.05,1090,
2020-05-21 16:00:00,43.06,1100,
2020-05-21 20:00:00,43.1,1140,
2020-05-22 00:00:00,43.08,1120,
2020-05-22 04:00:00,43.11,1150,
2020-05-22 08:00:00,43.08,1120,
2020-05-22 12:00:00,43.06,1100,
2020-05-22 16:00:00,43.05,1090,
2020-05-22 20:00:00,43.08,1120,
2020-05-23 00:00:00,43.08,1120,
2020-05-23 04:00:00,43.09,1130,
2020-05-23 08:00:00,43.09,1130,5.01
2020-05-23 12:00:00,43.08,1120,
2020-05-23 16:00:00,43.05,1090,
2020-05-23 20:00:00,43.02,1060,
2020-05-24 00:00:00,43.0,1050,
2020-05-24 04:00:00,42.98,1030,
2020-05-24 08:00:00,42.96,1010,
2020-05-24 12:00:00,42.93,979,
2020-05-24 16:00:00,42.94,989,
2020-05-24 20:00:00,42.92,964,
2020-05-25 00:00:00,42.9,944,
2020-05-25 04:00:00,42.91,954,
2020-05-25 08:00:00,42.92,964,
2020-05-25 12:00:00,42.9,944,
2020-05-25 16:00:00,42.9,944,
2020-05-25 20:00:00,42.9,944,
2020-05-26 00:00:00,42.89,934,
2020-05-26 02:00:00,42.88,924,
2020-05-26 04:00:00,42.88,924,
2020-05-26 06:00:00,42.88,924,
2020-05-26 08:00:00,42.88,924,3.41
2020-05-26 12:00:00,42.89,934,
2020-05-26 16:00:00,42.86,905,
2020-05-26 20:00:00,42.87,915,
2020-05-27 00:00:00,42.89,934,
2020-05-27 04:00:00,42.89,934,
2020-05-27 08:00:00,42.88,924,2.97
2020-05-27 12:00:00,42.85,896,
2020-05-27 14:00:00,42.84,887,
2020-05-27 16:00:00,42.84,887,
2020-05-27 20:00:00,42.84,887,
2020-05-28 00:00:00,42.84,887,
2020-05-28 04:00:00,42.84,887,
2020-05-28 08:00:00,42.85,896,
2020-05-28 12:00:00,42.84,887,
2020-05-28 16:00:00,42.85,896,
2020-05-28 20:00:00,42.86,905,
2020-05-29 00:00:00,42.86,905,
2020-05-29 04:00:00,42.88,924,
2020-05-29 08:00:00,42.88,924,3.45
2020-05-29 12:00:00,42.87,915,
2020-05-29 16:00:00,42.88,924,
2020-05-29 20:00:00,42.87,915,
2020-05-30 00:00:00,42.88,924,
2020-05-30 04:00:00,42.85,896,
2020-05-30 08:00:00,42.86,905,
2020-05-30 12:00:00,42.86,905,
2020-05-30 16:00:00,42.85,896,
2020-05-30 20:00:00,42.87,915,
2020-05-30 23:00:00,42.88,924,
2020-05-31 00:00:00,42.88,924,
2020-05-31 01:00:00,42.89,934,
2020-05-31 04:00:00,42.92,964,
2020-05-31 08:00:00,42.86,905,3.72
2020-05-31 12:00:00,42.89,934,
2020-05-31 16:00:00,42.92,964,
2020-05-31 20:00:00,42.95,999,
2020-06-01 00:00:00,42.91,954,
2020-06-01 04:00:00,42.91,954,
2020-06-01 08:00:00,42.95,999,3.11
2020-06-01 12:00:00,42.95,999,
2020-06-01 16:00:00,42.88,924,
2020-06-01 20:00:00,42.96,1010,
2020-06-02 00:00:00,42.95,999,
2020-06-02 04:00:00,42.94,989,
2020-06-02 08:00:00,42.93,979,3.51
2020-06-02 12:00:00,42.92,964,
2020-06-02 16:00:00,42.93,979,
2020-06-02 20:00:00,42.93,979,
2020-06-03 00:00:00,42.93,979,
2020-06-03 04:00:00,42.96,1010,
2020-06-03 08:00:00,42.94,989,3.72
2020-06-03 12:00:00,42.94,989,
2020-06-03 16:00:00,42.94,989,
2020-06-03 20:00:00,42.93,979,
2020-06-04 00:00:00,42.95,999,
2020-06-04 04:00:00,42.94,989,
2020-06-04 08:00:00,42.91,954,3.0
2020-06-04 12:00:00,42.89,934,
2020-06-04 16:00:00,42.91,954,
2020-06-04 20:00:00,42.92,964,
2020-06-05 00:00:00,42.89,934,
2020-06-05 04:00:00,42.89,934,
2020-06-05 08:00:00,42.92,964,2.94
2020-06-05 12:00:00,42.92,964,
2020-06-05 14:00:00,42.89,934,
2020-06-05 16:00:00,42.86,905,
2020-06-05 20:00:00,42.88,924,
2020-06-06 00:00:00,42.86,905,
2020-06-06 04:00:00,42.82,869,
2020-06-06 08:00:00,42.8,851,2.74
2020-06-06 12:00:00,42.8,851,
2020-06-06 16:00:00,42.77,833,
2020-06-06 20:00:00,42.77,833,
2020-06-07 00:00:00,42.77,833,
2020-06-07 04:00:00,42.78,834,
2020-06-07 08:00:00,42.77,833,2.25
2020-06-07 12:00:00,42.76,824,
2020-06-07 16:00:00,42.75,816,
2020-06-07 20:00:00,42.77,833,
2020-06-08 00:00:00,42.75,816,
2020-06-08 04:00:00,42.77,833,
2020-06-08 08:00:00,42.76,824,2.33
2020-06-08 12:00:00,42.73,798,
2020-06-08 16:00:00,42.74,807,
2020-06-08 20:00:00,42.73,798,
2020-06-08 22:00:00,42.71,780,
2020-06-09 00:00:00,42.71,780,
2020-06-09 04:00:00,42.72,792,
2020-06-09 08:00:00,42.74,814,2.51
2020-06-09 12:00:00,42.74,814,
2020-06-09 16:00:00,42.75,825,
2020-06-09 20:00:00,42.77,848,
2020-06-10 00:00:00,42.75,825,
2020-06-10 04:00:00,42.75,825,
2020-06-10 08:00:00,42.76,836,1.91
2020-06-10 12:00:00,42.76,836,
2020-06-10 16:00:00,42.75,825,
2020-06-10 20:00:00,42.75,825,
2020-06-11 00:00:00,42.76,836,
2020-06-11 04:00:00,42.75,825,
2020-06-11 08:00:00,42.75,825,2.14
2020-06-11 12:00:00,42.76,836,
2020-06-11 16:00:00,42.75,825,
2020-06-11 20:00:00,42.74,814,
2020-06-12 00:00:00,42.73,803,
2020-06-12 04:00:00,42.73,803,
2020-06-12 06:00:00,42.75,825,
2020-06-12 07:00:00,42.77,848,
2020-06-12 08:00:00,42.79,871,2.18
2020-06-12 10:00:00,42.82,906,
2020-06-12 12:00:00,42.85,946,
2020-06-12 13:00:00,42.85,946,3.01
2020-06-12 15:00:00,42.87,974,3.12
2020-06-12 16:00:00,42.84,932,
2020-06-12 20:00:00,42.8,883,
2020-06-13 00:00:00,42.81,894,
2020-06-13 04:00:00,42.83,919,
2020-06-13 08:00:00,42.83,919,2.77
2020-06-13 12:00:00,42.82,906,
2020-06-13 16:00:00,42.81,894,
2020-06-13 20:00:00,42.81,894,
2020-06-14 00:00:00,42.83,919,
2020-06-14 04:00:00,42.86,960,
2020-06-14 06:00:00,42.84,932,
2020-06-14 08:00:00,42.81,894,3.47
2020-06-14 12:00:00,42.8,883,
2020-06-14 16:00:00,42.8,883,
2020-06-14 20:00:00,42.8,883,
2020-06-15 00:00:00,42.81,894,
2020-06-15 04:00:00,42.86,960,
2020-06-15 08:00:00,42.85,946,3.8
2020-06-15 12:00:00,42.89,1000,
2020-06-15 14:00:00,42.96,1110,
2020-06-15 16:00:00,43.0,1160,
2020-06-15 20:00:00,42.97,1130,
2020-06-16 00:00:00,42.96,1110,
2020-06-16 04:00:00,43.0,1160,
2020-06-16 08:00:00,43.03,1190,4.56
2020-06-16 12:00:00,43.04,1200,
2020-06-16 14:00:00,43.08,1240,
2020-06-16 16:00:00,43.15,1310,
2020-06-16 20:00:00,43.23,1380,
2020-06-17 00:00:00,43.27,1420,
2020-06-17 04:00:00,43.3,1450,
2020-06-17 06:00:00,43.32,1470,
2020-06-17 08:00:00,43.34,1490,7.51
2020-06-17 12:00:00,43.38,1530,
2020-06-17 16:00:00,43.43,1580,
2020-06-17 20:00:00,43.47,1620,
2020-06-17 22:00:00,43.54,1700,
2020-06-18 00:00:00,43.56,1720,
2020-06-18 02:00:00,43.6,1760,
2020-06-18 04:00:00,43.66,1820,
2020-06-18 06:00:00,43.69,1860,
2020-06-18 08:00:00,43.74,1920,11.0
2020-06-18 12:00:00,43.77,1960,
2020-06-18 16:00:00,43.8,2000,
2020-06-18 20:00:00,43.83,2050,
2020-06-19 00:00:00,43.8,2000,
2020-06-19 02:00:00,43.8,2000,
2020-06-19 04:00:00,43.8,2000,
2020-06-19 08:00:00,43.83,2050,9.46
2020-06-19 12:00:00,43.84,2060,
2020-06-19 14:00:00,43.83,1850,
2020-06-19 16:00:00,43.82,1840,
2020-06-19 18:00:00,43.83,1850,
2020-06-19 20:00:00,43.82,1840,
2020-06-19 22:00:00,43.81,1830,
2020-06-20 00:00:00,43.79,1800,
2020-06-20 02:00:00,43.78,1790,
2020-06-20 04:00:00,43.77,1780,
2020-06-20 06:00:00,43.78,1790,
2020-06-20 08:00:00,43.77,1780,8.22
2020-06-20 12:00:00,43.78,1790,
2020-06-20 16:00:00,43.77,1780,
2020-06-20 20:00:00,43.79,1800,
2020-06-21 00:00:00,43.79,1800,
2020-06-21 04:00:00,43.78,1790,
2020-06-21 08:00:00,43.77,1780,8.21
2020-06-21 12:00:00,43.76,1770,
2020-06-21 16:00:00,43.79,1800,
2020-06-21 20:00:00,43.74,1740,
2020-06-22 00:00:00,43.76,1770,
2020-06-22 04:00:00,43.78,1790,
2020-06-22 08:00:00,43.78,1790,7.97
2020-06-22 12:00:00,43.78,1790,
2020-06-22 16:00:00,43.79,1800,
2020-06-22 20:00:00,43.79,1800,
2020-06-23 00:00:00,43.78,1790,
2020-06-23 04:00:00,43.8,1810,
2020-06-23 08:00:00,43.81,1830,8.36
2020-06-23 12:00:00,43.82,1840,
2020-06-23 16:00:00,43.82,1840,
2020-06-23 20:00:00,43.83,1850,
2020-06-24 00:00:00,43.84,1860,
2020-06-24 04:00:00,43.83,1850,
2020-06-24 08:00:00,43.84,1860,8.73
2020-06-24 12:00:00,43.85,1870,
2020-06-24 16:00:00,43.82,1840,
2020-06-24 20:00:00,43.84,1860,
2020-06-25 00:00:00,43.82,1840,
2020-06-25 04:00:00,43.84,1860,
2020-06-25 08:00:00,43.85,1870,7.33
2020-06-25 12:00:00,43.84,1860,
2020-06-25 16:00:00,43.84,1860,
2020-06-25 20:00:00,43.84,1860,
2020-06-25 22:00:00,43.88,1910,
2020-06-26 00:00:00,43.93,1970,
2020-06-26 01:00:00,43.96,2010,
2020-06-26 02:00:00,44.0,2060,
2020-06-26 03:00:00,44.03,2100,
2020-06-26 04:00:00,44.06,2140,
2020-06-26 05:00:00,44.11,2210,
2020-06-26 06:00:00,44.16,2280,
2020-06-26 07:00:00,44.19,2320,
2020-06-26 08:00:00,44.22,2360,8.82
2020-06-26 09:00:00,44.27,2430,
2020-06-26 10:00:00,44.34,2530,
2020-06-26 11:00:00,44.35,2540,
2020-06-26 12:00:00,44.4,2610,
2020-06-26 13:00:00,44.44,2660,
2020-06-26 14:00:00,44.48,2720,
2020-06-26 15:00:00,44.54,2790,
2020-06-26 16:00:00,44.53,2780,
2020-06-26 17:00:00,44.58,2830,
2020-06-26 18:00:00,44.61,2860,
2020-06-26 19:00:00,44.68,2940,
2020-06-26 20:00:00,44.69,2950,
2020-06-26 21:00:00,44.74,3010,
2020-06-26 22:00:00,44.78,3060,
2020-06-26 23:00:00,44.81,3090,
2020-06-27 00:00:00,44.86,3150,
2020-06-27 01:00:00,44.89,3190,
2020-06-27 02:00:00,44.9,3200,
2020-06-27 03:00:00,44.92,3230,
2020-06-27 04:00:00,44.98,3310,
2020-06-27 05:00:00,45.02,3360,
2020-06-27 06:00:00,45.05,3400,
2020-06-27 07:00:00,45.13,3500,
2020-06-27 08:00:00,45.08,3440,11.4
2020-06-27 09:00:00,45.13,3500,
2020-06-27 10:00:00,45.14,3510,
2020-06-27 11:00:00,45.18,3560,
2020-06-27 12:00:00,45.21,3590,
2020-06-27 13:00:00,45.22,3610,
2020-06-27 14:00:00,45.23,3620,
2020-06-27 15:00:00,45.3,3700,
2020-06-27 16:00:00,45.28,3680,
2020-06-27 17:00:00,45.28,3680,
2020-06-27 18:00:00,45.38,3790,
2020-06-27 19:00:00,45.39,3800,
2020-06-27 20:00:00,45.37,3780,
2020-06-27 21:00:00,45.42,3830,
2020-06-27 22:00:00,45.46,3880,
2020-06-27 23:00:00,45.48,3900,
2020-06-28 00:00:00,45.54,3960,
2020-06-28 01:00:00,45.56,3980,
2020-06-28 02:00:00,45.62,4040,
2020-06-28 03:00:00,45.58,4010,
2020-06-28 04:00:00,45.61,4030,
2020-06-28 05:00:00,45.63,4050,
2020-06-28 06:00:00,45.64,4060,
2020-06-28 07:00:00,45.68,4110,
2020-06-28 08:00:00,45.66,4090,8.24
2020-06-28 09:00:00,45.67,4100,
2020-06-28 10:00:00,45.66,4090,7.59
2020-06-28 11:00:00,45.71,4140,
2020-06-28 12:00:00,45.73,4160,
2020-06-28 13:00:00,45.74,4170,
2020-06-28 14:00:00,45.74,4170,
2020-06-28 15:00:00,45.74,4170,
2020-06-28 16:00:00,45.76,4200,
2020-06-28 17:00:00,45.78,4220,
2020-06-28 18:00:00,45.8,4240,
2020-06-28 19:00:00,45.79,4230,
2020-06-28 20:00:00,45.77,4210,
2020-06-28 21:00:00,45.8,4240,
2020-06-28 22:00:00,45.83,4280,
2020-06-28 23:00:00,45.81,4250,
2020-06-29 00:00:00,45.85,4300,
2020-06-29 01:00:00,45.88,4340,
2020-06-29 02:00:00,45.87,4320,
2020-06-29 03:00:00,45.85,4300,
2020-06-29 04:00:00,45.9,4360,
2020-06-29 05:00:00,45.89,4350,
2020-06-29 06:00:00,45.86,4310,
2020-06-29 07:00:00,45.87,4320,
2020-06-29 08:00:00,45.88,4340,7.1
2020-06-29 09:00:00,45.88,4340,
2020-06-29 10:00:00,45.86,4310,
2020-06-29 11:00:00,45.87,4320,
2020-06-29 12:00:00,45.89,4350,
2020-06-29 13:00:00,45.91,4370,
2020-06-29 14:00:00,45.9,4360,
2020-06-29 15:00:00,45.94,4410,
2020-06-29 16:00:00,45.93,4400,
2020-06-29 17:00:00,45.95,4420,
2020-06-29 18:00:00,45.97,4440,
2020-06-29 19:00:00,45.99,4470,
2020-06-29 20:00:00,45.97,4440,
2020-06-29 21:00:00,45.97,4440,
2020-06-29 22:00:00,45.98,4450,
2020-06-29 23:00:00,46.0,4480,
2020-06-30 00:00:00,46.03,4520,
2020-06-30 01:00:00,46.01,4490,
2020-06-30 02:00:00,46.07,4570,
2020-06-30 03:00:00,46.07,4570,
2020-06-30 04:00:00,46.07,4570,
2020-06-30 05:00:00,46.08,4590,
2020-06-30 06:00:00,46.11,4640,
2020-06-30 07:00:00,46.12,4650,
2020-06-30 08:00:00,46.12,4650,6.86
2020-06-30 09:00:00,46.12,4650,
2020-06-30 10:00:00,46.12,4650,
2020-06-30 11:00:00,46.16,4720,
2020-06-30 12:00:00,46.17,4750,
2020-06-30 13:00:00,46.18,4770,
2020-06-30 14:00:00,46.19,4790,
2020-06-30 15:00:00,46.19,4790,
2020-06-30 16:00:00,46.2,4820,
2020-06-30 17:00:00,46.22,4890,
2020-06-30 18:00:00,46.22,4890,
2020-06-30 19:00:00,46.2,4820,
2020-06-30 20:00:00,46.19,4790,
2020-06-30 21:00:00,46.24,4970,
2020-06-30 22:00:00,46.23,4800,
2020-06-30 23:00:00,46.19,4660,
2020-07-01 00:00:00,46.19,4660,
2020-07-01 01:00:00,46.2,4690,
2020-07-01 02:00:00,46.22,4760,
2020-07-01 03:00:00,46.21,4720,
2020-07-01 04:00:00,46.19,4660,
2020-07-01 05:00:00,46.22,4760,
2020-07-01 06:00:00,46.19,4660,
2020-07-01 07:00:00,46.19,4660,
2020-07-01 08:00:00,46.22,4760,5.35
2020-07-01 09:00:00,46.21,4720,
2020-07-01 10:00:00,46.2,4690,
2020-07-01 11:00:00,46.24,4850,
2020-07-01 12:00:00,46.22,4760,
2020-07-01 13:00:00,46.23,4800,
2020-07-01 14:00:00,46.21,4720,
2020-07-01 15:00:00,46.2,4690,
2020-07-01 16:00:00,46.2,4690,
2020-07-01 17:00:00,46.2,4690,
2020-07-01 18:00:00,46.2,4690,
2020-07-01 19:00:00,46.2,4690,
2020-07-01 20:00:00,46.2,4690,
2020-07-01 22:00:00,46.2,4690,
2020-07-02 00:00:00,46.19,4660,
2020-07-02 02:00:00,46.18,4630,
2020-07-02 04:00:00,46.15,4570,
2020-07-02 06:00:00,46.15,4570,
2020-07-02 08:00:00,46.14,4550,5.49
2020-07-02 10:00:00,46.14,4550,
2020-07-02 12:00:00,46.15,4570,
2020-07-02 14:00:00,46.13,4530,
2020-07-02 16:00:00,46.14,4550,
2020-07-02 18:00:00,46.11,4510,
2020-07-02 20:00:00,46.12,4520,
2020-07-02 22:00:00,46.09,4470,
2020-07-03 00:00:00,46.07,4430,
2020-07-03 02:00:00,46.07,4430,
2020-07-03 04:00:00,46.05,4400,
2020-07-03 06:00:00,46.02,4360,
2020-07-03 08:00:00,46.03,4370,7.17
2020-07-03 10:00:00,45.98,4320,
2020-07-03 12:00:00,46.0,4340,
2020-07-03 14:00:00,45.97,4300,
2020-07-03 16:00:00,45.97,4300,
2020-07-03 18:00:00,45.96,4290,
2020-07-03 20:00:00,45.94,4270,
2020-07-03 22:00:00,45.91,4230,
2020-07-04 00:00:00,45.91,4230,
2020-07-04 02:00:00,45.89,4210,
2020-07-04 04:00:00,45.89,4210,
2020-07-04 06:00:00,45.89,4210,
2020-07-04 08:00:00,45.85,4170,5.82
2020-07-04 10:00:00,45.85,4170,
2020-07-04 12:00:00,45.84,4160,
2020-07-04 14:00:00,45.83,4150,
2020-07-04 16:00:00,45.82,4140,
2020-07-04 18:00:00,45.81,4130,
2020-07-04 20:00:00,45.8,4120,
2020-07-04 22:00:00,45.79,4110,
2020-07-05 00:00:00,45.77,4100,
2020-07-05 02:00:00,45.77,4100,
2020-07-05 04:00:00,45.77,4100,
2020-07-05 06:00:00,45.75,4080,
2020-07-05 08:00:00,45.75,4080,7.94
2020-07-05 10:00:00,45.75,4080,
2020-07-05 12:00:00,45.76,4100,
2020-07-05 14:00:00,45.76,4100,
2020-07-05 16:00:00,45.79,4140,
2020-07-05 18:00:00,45.81,4180,
2020-07-05 20:00:00,45.82,4190,
2020-07-05 22:00:00,45.83,4210,
2020-07-06 00:00:00,45.84,4230,
2020-07-06 02:00:00,45.82,4190,
2020-07-06 04:00:00,45.84,4230,
2020-07-06 06:00:00,45.84,4230,
2020-07-06 08:00:00,45.86,4260,6.12
2020-07-06 10:00:00,45.85,4250,
2020-07-06 12:00:00,45.84,4230,
2020-07-06 14:00:00,45.83,4210,
2020-07-06 16:00:00,45.83,4210,
2020-07-06 18:00:00,45.83,4210,
2020-07-06 20:00:00,45.84,4230,
2020-07-06 22:00:00,45.83,4210,
2020-07-07 00:00:00,45.84,4230,
2020-07-07 02:00:00,45.85,4250,
2020-07-07 04:00:00,45.88,4300,
2020-07-07 06:00:00,45.88,4300,
2020-07-07 08:00:00,45.88,4300,7.4
2020-07-07 10:00:00,45.84,4230,
2020-07-07 12:00:00,45.82,4190,
2020-07-07 14:00:00,45.82,4190,
2020-07-07 16:00:00,45.79,4140,
2020-07-07 18:00:00,45.79,4140,
2020-07-07 20:00:00,45.77,4110,
2020-07-07 22:00:00,45.75,4080,
2020-07-08 00:00:00,45.73,4050,
2020-07-08 02:00:00,45.69,3980,
2020-07-08 04:00:00,45.69,3980,
2020-07-08 06:00:00,45.66,3940,
2020-07-08 08:00:00,45.6,3840,8.54
2020-07-08 09:00:00,45.58,3810,
2020-07-08 10:00:00,45.57,3800,
2020-07-08 11:00:00,45.53,3740,
2020-07-08 12:00:00,45.49,3690,
2020-07-08 13:00:00,45.46,3640,
2020-07-08 14:00:00,45.43,3600,
2020-07-08 15:00:00,45.39,3540,
2020-07-08 16:00:00,45.34,3470,
2020-07-08 17:00:00,45.32,3450,
2020-07-08 18:00:00,45.31,3430,
2020-07-08 19:00:00,45.27,3380,
2020-07-08 20:00:00,45.24,3340,
2020-07-08 21:00:00,45.2,3290,
2020-07-08 22:00:00,45.16,3240,
2020-07-08 23:00:00,45.11,3180,
2020-07-09 00:00:00,45.1,3170,
2020-07-09 01:00:00,45.07,3130,
2020-07-09 02:00:00,45.03,3080,
2020-07-09 03:00:00,45.02,3070,
2020-07-09 04:00:00,45.0,3050,
2020-07-09 05:00:00,44.99,3040,
2020-07-09 06:00:00,45.0,3050,
2020-07-09 07:00:00,44.97,3020,
2020-07-09 08:00:00,44.97,3020,11.9
2020-07-09 10:00:00,44.91,2980,
2020-07-09 12:00:00,44.89,2960,
2020-07-09 14:00:00,44.84,2920,
2020-07-09 16:00:00,44.79,2870,
2020-07-09 18:00:00,44.74,2830,
2020-07-09 20:00:00,44.71,2800,
2020-07-09 22:00:00,44.69,2780,
2020-07-10 00:00:00,44.64,2720,
2020-07-10 02:00:00,44.62,2700,
2020-07-10 04:00:00,44.64,2720,
2020-07-10 06:00:00,44.62,2700,
2020-07-10 08:00:00,44.61,2690,13.9
2020-07-10 10:00:00,44.6,2680,
2020-07-10 12:00:00,44.62,2700,
2020-07-10 14:00:00,44.6,2680,
2020-07-10 16:00:00,44.58,2660,
2020-07-10 17:00:00,44.56,2640,18.0
2020-07-10 18:00:00,44.57,2650,
2020-07-10 19:00:00,44.57,2650,18.2
2020-07-10 20:00:00,44.58,2660,
2020-07-10 22:00:00,44.57,2650,
2020-07-11 00:00:00,44.56,2640,
2020-07-11 02:00:00,44.56,2640,
2020-07-11 04:00:00,44.57,2650,
2020-07-11 06:00:00,44.57,2650,
2020-07-11 08:00:00,44.55,2620,22.8
2020-07-11 09:00:00,44.54,2610,24.4
2020-07-11 10:00:00,44.53,2600,
2020-07-11 12:00:00,44.54,2610,
2020-07-11 13:00:00,44.49,2550,25.7
2020-07-11 14:00:00,44.48,2540,
2020-07-11 16:00:00,44.49,2550,
2020-07-11 18:00:00,44.5,2570,
2020-07-11 20:00:00,44.5,2570,
2020-07-11 22:00:00,44.47,2530,
2020-07-12 00:00:00,44.48,2540,
2020-07-12 02:00:00,44.45,2510,
2020-07-12 04:00:00,44.41,2460,
2020-07-12 06:00:00,44.39,2440,
2020-07-12 08:00:00,44.37,2410,22.5
2020-07-12 10:00:00,44.32,2360,22.5
2020-07-12 11:00:00,44.32,2360,21.7
2020-07-12 12:00:00,44.31,2340,
2020-07-12 14:00:00,44.27,2300,
2020-07-12 16:00:00,44.22,2230,
2020-07-12 18:00:00,44.18,2190,
2020-07-12 20:00:00,44.14,2140,
2020-07-12 22:00:00,44.09,2070,
2020-07-13 00:00:00,44.05,2020,
2020-07-13 02:00:00,44.02,1990,
2020-07-13 04:00:00,44.02,1990,
2020-07-13 06:00:00,43.99,1950,
2020-07-13 08:00:00,43.97,1920,16.2
2020-07-13 10:00:00,43.95,1900,
2020-07-13 12:00:00,43.92,1860,
2020-07-13 14:00:00,43.88,1800,
2020-07-13 16:00:00,43.88,1800,
2020-07-13 18:00:00,43.86,1770,
2020-07-13 20:00:00,43.85,1760,
2020-07-13 22:00:00,43.84,1750,
2020-07-14 00:00:00,43.82,1720,
2020-07-14 02:00:00,43.83,1740,
2020-07-14 04:00:00,43.82,1720,
2020-07-14 06:00:00,43.83,1740,
2020-07-14 08:00:00,43.83,1740,14.9
2020-07-14 10:00:00,43.83,1740,
2020-07-14 12:00:00,43.83,1740,
2020-07-14 14:00:00,43.84,1750,
2020-07-14 16:00:00,43.84,1750,14.7
2020-07-14 18:00:00,43.82,1720,14.9
2020-07-14 20:00:00,43.81,1710,
2020-07-14 22:00:00,43.8,1700,
2020-07-15 00:00:00,43.8,1700,
2020-07-15 02:00:00,43.8,1700,
2020-07-15 04:00:00,43.84,1860,
2020-07-15 06:00:00,43.88,1910,
2020-07-15 08:00:00,43.88,1910,14.8
2020-07-15 10:00:00,43.88,1910,
2020-07-15 12:00:00,43.9,1930,
2020-07-15 14:00:00,43.91,1950,
2020-07-15 16:00:00,43.92,1960,
2020-07-15 18:00:00,43.93,1970,
2020-07-15 20:00:00,43.98,2030,
2020-07-15 22:00:00,44.01,2070,
2020-07-16 00:00:00,44.0,2060,
2020-07-16 02:00:00,43.99,2050,
2020-07-16 04:00:00,44.0,2060,
2020-07-16 06:00:00,43.99,2050,
2020-07-16 08:00:00,44.01,2070,12.3
2020-07-16 10:00:00,43.98,2030,
2020-07-16 12:00:00,43.96,2010,
2020-07-16 14:00:00,43.95,2000,
2020-07-16 16:00:00,43.95,2000,
2020-07-16 18:00:00,43.94,1980,
2020-07-16 20:00:00,43.92,1960,
2020-07-16 22:00:00,43.91,1950,
2020-07-17 00:00:00,43.87,1900,
2020-07-17 02:00:00,43.86,1890,
2020-07-17 04:00:00,43.87,1900,
2020-07-17 06:00:00,43.85,1870,
2020-07-17 08:00:00,43.85,1870,12.4
2020-07-17 10:00:00,43.86,1890,
2020-07-17 12:00:00,43.85,1870,
2020-07-17 14:00:00,43.85,1870,
2020-07-17 16:00:00,43.85,1870,
2020-07-17 18:00:00,43.86,1890,
2020-07-17 20:00:00,43.83,1850,
2020-07-17 22:00:00,43.86,1890,
2020-07-18 00:00:00,43.85,1870,
2020-07-18 02:00:00,43.86,1890,
2020-07-18 04:00:00,43.87,1900,
2020-07-18 06:00:00,43.88,1910,
2020-07-18 08:00:00,43.89,1920,9.99
2020-07-18 10:00:00,43.91,1950,
2020-07-18 12:00:00,43.9,1930,
2020-07-18 14:00:00,43.91,1950,
2020-07-18 16:00:00,43.92,1960,
2020-07-18 18:00:00,43.92,1960,
2020-07-18 20:00:00,43.94,1980,
2020-07-18 22:00:00,43.96,2010,
2020-07-19 00:00:00,43.96,2010,
2020-07-19 02:00:00,43.97,2020,
2020-07-19 04:00:00,44.0,2060,
2020-07-19 06:00:00,44.0,2060,
2020-07-19 08:00:00,43.98,2030,11.1
2020-07-19 09:00:00,43.98,2030,
2020-07-19 12:00:00,43.99,2050,
2020-07-19 16:00:00,43.97,2020,
2020-07-19 20:00:00,43.97,2020,
2020-07-20 00:00:00,43.96,2010,
2020-07-20 04:00:00,43.96,2010,
2020-07-20 08:00:00,43.95,2000,9.0
2020-07-20 12:00:00,43.97,2020,
2020-07-20 16:00:00,43.98,2030,
2020-07-20 20:00:00,43.97,2020,
2020-07-21 00:00:00,43.94,1980,
2020-07-21 04:00:00,43.98,2030,
2020-07-21 08:00:00,43.98,2030,10.1
2020-07-21 12:00:00,43.97,2020,
2020-07-21 16:00:00,43.99,2050,
2020-07-21 20:00:00,44.01,2070,
2020-07-22 00:00:00,44.0,2060,
2020-07-22 04:00:00,44.01,2070,
2020-07-22 08:00:00,44.03,2090,9.1
2020-07-22 10:00:00,44.07,2140,
2020-07-22 12:00:00,44.11,2180,
2020-07-22 16:00:00,44.13,2200,
2020-07-22 20:00:00,44.16,2240,
2020-07-23 00:00:00,44.18,2260,
2020-07-23 04:00:00,44.18,2260,
2020-07-23 08:00:00,44.22,2320,10.3
2020-07-23 12:00:00,44.21,2300,
2020-07-23 16:00:00,44.18,2260,
2020-07-23 20:00:00,44.25,2360,
2020-07-24 00:00:00,44.28,2400,
2020-07-24 04:00:00,44.26,2370,
2020-07-24 08:00:00,44.28,2400,11.2
2020-07-24 12:00:00,44.3,2420,
2020-07-24 15:00:00,44.34,2480,9.8
2020-07-24 16:00:00,44.35,2500,
2020-07-24 17:00:00,44.34,2480,11.0
2020-07-24 20:00:00,44.37,2520,
2020-07-25 00:00:00,44.4,2570,
2020-07-25 04:00:00,44.41,2590,
2020-07-25 08:00:00,44.41,2590,10.7
2020-07-25 10:00:00,44.48,2700,
2020-07-25 12:00:00,44.53,2780,
2020-07-25 14:00:00,44.58,2870,
2020-07-25 16:00:00,44.66,3000,
2020-07-25 18:00:00,44.73,3120,
2020-07-25 20:00:00,44.75,3150,
2020-07-25 22:00:00,44.84,3280,
2020-07-26 00:00:00,44.88,3340,
2020-07-26 02:00:00,44.89,3360,
2020-07-26 04:00:00,44.91,3350,
2020-07-26 06:00:00,44.89,3310,
2020-07-26 08:00:00,44.88,3290,16.0
2020-07-26 10:00:00,44.84,3200,
2020-07-26 12:00:00,44.79,3090,
2020-07-26 14:00:00,44.75,3000,
2020-07-26 15:00:00,44.71,2920,15.8
2020-07-26 16:00:00,44.7,2900,
2020-07-26 17:00:00,44.65,2810,16.9
2020-07-26 18:00:00,44.6,2720,
2020-07-26 19:00:00,44.55,2630,
2020-07-26 20:00:00,44.54,2620,
2020-07-26 21:00:00,44.51,2570,
2020-07-26 22:00:00,44.45,2470,
2020-07-26 23:00:00,44.4,2400,
2020-07-27 00:00:00,44.37,2360,
2020-07-27 01:00:00,44.34,2320,
2020-07-27 02:00:00,44.3,2270,
2020-07-27 03:00:00,44.26,2220,
2020-07-27 04:00:00,44.22,2180,
2020-07-27 05:00:00,44.18,2140,
2020-07-27 06:00:00,44.16,2110,
2020-07-27 07:00:00,44.11,2050,
2020-07-27 08:00:00,44.44,2040,18.4
2020-07-27 09:00:00,44.07,2010,
2020-07-27 10:00:00,44.05,1990,
2020-07-27 11:00:00,44.04,1980,
2020-07-27 12:00:00,44.02,1960,
2020-07-27 13:00:00,44.02,1960,
2020-07-27 14:00:00,44.0,1950,24.5
2020-07-27 15:00:00,44.01,1960,25.2
2020-07-27 16:00:00,43.99,1940,25.7
2020-07-27 17:00:00,43.99,1940,
2020-07-27 18:00:00,43.98,1940,
2020-07-27 19:00:00,43.97,1930,
2020-07-27 20:00:00,43.98,1940,25.8
2020-07-27 21:00:00,43.98,1940,
2020-07-27 22:00:00,43.98,1940,
2020-07-27 23:00:00,43.98,1940,
2020-07-28 00:00:00,43.97,1930,
2020-07-28 02:00:00,43.96,1930,
2020-07-28 04:00:00,43.96,1930,
2020-07-28 06:00:00,43.95,1920,
2020-07-28 07:00:00,43.98,2160,
2020-07-28 08:00:00,43.97,2140,23.9
2020-07-28 10:00:00,43.99,2170,23.3
2020-07-28 11:00:00,44.02,2200,23.7
2020-07-28 12:00:00,44.01,2190,
2020-07-28 14:00:00,44.02,2200,
2020-07-28 16:00:00,44.04,2230,
2020-07-28 18:00:00,44.04,2230,
2020-07-28 20:00:00,44.07,2270,22.8
2020-07-28 22:00:00,44.09,2300,
2020-07-29 00:00:00,44.1,2310,
2020-07-29 02:00:00,44.09,2300,
2020-07-29 03:00:00,44.11,2320,
2020-07-29 04:00:00,44.14,2360,
2020-07-29 06:00:00,44.13,2350,
2020-07-29 08:00:00,44.16,2400,17.4
2020-07-29 10:00:00,44.15,2380,
2020-07-29 12:00:00,44.18,2420,
2020-07-29 14:00:00,44.2,2450,
2020-07-29 16:00:00,44.2,2450,17.5
2020-07-29 18:00:00,44.2,2450,16.6
2020-07-29 20:00:00,44.21,2460,
2020-07-29 22:00:00,44.24,2500,
2020-07-30 00:00:00,44.26,2520,
2020-07-30 02:00:00,44.26,2520,
2020-07-30 04:00:00,44.28,2550,
2020-07-30 06:00:00,44.29,2560,
2020-07-30 08:00:00,44.31,2580,19.0
2020-07-30 10:00:00,44.32,2590,
2020-07-30 12:00:00,44.33,2600,
2020-07-30 14:00:00,44.36,2630,
2020-07-30 16:00:00,44.35,2630,
2020-07-30 18:00:00,44.38,2660,
2020-07-30 20:00:00,44.43,2720,
2020-07-30 22:00:00,44.5,2810,
2020-07-31 00:00:00,44.53,2850,
2020-07-31 02:00:00,44.54,2870,
2020-07-31 04:00:00,44.54,2870,
2020-07-31 06:00:00,44.56,2910,
2020-07-31 08:00:00,44.6,2960,19.9
2020-07-31 10:00:00,44.6,2960,
2020-07-31 12:00:00,44.59,2950,
2020-07-31 14:00:00,44.62,2980,
2020-07-31 16:00:00,44.6,2960,
2020-07-31 18:00:00,44.59,2950,
2020-07-31 20:00:00,44.56,2910,
2020-07-31 22:00:00,44.53,2850,
2020-08-01 00:00:00,44.51,2820,
2020-08-01 02:00:00,44.5,2810,
2020-08-01 04:00:00,44.45,2740,
2020-08-01 06:00:00,44.41,2690,
2020-08-01 08:00:00,44.39,2670,17.8
2020-08-01 10:00:00,44.34,2620,
2020-08-01 12:00:00,44.34,2620,
2020-08-01 14:00:00,44.31,2580,
2020-08-01 16:00:00,44.26,2520,
2020-08-01 18:00:00,44.3,2570,
2020-08-01 20:00:00,44.27,2540,
2020-08-01 22:00:00,44.26,2520,
2020-08-02 00:00:00,44.27,2540,
2020-08-02 02:00:00,44.28,2550,
2020-08-02 04:00:00,44.3,2570,
2020-08-02 06:00:00,44.28,2550,
2020-08-02 08:00:00,44.3,2570,16.7
2020-08-02 10:00:00,44.3,2570,
2020-08-02 12:00:00,44.31,2580,
2020-08-02 14:00:00,44.29,2560,
2020-08-02 16:00:00,44.28,2550,
2020-08-02 18:00:00,44.32,2590,
2020-08-02 20:00:00,44.3,2570,
2020-08-02 22:00:00,44.33,2600,
2020-08-03 00:00:00,44.33,2600,
2020-08-03 04:00:00,44.32,2590,
2020-08-03 08:00:00,44.33,2600,16.8
2020-08-03 12:00:00,44.36,2630,
2020-08-03 16:00:00,44.35,2630,
2020-08-03 18:00:00,44.35,2630,
2020-08-03 20:00:00,44.36,2630,
2020-08-03 21:00:00,44.31,2580,
2020-08-03 22:00:00,44.27,2540,
2020-08-04 00:00:00,44.25,2510,
2020-08-04 02:00:00,44.2,2450,
2020-08-04 04:00:00,44.19,2440,
2020-08-04 06:00:00,44.19,2440,
2020-08-04 08:00:00,44.19,2440,15.5
2020-08-04 10:00:00,44.2,2450,
2020-08-04 12:00:00,44.22,2480,
2020-08-04 14:00:00,44.24,2500,
2020-08-04 16:00:00,44.27,2540,
2020-08-04 18:00:00,44.31,2580,
2020-08-04 20:00:00,44.3,2570,
2020-08-04 22:00:00,44.33,2600,
2020-08-05 00:00:00,44.32,2590,
2020-08-05 04:00:00,44.35,2630,
2020-08-05 08:00:00,44.34,2620,20.2
2020-08-05 12:00:00,44.37,2640,
2020-08-05 16:00:00,44.38,2660,
2020-08-05 18:00:00,44.4,2680,
2020-08-05 20:00:00,44.45,2740,
2020-08-05 22:00:00,44.42,2700,
2020-08-06 00:00:00,44.4,2680,
2020-08-06 02:00:00,44.48,2780,
2020-08-06 04:00:00,44.47,2770,
2020-08-06 06:00:00,44.51,2820,
2020-08-06 08:00:00,44.51,2820,14.2
2020-08-06 11:00:00,44.57,2920,
2020-08-06 12:00:00,44.56,2910,
2020-08-06 16:00:00,44.54,2870,
2020-08-06 20:00:00,44.52,2840,
2020-08-07 00:00:00,44.54,2870,
2020-08-07 04:00:00,44.54,2870,
2020-08-07 06:00:00,44.57,2920,
2020-08-07 08:00:00,44.55,2880,12.3
2020-08-07 10:00:00,44.53,2850,
2020-08-07 12:00:00,44.52,2840,
2020-08-07 14:00:00,44.53,2850,
2020-08-07 16:00:00,44.56,2910,
2020-08-07 18:00:00,44.54,2870,
2020-08-07 20:00:00,44.52,2840,
2020-08-08 00:00:00,44.53,2850,
2020-08-08 04:00:00,44.51,2630,
2020-08-08 08:00:00,44.53,2660,12.1
2020-08-08 10:00:00,44.51,2630,11.9
2020-08-08 12:00:00,44.46,2540,
2020-08-08 14:00:00,44.37,2400,
2020-08-08 16:00:00,44.26,2230,
2020-08-08 18:00:00,44.16,2070,
2020-08-08 20:00:00,44.06,1940,
2020-08-08 22:00:00,43.96,1810,
2020-08-09 00:00:00,43.89,1730,
2020-08-09 02:00:00,43.85,1680,
2020-08-09 03:00:00,43.84,1670,
2020-08-09 04:00:00,43.85,1700,
2020-08-09 06:00:00,43.85,1700,
2020-08-09 08:00:00,43.87,1760,10.3
2020-08-09 12:00:00,43.9,1850,
2020-08-09 16:00:00,43.92,1910,
2020-08-09 20:00:00,43.93,1940,
2020-08-10 00:00:00,43.95,2000,
2020-08-10 04:00:00,43.96,2030,
2020-08-10 08:00:00,43.96,2030,10.8
2020-08-10 10:00:00,43.97,2050,
2020-08-10 12:00:00,43.97,2050,
2020-08-10 16:00:00,43.96,2030,
2020-08-10 20:00:00,43.96,2030,
2020-08-11 00:00:00,43.99,2100,
2020-08-11 04:00:00,43.99,2100,
2020-08-11 08:00:00,44.02,2170,15.0
2020-08-11 12:00:00,44.03,2200,
2020-08-11 16:00:00,43.99,2100,
2020-08-11 20:00:00,43.98,2070,
2020-08-12 00:00:00,43.96,2030,
2020-08-12 04:00:00,43.98,2070,
2020-08-12 08:00:00,44.02,2170,21.3
2020-08-12 12:00:00,44.04,2230,
2020-08-12 16:00:00,44.03,2200,
2020-08-12 20:00:00,44.02,2170,
2020-08-13 00:00:00,44.05,2250,
2020-08-13 04:00:00,44.03,2200,
2020-08-13 08:00:00,44.04,2230,20.7
2020-08-13 10:00:00,43.98,2070,
2020-08-13 12:00:00,43.99,2100,
2020-08-13 16:00:00,43.97,2050,
2020-08-13 20:00:00,44.0,2120,
2020-08-13 22:00:00,44.03,2200,
2020-08-14 00:00:00,44.06,2270,
2020-08-14 04:00:00,44.09,2330,
2020-08-14 06:00:00,44.13,2400,
2020-08-14 08:00:00,44.17,2460,27.1
2020-08-14 10:00:00,44.19,2490,24.9
2020-08-14 12:00:00,44.21,2510,
2020-08-14 16:00:00,44.24,2550,
2020-08-14 20:00:00,44.28,2590,
2020-08-14 22:00:00,44.27,2580,
2020-08-14 23:00:00,44.31,2620,
2020-08-15 00:00:00,44.36,2680,
2020-08-15 02:00:00,44.4,2730,
2020-08-15 04:00:00,44.45,2790,
2020-08-15 06:00:00,44.48,2830,
2020-08-15 08:00:00,44.54,2900,19.8
2020-08-15 10:00:00,44.59,2970,
2020-08-15 12:00:00,44.64,3040,
2020-08-15 14:00:00,44.69,3120,
2020-08-15 16:00:00,44.7,3140,
2020-08-15 17:00:00,44.7,3140,16.5
2020-08-15 18:00:00,44.75,3220,16.8
2020-08-15 20:00:00,44.81,3320,
2020-08-15 22:00:00,44.85,3390,
2020-08-16 00:00:00,44.87,3430,
2020-08-16 02:00:00,44.86,3390,
2020-08-16 04:00:00,44.84,3320,
2020-08-16 06:00:00,44.85,3350,
2020-08-16 08:00:00,44.85,3350,17.9
2020-08-16 10:00:00,44.84,3320,
2020-08-16 12:00:00,44.83,3280,
2020-08-16 14:00:00,44.82,3260,
2020-08-16 16:00:00,44.77,3130,
2020-08-16 18:00:00,44.77,3130,
2020-08-16 20:00:00,44.74,3070,
2020-08-16 22:00:00,44.74,3070,
2020-08-17 00:00:00,44.71,3000,
2020-08-17 02:00:00,44.67,2920,
2020-08-17 04:00:00,44.62,2820,
2020-08-17 06:00:00,44.57,2730,
2020-08-17 08:00:00,44.51,2630,12.8
2020-08-17 10:00:00,44.45,2530,
2020-08-17 12:00:00,44.4,2450,
2020-08-17 14:00:00,44.3,2290,
2020-08-17 16:00:00,44.23,2180,
2020-08-17 18:00:00,44.18,2100,
2020-08-17 20:00:00,44.15,2060,
2020-08-17 22:00:00,44.13,2030,
2020-08-18 00:00:00,44.1,1990,
2020-08-18 04:00:00,44.06,1940,
2020-08-18 08:00:00,44.03,1900,9.23
2020-08-18 12:00:00,44.01,1870,
2020-08-18 16:00:00,43.98,1840,
2020-08-18 20:00:00,43.97,1820,
2020-08-19 00:00:00,43.95,1800,
2020-08-19 04:00:00,43.92,1760,
2020-08-19 08:00:00,43.92,1760,10.7
2020-08-19 12:00:00,43.95,2000,
2020-08-19 16:00:00,43.95,2000,
2020-08-19 20:00:00,43.97,2040,
2020-08-20 00:00:00,43.99,2070,
2020-08-20 04:00:00,43.98,2050,
2020-08-20 08:00:00,44.01,2110,9.16
2020-08-20 12:00:00,44.04,2160,
2020-08-20 16:00:00,44.03,2140,
2020-08-20 20:00:00,44.04,2160,
2020-08-21 00:00:00,44.06,2190,
2020-08-21 04:00:00,44.05,2170,
2020-08-21 08:00:00,44.05,2170,14.2
2020-08-21 10:00:00,44.06,2190,
2020-08-21 12:00:00,44.05,2170,
2020-08-21 14:00:00,44.06,2190,
2020-08-21 16:00:00,44.08,2220,
2020-08-21 18:00:00,44.07,2200,
2020-08-21 20:00:00,44.11,2260,
2020-08-21 22:00:00,44.17,2350,
2020-08-22 00:00:00,44.24,2450,
2020-08-22 01:00:00,44.29,2520,
2020-08-22 02:00:00,44.32,2560,
2020-08-22 03:00:00,44.36,2610,
2020-08-22 04:00:00,44.4,2660,
2020-08-22 05:00:00,44.44,2710,
2020-08-22 06:00:00,44.51,2820,
2020-08-22 07:00:00,44.53,2850,
2020-08-22 08:00:00,44.58,2940,17.6
2020-08-22 09:00:00,44.61,2990,
2020-08-22 10:00:00,44.64,3040,
2020-08-22 11:00:00,44.66,3070,
2020-08-22 12:00:00,44.68,3110,
2020-08-22 13:00:00,44.72,3170,
2020-08-22 14:00:00,44.75,3220,
2020-08-22 15:00:00,44.78,3270,
2020-08-22 16:00:00,44.85,3390,
2020-08-22 17:00:00,44.88,3450,
2020-08-22 18:00:00,44.88,3450,
2020-08-22 19:00:00,44.88,3450,
2020-08-22 20:00:00,44.93,3550,
2020-08-22 21:00:00,44.96,3610,
2020-08-22 22:00:00,45.01,3700,
2020-08-22 23:00:00,45.0,3680,
2020-08-23 00:00:00,45.02,3710,
2020-08-23 01:00:00,45.05,3760,
2020-08-23 02:00:00,45.08,3810,
2020-08-23 03:00:00,45.09,3820,
2020-08-23 04:00:00,45.1,3840,
2020-08-23 05:00:00,45.12,3870,
2020-08-23 06:00:00,45.13,3890,
2020-08-23 07:00:00,45.12,3870,
2020-08-23 08:00:00,45.13,3890,17.9
2020-08-23 09:00:00,45.16,3930,
2020-08-23 10:00:00,45.2,3990,
2020-08-23 11:00:00,45.22,4020,
2020-08-23 12:00:00,45.24,4040,
2020-08-23 13:00:00,45.3,4110,
2020-08-23 14:00:00,45.3,4110,
2020-08-23 15:00:00,45.33,4140,
2020-08-23 16:00:00,45.33,4140,
2020-08-23 17:00:00,45.35,4160,
2020-08-23 18:00:00,45.38,4180,
2020-08-23 19:00:00,45.37,4180,
2020-08-23 20:00:00,45.39,4190,
2020-08-23 21:00:00,45.42,4210,
2020-08-23 22:00:00,45.38,4180,
2020-08-23 23:00:00,45.44,4230,
2020-08-24 00:00:00,45.43,4220,
2020-08-24 01:00:00,45.45,4230,
2020-08-24 02:00:00,45.44,4230,
2020-08-24 03:00:00,45.47,4240,
2020-08-24 04:00:00,45.5,4260,
2020-08-24 05:00:00,45.48,4250,
2020-08-24 06:00:00,45.53,4280,
2020-08-24 07:00:00,45.5,4260,
2020-08-24 08:00:00,45.52,4270,13.1
2020-08-24 09:00:00,45.52,4270,
2020-08-24 10:00:00,45.54,4280,
2020-08-24 11:00:00,45.52,4270,
2020-08-24 12:00:00,45.55,4290,
2020-08-24 13:00:00,45.55,4290,
2020-08-24 14:00:00,45.55,4290,
2020-08-24 15:00:00,45.56,4300,
2020-08-24 16:00:00,45.57,4310,
2020-08-24 17:00:00,45.57,4310,
2020-08-24 18:00:00,45.56,4300,
2020-08-24 19:00:00,45.57,4310,
2020-08-24 20:00:00,45.55,4290,
2020-08-24 21:00:00,45.59,4320,
2020-08-24 22:00:00,45.58,4310,
2020-08-24 23:00:00,45.59,4320,
2020-08-25 00:00:00,45.59,4320,
2020-08-25 01:00:00,45.62,4330,
2020-08-25 02:00:00,45.59,4320,
2020-08-25 03:00:00,45.59,4320,
2020-08-25 04:00:00,45.6,4320,
2020-08-25 05:00:00,45.61,4320,
2020-08-25 06:00:00,45.63,4330,
2020-08-25 07:00:00,45.64,4330,
2020-08-25 08:00:00,45.65,4310,11.0
2020-08-25 09:00:00,45.62,4220,
2020-08-25 10:00:00,45.61,4190,
2020-08-25 11:00:00,45.59,4150,
2020-08-25 12:00:00,45.62,4220,
2020-08-25 13:00:00,45.62,4220,
2020-08-25 14:00:00,45.59,4150,
2020-08-25 15:00:00,45.59,4150,
2020-08-25 16:00:00,45.58,4120,
2020-08-25 17:00:00,45.59,4150,
2020-08-25 18:00:00,45.56,4080,
2020-08-25 19:00:00,45.55,4080,
2020-08-25 20:00:00,45.57,4100,
2020-08-25 21:00:00,45.57,4100,
2020-08-25 22:00:00,45.58,4120,
2020-08-25 23:00:00,45.6,4170,
2020-08-26 00:00:00,45.6,4170,
2020-08-26 02:00:00,45.58,4120,
2020-08-26 04:00:00,45.57,4100,
2020-08-26 06:00:00,45.58,4120,
2020-08-26 08:00:00,45.54,4070,9.11
2020-08-26 10:00:00,45.56,4080,
2020-08-26 12:00:00,45.55,4080,
2020-08-26 14:00:00,45.54,4070,
2020-08-26 16:00:00,45.52,4030,
2020-08-26 18:00:00,45.5,4000,
2020-08-26 20:00:00,45.48,3970,
2020-08-26 22:00:00,45.51,4020,
2020-08-27 00:00:00,45.51,4020,
2020-08-27 02:00:00,45.47,3950,
2020-08-27 04:00:00,45.49,3980,
2020-08-27 06:00:00,45.48,3970,
2020-08-27 08:00:00,45.51,4020,8.26
2020-08-27 10:00:00,45.5,4000,
2020-08-27 12:00:00,45.52,4030,
2020-08-27 14:00:00,45.5,4000,
2020-08-27 16:00:00,45.53,4050,
2020-08-27 18:00:00,45.51,4020,
2020-08-27 20:00:00,45.55,4080,
2020-08-27 22:00:00,45.52,4030,
2020-08-28 00:00:00,45.52,4030,
2020-08-28 02:00:00,45.52,4030,
2020-08-28 04:00:00,45.51,4020,
2020-08-28 06:00:00,45.5,4000,
2020-08-28 08:00:00,45.5,4000,9.85
2020-08-28 10:00:00,45.5,4000,
2020-08-28 12:00:00,45.49,3980,
2020-08-28 14:00:00,45.49,3980,
2020-08-28 16:00:00,45.51,4020,
2020-08-28 18:00:00,45.5,4000,
2020-08-28 20:00:00,45.47,3950,
2020-08-28 22:00:00,45.5,4000,
2020-08-29 00:00:00,45.49,3980,
2020-08-29 02:00:00,45.51,4020,
2020-08-29 04:00:00,45.55,4080,
2020-08-29 06:00:00,45.56,4080,
2020-08-29 08:00:00,45.54,4070,9.12
2020-08-29 10:00:00,45.58,4120,
2020-08-29 12:00:00,45.58,4120,
2020-08-29 14:00:00,45.55,4080,
2020-08-29 16:00:00,45.56,4080,
2020-08-29 18:00:00,45.57,4100,
2020-08-29 20:00:00,45.56,4080,
2020-08-29 22:00:00,45.55,4080,
2020-08-30 00:00:00,45.57,4100,
2020-08-30 02:00:00,45.57,4100,
2020-08-30 04:00:00,45.53,4050,
2020-08-30 06:00:00,45.54,4070,
2020-08-30 08:00:00,45.57,4100,10.8
2020-08-30 10:00:00,45.53,4050,
2020-08-30 12:00:00,45.53,4050,
2020-08-30 14:00:00,45.52,4030,
2020-08-30 16:00:00,45.51,4020,
2020-08-30 18:00:00,45.52,4030,
2020-08-30 20:00:00,45.53,4050,
2020-08-30 22:00:00,45.52,4030,
2020-08-31 00:00:00,45.51,4020,
2020-08-31 02:00:00,45.5,4000,
2020-08-31 04:00:00,45.48,3970,
2020-08-31 06:00:00,45.51,4020,
2020-08-31 08:00:00,45.52,4030,12.4
2020-08-31 10:00:00,45.48,3970,
2020-08-31 12:00:00,45.49,3980,
2020-08-31 14:00:00,45.52,4030,
2020-08-31 16:00:00,45.52,4030,
2020-08-31 18:00:00,45.52,4030,
2020-08-31 20:00:00,45.53,4050,
2020-08-31 22:00:00,45.51,4020,
2020-09-01 00:00:00,45.56,4080,
2020-09-01 02:00:00,45.56,4080,
2020-09-01 03:00:00,45.6,4170,
2020-09-01 04:00:00,45.55,4080,
2020-09-01 06:00:00,45.57,4100,
2020-09-01 08:00:00,45.57,4100,12.5
2020-09-01 10:00:00,45.59,4150,
2020-09-01 12:00:00,45.57,4100,
2020-09-01 14:00:00,45.56,4080,
2020-09-01 16:00:00,45.55,4080,
2020-09-01 18:00:00,45.6,4170,
2020-09-01 20:00:00,45.58,4120,
2020-09-01 22:00:00,45.57,4100,
2020-09-02 00:00:00,45.59,4150,
2020-09-02 04:00:00,45.56,4080,
2020-09-02 08:00:00,45.54,4070,13.1
2020-09-02 12:00:00,45.52,4030,
2020-09-02 16:00:00,45.48,3970,
2020-09-02 20:00:00,45.46,3940,
2020-09-03 00:00:00,45.49,3980,
2020-09-03 04:00:00,45.48,3970,
2020-09-03 08:00:00,45.48,3970,13.5
2020-09-03 12:00:00,45.49,3980,
2020-09-03 14:00:00,45.46,3940,
2020-09-03 16:00:00,45.44,3920,
2020-09-03 20:00:00,45.46,3940,
2020-09-04 00:00:00,45.47,3950,
2020-09-04 03:00:00,45.46,3940,
2020-09-04 04:00:00,45.44,3920,
2020-09-04 08:00:00,45.44,3920,11.2
2020-09-04 12:00:00,45.46,3940,
2020-09-04 16:00:00,45.42,3880,
2020-09-04 20:00:00,45.45,3930,
2020-09-05 00:00:00,45.46,3940,
2020-09-05 04:00:00,45.42,3880,
2020-09-05 08:00:00,45.41,3870,10.9
2020-09-05 10:00:00,45.38,3810,
2020-09-05 12:00:00,45.36,3780,
2020-09-05 14:00:00,45.37,3800,
2020-09-05 16:00:00,45.4,3850,
2020-09-05 18:00:00,45.41,3870,
2020-09-05 20:00:00,45.39,3830,
2020-09-05 22:00:00,45.4,3850,
2020-09-06 00:00:00,45.43,3900,
2020-09-06 04:00:00,45.4,3850,
2020-09-06 08:00:00,45.39,3830,8.33
2020-09-06 12:00:00,45.4,3850,
2020-09-06 16:00:00,45.43,3900,
2020-09-06 20:00:00,45.45,3930,
2020-09-06 22:00:00,45.46,3940,
2020-09-07 00:00:00,45.45,3930,
2020-09-07 02:00:00,45.45,3930,
2020-09-07 04:00:00,45.46,3940,
2020-09-07 06:00:00,45.46,3940,
2020-09-07 08:00:00,45.5,4000,7.82
2020-09-07 12:00:00,45.46,3940,
2020-09-07 16:00:00,45.49,3980,
2020-09-07 20:00:00,45.51,4020,
2020-09-08 00:00:00,45.52,4030,
2020-09-08 04:00:00,45.54,4070,
2020-09-08 08:00:00,45.52,4030,7.16
2020-09-08 12:00:00,45.53,4050,
2020-09-08 16:00:00,45.51,4020,
2020-09-08 20:00:00,45.53,4050,
2020-09-09 00:00:00,45.53,4050,
2020-09-09 02:00:00,45.51,4020,
2020-09-09 04:00:00,45.49,3980,
2020-09-09 06:00:00,45.46,3940,
2020-09-09 08:00:00,45.37,3800,7.26
2020-09-09 10:00:00,45.33,3710,
2020-09-09 12:00:00,45.28,3610,
2020-09-09 14:00:00,45.23,3510,
2020-09-09 16:00:00,45.14,3340,
2020-09-09 18:00:00,45.1,3270,
2020-09-09 20:00:00,45.04,3180,
2020-09-09 22:00:00,44.94,3030,
2020-09-10 00:00:00,44.88,2960,
2020-09-10 02:00:00,44.83,2890,
2020-09-10 04:00:00,44.77,2810,
2020-09-10 06:00:00,44.7,2730,
2020-09-10 08:00:00,44.62,2620,7.16
2020-09-10 10:00:00,44.57,2550,
2020-09-10 11:00:00,44.52,2470,
2020-09-10 12:00:00,44.48,2400,
2020-09-10 13:00:00,44.45,2360,
2020-09-10 14:00:00,44.39,2270,
2020-09-10 16:00:00,44.35,2210,
2020-09-10 18:00:00,44.27,2090,
2020-09-10 20:00:00,44.19,1980,
2020-09-10 22:00:00,44.15,1920,
2020-09-11 00:00:00,44.11,1870,
2020-09-11 02:00:00,44.07,1810,
2020-09-11 04:00:00,44.04,1770,
2020-09-11 06:00:00,44.02,1740,
2020-09-11 08:00:00,44.0,1720,5.95
2020-09-11 10:00:00,43.97,1690,
2020-09-11 12:00:00,43.96,1670,
2020-09-11 14:00:00,43.94,1650,
2020-09-11 16:00:00,43.93,1640,
2020-09-11 20:00:00,43.94,1650,
2020-09-12 00:00:00,43.91,1620,
2020-09-12 04:00:00,43.9,1610,
2020-09-12 08:00:00,43.85,1550,5.28
2020-09-12 12:00:00,43.78,1480,
2020-09-12 16:00:00,43.74,1440,
2020-09-12 20:00:00,43.7,1410,
2020-09-13 00:00:00,43.7,1410,
2020-09-13 02:00:00,43.68,1390,
2020-09-13 04:00:00,43.69,1610,
2020-09-13 08:00:00,43.71,1630,4.1
2020-09-13 12:00:00,43.74,1660,
2020-09-13 16:00:00,43.77,1680,
2020-09-13 20:00:00,43.81,1720,
2020-09-14 00:00:00,43.82,1730,
2020-09-14 04:00:00,43.82,1730,
2020-09-14 08:00:00,43.81,1720,4.91
2020-09-14 12:00:00,43.79,1700,
2020-09-14 16:00:00,43.77,1680,
2020-09-14 20:00:00,43.76,1670,
2020-09-15 00:00:00,43.75,1660,
2020-09-15 04:00:00,43.75,1660,
2020-09-15 08:00:00,43.74,1660,4.67
2020-09-15 12:00:00,43.74,1660,
2020-09-15 16:00:00,43.73,1650,
2020-09-15 20:00:00,43.74,1660,
2020-09-16 00:00:00,43.73,1650,
2020-09-16 04:00:00,43.73,1650,
2020-09-16 08:00:00,43.72,1640,4.73
2020-09-16 12:00:00,43.7,1620,
2020-09-16 16:00:00,43.71,1730,
2020-09-16 20:00:00,43.71,1730,
2020-09-17 00:00:00,43.69,1710,
2020-09-17 04:00:00,43.69,1710,
2020-09-17 08:00:00,43.69,1710,4.64
2020-09-17 10:00:00,43.69,1710,4.15
2020-09-17 12:00:00,43.67,1680,
2020-09-17 16:00:00,43.67,1680,
2020-09-17 20:00:00,43.67,1680,
2020-09-18 00:00:00,43.66,1670,
2020-09-18 04:00:00,43.67,1680,
2020-09-18 08:00:00,43.67,1680,6.51
2020-09-18 12:00:00,43.66,1670,
2020-09-18 16:00:00,43.62,1620,
2020-09-18 20:00:00,43.61,1610,
2020-09-18 23:00:00,43.59,1590,
2020-09-19 00:00:00,43.6,1600,
2020-09-19 04:00:00,43.61,1610,
2020-09-19 08:00:00,43.64,1650,4.7
2020-09-19 12:00:00,43.64,1650,
2020-09-19 16:00:00,43.65,1660,
2020-09-19 20:00:00,43.64,1650,
2020-09-20 00:00:00,43.65,1660,
2020-09-20 04:00:00,43.67,1680,
2020-09-20 08:00:00,43.67,1680,5.19
2020-09-20 12:00:00,43.67,1680,
2020-09-20 16:00:00,43.7,1720,
2020-09-20 20:00:00,43.69,1710,
2020-09-21 00:00:00,43.69,1710,
2020-09-21 04:00:00,43.71,1730,
2020-09-21 08:00:00,43.72,1740,4.74
2020-09-21 12:00:00,43.7,1720,
2020-09-21 16:00:00,43.7,1720,
2020-09-21 20:00:00,43.69,1710,
2020-09-22 00:00:00,43.66,1670,
2020-09-22 04:00:00,43.69,1710,
2020-09-22 08:00:00,43.67,1680,4.27
2020-09-22 12:00:00,43.67,1680,
2020-09-22 16:00:00,43.67,1680,
2020-09-22 20:00:00,43.66,1670,
2020-09-23 00:00:00,43.66,1670,
2020-09-23 04:00:00,43.66,1670,
2020-09-23 08:00:00,43.69,1710,4.22
2020-09-23 12:00:00,43.66,1670,
2020-09-23 16:00:00,43.64,1650,
2020-09-23 20:00:00,43.63,1630,
2020-09-24 00:00:00,43.63,1630,
2020-09-24 04:00:00,43.6,1600,
2020-09-24 08:00:00,43.57,1570,4.21
2020-09-24 12:00:00,43.54,1540,
2020-09-24 16:00:00,43.55,1550,
2020-09-24 20:00:00,43.58,1580,
2020-09-25 00:00:00,43.56,1560,
2020-09-25 04:00:00,43.59,1590,
2020-09-25 08:00:00,43.58,1580,3.77
2020-09-25 12:00:00,43.57,1570,
2020-09-25 16:00:00,43.54,1540,
2020-09-25 20:00:00,43.54,1540,
2020-09-26 00:00:00,43.55,1550,
2020-09-26 04:00:00,43.54,1540,
2020-09-26 08:00:00,43.55,1550,4.09
2020-09-26 09:00:00,43.54,1540,4.14
2020-09-26 11:00:00,43.56,1560,4.91
2020-09-26 12:00:00,43.53,1530,
2020-09-26 16:00:00,43.55,1550,
2020-09-26 20:00:00,43.58,1580,
2020-09-27 00:00:00,43.58,1580,
2020-09-27 04:00:00,43.58,1580,
2020-09-27 08:00:00,43.58,1580,4.5
2020-09-27 12:00:00,43.55,1550,
2020-09-27 16:00:00,43.57,1570,
2020-09-27 20:00:00,43.58,1580,
2020-09-28 00:00:00,43.56,1560,
2020-09-28 04:00:00,43.58,1580,
2020-09-28 08:00:00,43.58,1580,4.47
2020-09-28 12:00:00,43.55,1550,
2020-09-28 16:00:00,43.53,1530,
2020-09-28 20:00:00,43.54,1540,
2020-09-29 00:00:00,43.55,1550,
2020-09-29 04:00:00,43.54,1540,
2020-09-29 08:00:00,43.56,1560,4.11
2020-09-29 12:00:00,43.54,1540,
2020-09-29 16:00:00,43.55,1550,
2020-09-29 20:00:00,43.55,1550,
2020-09-30 00:00:00,43.53,1530,
2020-09-30 04:00:00,43.52,1520,
2020-09-30 08:00:00,43.52,1520,5.22
2020-09-30 10:00:00,43.51,1510,
2020-09-30 12:00:00,43.51,1510,
2020-09-30 16:00:00,43.52,1520,
2020-09-30 20:00:00,43.52,1520,
2020-10-01 00:00:00,43.51,1510,
2020-10-01 04:00:00,43.51,1510,
2020-10-01 08:00:00,43.53,1530,4.19
2020-10-01 12:00:00,43.5,1500,
2020-10-01 16:00:00,43.5,1500,
2020-10-01 20:00:00,43.5,1500,
2020-10-02 00:00:00,43.49,1490,
2020-10-02 04:00:00,43.49,1490,
2020-10-02 08:00:00,43.49,1490,4.2
2020-10-02 12:00:00,43.47,1460,
2020-10-02 16:00:00,43.47,1460,
2020-10-02 20:00:00,43.45,1440,
2020-10-03 00:00:00,43.45,1440,
2020-10-03 02:00:00,43.45,1440,
2020-10-03 04:00:00,43.46,1460,
2020-10-03 06:00:00,43.47,1480,
2020-10-03 08:00:00,43.46,1460,3.71
2020-10-03 10:00:00,43.48,1500,
2020-10-03 12:00:00,43.48,1500,
2020-10-03 14:00:00,43.47,1480,
2020-10-03 16:00:00,43.46,1460,
2020-10-03 18:00:00,43.46,1460,
2020-10-03 20:00:00,43.47,1480,
2020-10-03 22:00:00,43.48,1500,
2020-10-04 00:00:00,43.57,1640,
2020-10-04 02:00:00,43.63,1720,
2020-10-04 04:00:00,43.64,1740,
2020-10-04 06:00:00,43.67,1790,
2020-10-04 08:00:00,43.73,1870,7.51
2020-10-04 10:00:00,43.75,1900,
2020-10-04 12:00:00,43.79,1960,
2020-10-04 14:00:00,43.82,2000,
2020-10-04 16:00:00,43.86,2050,
2020-10-04 18:00:00,43.93,2140,
2020-10-04 20:00:00,43.98,2210,
2020-10-04 22:00:00,44.03,2270,
2020-10-05 00:00:00,44.11,2360,
2020-10-05 02:00:00,44.14,2390,
2020-10-05 04:00:00,44.16,2410,
2020-10-05 06:00:00,44.17,2420,
2020-10-05 08:00:00,44.18,2430,10.1
2020-10-05 10:00:00,44.21,2450,
2020-10-05 12:00:00,44.21,2450,
2020-10-05 14:00:00,44.26,2480,
2020-10-05 16:00:00,44.25,2470,
2020-10-05 18:00:00,44.28,2490,
2020-10-05 20:00:00,44.26,2480,
2020-10-05 22:00:00,44.28,2490,
2020-10-06 00:00:00,44.27,2480,
2020-10-06 02:00:00,44.28,2490,
2020-10-06 04:00:00,44.29,2500,
2020-10-06 06:00:00,44.29,2500,
2020-10-06 08:00:00,44.3,2500,7.18
2020-10-06 12:00:00,44.31,2500,
2020-10-06 16:00:00,44.34,2510,
2020-10-06 20:00:00,44.36,2510,
2020-10-07 00:00:00,44.37,2510,
2020-10-07 04:00:00,44.35,2480,
2020-10-07 08:00:00,44.32,2420,5.47
2020-10-07 12:00:00,44.34,2460,
2020-10-07 16:00:00,44.31,2410,
2020-10-07 20:00:00,44.32,2420,
2020-10-08 00:00:00,44.34,2460,
2020-10-08 04:00:00,44.33,2440,
2020-10-08 08:00:00,44.33,2440,5.76
2020-10-08 12:00:00,44.32,2420,
2020-10-08 16:00:00,44.31,2410,
2020-10-08 20:00:00,44.31,2410,
2020-10-09 00:00:00,44.3,2390,
2020-10-09 04:00:00,44.29,2370,
2020-10-09 08:00:00,44.28,2360,6.46
2020-10-09 12:00:00,44.26,2320,
2020-10-09 16:00:00,44.27,2340,
2020-10-09 20:00:00,44.28,2360,
2020-10-10 00:00:00,44.26,2320,
2020-10-10 04:00:00,44.28,2360,
2020-10-10 08:00:00,44.28,2360,6.66
2020-10-10 12:00:00,44.28,2360,
2020-10-10 16:00:00,44.3,2390,
2020-10-10 20:00:00,44.3,2390,
2020-10-11 00:00:00,44.28,2360,
2020-10-11 04:00:00,44.28,2360,
2020-10-11 08:00:00,44.29,2370,6.28
2020-10-11 12:00:00,44.3,2390,
2020-10-11 16:00:00,44.29,2370,
2020-10-11 20:00:00,44.3,2390,
2020-10-12 00:00:00,44.32,2420,
2020-10-12 02:00:00,44.32,2420,
2020-10-12 04:00:00,44.34,2460,
2020-10-12 06:00:00,44.36,2490,
2020-10-12 08:00:00,44.34,2460,5.66
2020-10-12 10:00:00,44.33,2440,
2020-10-12 12:00:00,44.32,2420,
2020-10-12 14:00:00,44.29,2370,
2020-10-12 16:00:00,44.26,2320,
2020-10-12 18:00:00,44.25,2310,
2020-10-12 20:00:00,44.19,2220,
2020-10-12 22:00:00,44.16,2170,
2020-10-13 00:00:00,44.12,2120,
2020-10-13 02:00:00,44.07,2050,
2020-10-13 04:00:00,44.04,2010,
2020-10-13 06:00:00,43.97,1920,
2020-10-13 08:00:00,43.94,1880,4.93
2020-10-13 10:00:00,43.9,1830,
2020-10-13 12:00:00,43.85,1770,
2020-10-13 14:00:00,43.84,1750,
2020-10-13 16:00:00,43.83,1740,
2020-10-13 18:00:00,43.79,1700,
2020-10-13 20:00:00,43.78,1690,
2020-10-13 22:00:00,43.75,1660,
2020-10-14 00:00:00,43.74,1660,
2020-10-14 04:00:00,43.69,1610,
2020-10-14 08:00:00,43.68,1600,4.29
2020-10-14 12:00:00,43.63,1550,
2020-10-14 16:00:00,43.6,1530,
2020-10-14 20:00:00,43.58,1510,
2020-10-15 00:00:00,43.57,1510,
2020-10-15 04:00:00,43.54,1490,
2020-10-15 08:00:00,43.53,1480,5.3
2020-10-15 12:00:00,43.51,1470,
2020-10-15 16:00:00,43.49,1450,
2020-10-15 20:00:00,43.49,1450,
2020-10-16 00:00:00,43.47,1440,
2020-10-16 04:00:00,43.45,1430,
2020-10-16 08:00:00,43.43,1420,4.02
2020-10-16 12:00:00,43.43,1420,
2020-10-16 16:00:00,43.41,1410,
2020-10-16 20:00:00,43.44,1490,
2020-10-17 00:00:00,43.41,1450,
2020-10-17 04:00:00,43.41,1450,
2020-10-17 08:00:00,43.41,1450,4.24
2020-10-17 10:00:00,43.42,1460,4.46
2020-10-17 12:00:00,43.4,1440,
2020-10-17 16:00:00,43.39,1430,
2020-10-17 20:00:00,43.39,1430,
2020-10-18 00:00:00,43.36,1390,
2020-10-18 04:00:00,43.36,1390,
2020-10-18 08:00:00,43.31,1330,3.81
2020-10-18 12:00:00,43.28,1290,
2020-10-18 16:00:00,43.24,1250,
2020-10-18 20:00:00,43.24,1250,
2020-10-19 00:00:00,43.23,1240,
2020-10-19 04:00:00,43.26,1270,
2020-10-19 08:00:00,43.25,1260,3.77
2020-10-19 12:00:00,43.21,1210,
2020-10-19 16:00:00,43.18,1180,
2020-10-19 20:00:00,43.16,1150,
2020-10-20 00:00:00,43.13,1110,
2020-10-20 04:00:00,43.13,1110,
2020-10-20 08:00:00,43.15,1140,2.78
2020-10-20 12:00:00,43.16,1150,
2020-10-20 16:00:00,43.15,1140,
2020-10-20 20:00:00,43.11,1090,
2020-10-21 00:00:00,43.13,1110,
2020-10-21 04:00:00,43.13,1110,
2020-10-21 08:00:00,43.13,1110,3.18
2020-10-21 12:00:00,43.11,1090,
2020-10-21 16:00:00,43.11,1090,
2020-10-21 20:00:00,43.12,1100,
2020-10-22 00:00:00,43.13,1110,
2020-10-22 04:00:00,43.11,1090,
2020-10-22 08:00:00,43.08,1050,2.91
2020-10-22 12:00:00,43.06,1030,
2020-10-22 16:00:00,43.09,1060,
2020-10-22 20:00:00,43.11,1090,
2020-10-23 00:00:00,43.08,1050,
2020-10-23 04:00:00,43.07,1040,
2020-10-23 08:00:00,43.02,985,3.29
2020-10-23 12:00:00,42.97,924,
2020-10-23 16:00:00,43.0,962,
2020-10-23 20:00:00,42.97,924,
2020-10-24 00:00:00,42.94,892,
2020-10-24 04:00:00,42.95,902,
2020-10-24 08:00:00,42.93,882,2.32
2020-10-24 12:00:00,42.95,902,
2020-10-24 16:00:00,42.93,882,
2020-10-24 20:00:00,42.93,882,
2020-10-25 00:00:00,42.93,882,
2020-10-25 04:00:00,42.93,882,
2020-10-25 08:00:00,42.95,902,2.29
2020-10-25 12:00:00,42.93,882,
2020-10-25 16:00:00,42.93,882,
2020-10-25 20:00:00,42.93,882,
2020-10-26 00:00:00,42.94,892,
2020-10-26 04:00:00,42.94,892,
2020-10-26 08:00:00,42.92,875,1.94
2020-10-26 12:00:00,42.92,875,
2020-10-26 16:00:00,42.92,875,
2020-10-26 20:00:00,42.91,867,
2020-10-27 00:00:00,42.91,867,
2020-10-27 04:00:00,42.9,858,
2020-10-27 08:00:00,42.89,849,2.4
2020-10-27 10:00:00,42.91,867,2.18
2020-10-27 11:00:00,42.91,867,2.22
2020-10-27 12:00:00,42.91,867,
2020-10-27 16:00:00,42.89,849,
2020-10-27 20:00:00,42.88,841,
2020-10-28 00:00:00,42.87,832,
2020-10-28 04:00:00,42.87,832,
2020-10-28 08:00:00,42.87,832,2.15
2020-10-28 12:00:00,42.87,832,
2020-10-28 16:00:00,42.87,832,
2020-10-28 20:00:00,42.9,858,
2020-10-29 00:00:00,42.96,913,
2020-10-29 04:00:00,42.98,938,
2020-10-29 08:00:00,42.95,902,4.15
2020-10-29 12:00:00,42.92,875,
2020-10-29 16:00:00,42.89,849,
2020-10-29 20:00:00,42.87,832,
2020-10-30 00:00:00,42.84,806,
2020-10-30 04:00:00,42.84,806,
2020-10-30 08:00:00,42.83,798,2.85
2020-10-30 12:00:00,42.81,781,
2020-10-30 16:00:00,42.83,798,
2020-10-30 20:00:00,42.85,815,
2020-10-31 00:00:00,42.84,806,
2020-10-31 04:00:00,42.86,824,
2020-10-31 08:00:00,42.86,824,3.44
2020-10-31 12:00:00,42.86,824,
2020-10-31 16:00:00,42.86,824,
2020-10-31 20:00:00,42.85,815,
2020-11-01 00:00:00,42.84,806,
2020-11-01 04:00:00,42.85,815,
2020-11-01 08:00:00,42.84,806,2.84
2020-11-01 12:00:00,42.83,798,
2020-11-01 16:00:00,42.84,806,
2020-11-01 20:00:00,42.84,806,
2020-11-02 00:00:00,42.86,824,
2020-11-02 04:00:00,42.85,815,
2020-11-02 08:00:00,42.85,815,3.23
2020-11-02 12:00:00,42.83,798,
2020-11-02 16:00:00,42.82,790,
2020-11-02 20:00:00,42.86,824,
2020-11-03 00:00:00,42.85,815,
2020-11-03 04:00:00,42.84,806,
2020-11-03 08:00:00,42.83,798,2.47
2020-11-03 09:00:00,42.82,790,
2020-11-03 12:00:00,42.78,757,
2020-11-03 16:00:00,42.75,731,
2020-11-03 20:00:00,42.8,773,
2020-11-04 00:00:00,42.74,723,
2020-11-04 02:00:00,42.73,715,
2020-11-04 04:00:00,42.67,674,
2020-11-04 06:00:00,42.66,668,
2020-11-04 07:00:00,42.81,781,
2020-11-04 08:00:00,42.86,824,2.49
2020-11-04 10:00:00,42.84,806,
2020-11-04 12:00:00,42.77,749,
2020-11-04 14:00:00,42.67,674,
2020-11-04 16:00:00,42.59,630,
2020-11-04 17:00:00,42.67,674,
2020-11-04 18:00:00,42.83,798,
2020-11-04 20:00:00,42.8,773,
2020-11-05 00:00:00,42.72,708,
2020-11-05 02:00:00,42.61,642,
2020-11-05 04:00:00,42.61,642,
2020-11-05 06:00:00,42.83,798,
2020-11-05 08:00:00,42.85,815,
2020-11-05 10:00:00,42.78,757,
2020-11-05 12:00:00,42.72,708,
2020-11-05 14:00:00,42.66,668,
2020-11-05 16:00:00,42.81,781,
2020-11-05 18:00:00,42.84,806,
2020-11-05 20:00:00,42.77,749,
2020-11-05 22:00:00,42.7,694,
2020-11-06 00:00:00,42.73,715,
2020-11-06 04:00:00,42.72,708,
2020-11-06 08:00:00,42.75,731,
2020-11-06 12:00:00,42.74,723,
2020-11-06 16:00:00,42.74,723,
2020-11-06 20:00:00,42.72,708,
2020-11-07 00:00:00,42.69,687,
2020-11-07 04:00:00,42.62,647,
2020-11-07 08:00:00,42.76,741,1.77
2020-11-07 12:00:00,42.67,674,
2020-11-07 16:00:00,42.7,694,
2020-11-07 18:00:00,42.67,674,
2020-11-07 19:00:00,42.57,619,
2020-11-07 20:00:00,42.5,580,
2020-11-07 23:00:00,42.6,636,
2020-11-08 00:00:00,42.73,715,
2020-11-08 04:00:00,42.69,687,
2020-11-08 06:00:00,42.64,563,
2020-11-08 08:00:00,42.58,528,
2020-11-08 12:00:00,42.55,511,
2020-11-08 14:00:00,42.58,528,
2020-11-08 15:00:00,42.63,557,
2020-11-08 16:00:00,42.73,622,
2020-11-08 20:00:00,42.76,645,
2020-11-09 00:00:00,42.7,601,
2020-11-09 04:00:00,42.65,569,
2020-11-09 08:00:00,42.65,569,
2020-11-09 12:00:00,42.68,681,
2020-11-09 16:00:00,42.65,665,
2020-11-09 20:00:00,42.69,687,
2020-11-10 00:00:00,42.66,668,
2020-11-10 04:00:00,42.59,630,
2020-11-10 08:00:00,42.75,731,1.59
2020-11-10 12:00:00,42.62,647,
2020-11-10 16:00:00,42.71,701,
2020-11-10 20:00:00,42.63,653,
2020-11-11 00:00:00,42.64,659,
2020-11-11 04:00:00,42.62,647,
2020-11-11 08:00:00,42.66,668,
2020-11-11 12:00:00,42.63,653,
2020-11-11 16:00:00,42.56,613,
2020-11-11 20:00:00,42.69,687,
2020-11-12 00:00:00,42.66,668,
2020-11-12 04:00:00,42.63,653,
2020-11-12 08:00:00,42.62,647,
2020-11-12 12:00:00,42.61,642,
2020-11-12 16:00:00,42.62,647,
2020-11-12 20:00:00,42.63,653,
2020-11-13 00:00:00,42.63,653,
2020-11-13 04:00:00,42.62,647,
2020-11-13 08:00:00,42.61,642,1.44
2020-11-13 12:00:00,42.62,647,
2020-11-13 16:00:00,42.59,630,
2020-11-13 20:00:00,42.63,653,
2020-11-14 00:00:00,42.64,659,
2020-11-14 04:00:00,42.64,659,
2020-11-14 08:00:00,42.6,636,
2020-11-14 12:00:00,42.59,630,
2020-11-14 16:00:00,42.6,636,
2020-11-14 20:00:00,42.61,642,
2020-11-15 00:00:00,42.61,642,
2020-11-15 04:00:00,42.63,653,
2020-11-15 08:00:00,42.63,653,
2020-11-15 12:00:00,42.61,642,
2020-11-15 16:00:00,42.61,642,
2020-11-15 20:00:00,42.62,647,
2020-11-16 00:00:00,42.62,647,
2020-11-16 04:00:00,42.63,653,
2020-11-16 08:00:00,42.62,647,1.33
2020-11-16 12:00:00,42.61,642,
2020-11-16 16:00:00,42.61,642,
2020-11-16 20:00:00,42.62,647,
2020-11-17 00:00:00,42.63,653,
2020-11-17 04:00:00,42.62,647,
2020-11-17 08:00:00,42.61,642,
2020-11-17 12:00:00,42.61,642,
2020-11-17 16:00:00,42.62,647,
2020-11-17 20:00:00,42.61,642,
2020-11-18 00:00:00,42.68,681,
2020-11-18 04:00:00,42.77,749,
2020-11-18 06:00:00,42.8,773,
2020-11-18 08:00:00,42.8,773,
2020-11-18 12:00:00,42.76,741,
2020-11-18 16:00:00,42.74,723,
2020-11-18 20:00:00,42.73,715,
2020-11-19 00:00:00,42.67,674,
2020-11-19 04:00:00,42.61,642,
2020-11-19 08:00:00,42.58,625,
2020-11-19 12:00:00,42.6,636,
2020-11-19 13:00:00,42.55,608,
2020-11-19 14:00:00,42.5,580,
2020-11-19 16:00:00,42.52,591,
2020-11-19 18:00:00,42.54,602,
2020-11-19 19:00:00,42.56,613,
2020-11-19 20:00:00,42.74,723,
2020-11-19 22:00:00,42.79,765,
2020-11-20 00:00:00,42.74,723,
2020-11-20 02:00:00,42.7,694,
2020-11-20 04:00:00,42.65,665,
2020-11-20 06:00:00,42.64,659,
2020-11-20 08:00:00,42.65,665,1.95
2020-11-20 12:00:00,42.65,665,
2020-11-20 16:00:00,42.71,702,
2020-11-20 20:00:00,42.67,671,
2020-11-20 22:00:00,42.65,656,
2020-11-20 23:00:00,42.6,625,
2020-11-21 00:00:00,42.55,600,
2020-11-21 03:00:00,42.58,614,
2020-11-21 04:00:00,42.73,719,
2020-11-21 08:00:00,42.73,719,
2020-11-21 10:00:00,42.68,678,
2020-11-21 11:00:00,42.64,650,
2020-11-21 12:00:00,42.59,619,
2020-11-21 13:00:00,42.53,591,
2020-11-21 14:00:00,42.56,605,
2020-11-21 15:00:00,42.72,711,
2020-11-21 16:00:00,42.74,728,
2020-11-21 20:00:00,42.69,686,
2020-11-21 22:00:00,42.72,711,
2020-11-21 23:00:00,42.76,749,
2020-11-22 00:00:00,42.82,807,
2020-11-22 02:00:00,42.88,868,
2020-11-22 03:00:00,42.94,936,
2020-11-22 04:00:00,42.98,985,
2020-11-22 05:00:00,43.05,1080,
2020-11-22 07:00:00,43.17,1240,
2020-11-22 08:00:00,43.22,1310,
2020-11-22 10:00:00,43.27,1370,
2020-11-22 12:00:00,43.3,1410,
2020-11-22 14:00:00,43.38,1510,
2020-11-22 16:00:00,43.39,1520,
2020-11-22 20:00:00,43.44,1570,
2020-11-23 00:00:00,43.44,1570,
2020-11-23 04:00:00,43.44,1570,
2020-11-23 08:00:00,43.44,1570,5.74
2020-11-23 12:00:00,43.45,1580,
2020-11-23 16:00:00,43.42,1240,
2020-11-23 20:00:00,43.36,1150,
2020-11-23 22:00:00,43.31,1080,
2020-11-24 00:00:00,43.28,1040,
2020-11-24 02:00:00,43.23,974,
2020-11-24 04:00:00,43.19,921,
2020-11-24 06:00:00,43.15,870,
2020-11-24 08:00:00,43.11,822,
2020-11-24 12:00:00,43.11,822,
2020-11-24 14:00:00,43.04,542,
2020-11-24 16:00:00,43.01,506,
2020-11-24 18:00:00,43.0,494,
2020-11-24 19:00:00,43.1,621,
2020-11-24 20:00:00,43.19,746,
2020-11-24 21:00:00,43.15,690,
2020-11-24 22:00:00,43.1,621,
2020-11-24 23:00:00,43.05,555,
2020-11-25 00:00:00,42.99,482,
2020-11-25 04:00:00,42.98,471,
2020-11-25 08:00:00,43.01,506,
2020-11-25 12:00:00,43.02,518,
2020-11-25 16:00:00,43.05,555,
2020-11-25 20:00:00,43.11,635,
2020-11-25 22:00:00,43.05,555,
2020-11-26 00:00:00,43.0,494,
2020-11-26 04:00:00,43.0,494,
2020-11-26 08:00:00,42.97,460,
2020-11-26 12:00:00,42.97,460,
2020-11-26 14:00:00,43.0,494,
2020-11-26 16:00:00,43.05,555,
2020-11-26 20:00:00,43.06,568,
2020-11-27 00:00:00,43.0,494,
2020-11-27 04:00:00,43.05,555,
2020-11-27 08:00:00,43.0,494,1.43
2020-11-27 12:00:00,42.95,438,
2020-11-27 16:00:00,42.97,460,
2020-11-27 20:00:00,43.03,530,
2020-11-28 00:00:00,43.06,568,
2020-11-28 04:00:00,42.98,471,
2020-11-28 08:00:00,43.02,518,
2020-11-28 12:00:00,43.03,530,
2020-11-28 16:00:00,42.99,482,
2020-11-28 20:00:00,43.02,518,
2020-11-28 22:00:00,43.12,648,
2020-11-29 00:00:00,43.14,676,
2020-11-29 04:00:00,43.14,676,
2020-11-29 08:00:00,43.1,621,
2020-11-29 12:00:00,42.95,438,
2020-11-29 16:00:00,42.97,460,
2020-11-29 20:00:00,42.95,438,
2020-11-30 00:00:00,42.96,449,
2020-11-30 02:00:00,43.0,494,
2020-11-30 04:00:00,43.18,1060,
2020-11-30 06:00:00,43.22,1130,
2020-11-30 08:00:00,43.24,1160,4.69
2020-11-30 10:00:00,43.29,1240,
2020-11-30 12:00:00,43.32,1280,
2020-11-30 14:00:00,43.35,1330,
2020-11-30 16:00:00,43.38,1380,
2020-11-30 18:00:00,43.35,1330,
2020-11-30 20:00:00,43.36,1350,
2020-11-30 22:00:00,43.33,1300,
2020-12-01 00:00:00,43.28,1220,
2020-12-01 02:00:00,43.24,1160,
2020-12-01 04:00:00,43.18,1060,
2020-12-01 06:00:00,43.17,1050,
2020-12-01 08:00:00,43.08,908,
2020-12-01 10:00:00,43.03,832,
2020-12-01 12:00:00,43.01,803,
2020-12-01 14:00:00,43.06,877,
2020-12-01 16:00:00,43.01,710,
2020-12-01 18:00:00,42.98,678,
2020-12-01 20:00:00,42.98,678,
2020-12-01 22:00:00,43.03,731,
2020-12-02 00:00:00,43.09,798,
2020-12-02 02:00:00,43.07,775,
2020-12-02 04:00:00,43.01,710,
2020-12-02 06:00:00,42.99,689,
2020-12-02 07:00:00,43.05,753,
2020-12-02 08:00:00,43.13,846,3.02
2020-12-02 10:00:00,43.04,634,
2020-12-02 12:00:00,42.98,577,
2020-12-02 14:00:00,43.03,624,
2020-12-02 16:00:00,43.05,644,
2020-12-02 20:00:00,43.02,613,
2020-12-03 00:00:00,42.96,562,
2020-12-03 02:00:00,42.99,585,
2020-12-03 04:00:00,43.01,603,
2020-12-03 06:00:00,43.01,603,
2020-12-03 08:00:00,43.05,644,
2020-12-03 12:00:00,43.05,644,
2020-12-03 14:00:00,43.04,634,
2020-12-03 16:00:00,43.12,717,
2020-12-03 18:00:00,43.13,728,
2020-12-03 20:00:00,43.03,624,
2020-12-03 22:00:00,43.06,654,
2020-12-04 00:00:00,43.03,624,
2020-12-04 04:00:00,43.0,594,
2020-12-04 06:00:00,42.92,530,
2020-12-04 08:00:00,42.88,503,1.19
2020-12-04 10:00:00,42.87,497,1.08
2020-12-04 12:00:00,42.89,509,
2020-12-04 14:00:00,42.93,539,
2020-12-04 16:00:00,42.99,585,
2020-12-04 18:00:00,43.0,594,
2020-12-04 20:00:00,43.08,675,
2020-12-05 00:00:00,43.09,685,
2020-12-05 04:00:00,43.03,624,
2020-12-05 08:00:00,43.08,675,
2020-12-05 12:00:00,43.05,644,
2020-12-05 16:00:00,43.03,624,
2020-12-05 20:00:00,42.99,585,
2020-12-05 22:00:00,43.02,613,
2020-12-06 00:00:00,43.06,654,
2020-12-06 02:00:00,43.11,707,
2020-12-06 04:00:00,43.12,717,
2020-12-06 06:00:00,43.08,675,
2020-12-06 08:00:00,43.07,665,
2020-12-06 10:00:00,43.03,624,
2020-12-06 12:00:00,42.94,546,
2020-12-06 14:00:00,42.89,509,
2020-12-06 16:00:00,42.87,497,
2020-12-06 18:00:00,42.9,516,
2020-12-06 20:00:00,42.97,570,
2020-12-06 22:00:00,43.1,696,
2020-12-07 00:00:00,43.06,654,
2020-12-07 04:00:00,42.95,554,
2020-12-07 08:00:00,43.0,594,
2020-12-07 12:00:00,43.0,594,
2020-12-07 16:00:00,43.0,594,
2020-12-07 20:00:00,43.08,675,
2020-12-08 00:00:00,43.01,603,
2020-12-08 04:00:00,43.0,594,
2020-12-08 08:00:00,42.85,485,1.02
2020-12-08 12:00:00,42.87,497,
2020-12-08 16:00:00,42.95,554,
2020-12-08 20:00:00,43.06,654,
2020-12-09 00:00:00,42.91,523,
2020-12-09 04:00:00,42.82,467,
2020-12-09 08:00:00,42.82,467,
2020-12-09 12:00:00,42.79,449,
2020-12-09 16:00:00,42.8,455,
2020-12-09 20:00:00,42.85,485,
2020-12-10 00:00:00,42.87,497,
2020-12-10 04:00:00,42.95,554,
2020-12-10 08:00:00,42.93,539,0.888
2020-12-10 12:00:00,42.91,523,
2020-12-10 14:00:00,42.96,562,
2020-12-10 16:00:00,43.07,665,
2020-12-10 20:00:00,43.0,594,
2020-12-11 00:00:00,42.97,570,
2020-12-11 03:00:00,42.88,503,
2020-12-11 04:00:00,42.81,461,
2020-12-11 08:00:00,42.97,646,
2020-12-11 12:00:00,42.87,559,
2020-12-11 16:00:00,42.93,610,
2020-12-11 20:00:00,42.79,497,
2020-12-12 00:00:00,42.75,469,
2020-12-12 04:00:00,42.74,462,
2020-12-12 08:00:00,42.78,490,
2020-12-12 12:00:00,42.8,504,
2020-12-12 16:00:00,42.78,490,
2020-12-12 20:00:00,42.74,462,
2020-12-13 00:00:00,42.71,442,
2020-12-13 04:00:00,42.65,402,
2020-12-13 08:00:00,42.61,378,
2020-12-13 12:00:00,42.59,367,
2020-12-13 16:00:00,42.55,347,
2020-12-13 20:00:00,42.53,337,
2020-12-14 00:00:00,42.5,323,
2020-12-14 04:00:00,42.49,319,
2020-12-14 08:00:00,42.47,310,
2020-12-14 12:00:00,42.45,300,
2020-12-14 16:00:00,42.44,296,
2020-12-14 20:00:00,42.43,292,
2020-12-15 00:00:00,42.42,289,
2020-12-15 04:00:00,42.42,289,
2020-12-15 08:00:00,42.41,286,0.7
2020-12-15 12:00:00,42.39,282,
2020-12-15 13:00:00,42.38,280,
2020-12-15 16:00:00,42.39,284,
2020-12-15 20:00:00,42.4,289,
2020-12-16 00:00:00,42.41,294,
2020-12-16 02:00:00,42.42,299,
2020-12-16 04:00:00,42.43,304,
2020-12-16 06:00:00,42.47,326,
2020-12-16 08:00:00,42.51,350,
2020-12-16 09:00:00,42.53,364,
2020-12-16 10:00:00,42.56,385,
2020-12-16 11:00:00,42.58,401,
2020-12-16 12:00:00,42.61,424,
2020-12-16 13:00:00,42.62,432,
2020-12-16 14:00:00,42.65,456,
2020-12-16 15:00:00,42.67,473,
2020-12-16 16:00:00,42.7,499,
2020-12-16 17:00:00,42.72,448,
2020-12-16 18:00:00,42.76,476,
2020-12-16 19:00:00,42.78,490,
2020-12-16 20:00:00,42.8,504,
2020-12-16 21:00:00,42.83,527,
2020-12-16 22:00:00,42.84,535,
2020-12-16 23:00:00,42.86,551,
2020-12-17 00:00:00,42.87,559,
2020-12-17 02:00:00,42.9,584,
2020-12-17 04:00:00,42.92,601,
2020-12-17 06:00:00,42.95,628,
2020-12-17 08:00:00,42.95,628,1.05
2020-12-17 10:00:00,42.97,646,
2020-12-17 12:00:00,42.98,655,
2020-12-17 14:00:00,43.01,684,
2020-12-17 16:00:00,43.01,684,
2020-12-17 18:00:00,43.08,754,
2020-12-17 20:00:00,43.12,796,
2020-12-17 22:00:00,43.15,829,
2020-12-17 23:00:00,43.16,840,
2020-12-18 00:00:00,43.12,796,
2020-12-18 02:00:00,43.06,734,
2020-12-18 04:00:00,43.11,786,
2020-12-18 06:00:00,43.1,775,
2020-12-18 08:00:00,43.04,713,
2020-12-18 10:00:00,42.99,665,
2020-12-18 12:00:00,42.93,610,
2020-12-18 14:00:00,42.89,576,
2020-12-18 16:00:00,42.87,559,
2020-12-18 18:00:00,42.88,567,
2020-12-18 20:00:00,42.89,576,
2020-12-18 22:00:00,42.94,619,
2020-12-18 23:00:00,43.05,723,
2020-12-19 00:00:00,43.09,764,
2020-12-19 02:00:00,43.13,807,
2020-12-19 04:00:00,43.06,734,
2020-12-19 06:00:00,43.05,723,
2020-12-19 08:00:00,43.01,684,
2020-12-19 10:00:00,42.97,646,
2020-12-19 12:00:00,43.01,684,
2020-12-19 14:00:00,42.93,610,
2020-12-19 16:00:00,42.86,551,
2020-12-19 17:00:00,42.98,655,
2020-12-19 18:00:00,42.99,665,
2020-12-19 20:00:00,42.94,619,
2020-12-19 22:00:00,42.92,601,
2020-12-20 00:00:00,42.86,551,
2020-12-20 02:00:00,42.86,551,
2020-12-20 04:00:00,42.88,567,
2020-12-20 06:00:00,42.81,511,
2020-12-20 08:00:00,42.77,483,0.871
2020-12-20 10:00:00,42.75,469,
2020-12-20 12:00:00,42.75,469,
2020-12-20 14:00:00,42.77,483,
2020-12-20 15:00:00,42.8,504,
2020-12-20 16:00:00,42.9,584,
2020-12-20 18:00:00,42.98,655,
2020-12-20 20:00:00,42.96,637,
2020-12-20 22:00:00,42.9,584,
2020-12-21 00:00:00,42.91,593,
2020-12-21 01:00:00,42.87,559,
2020-12-21 02:00:00,42.84,535,
2020-12-21 03:00:00,42.78,490,
2020-12-21 04:00:00,42.74,462,
2020-12-21 05:00:00,42.71,442,
2020-12-21 06:00:00,42.73,455,
2020-12-21 07:00:00,42.84,535,
2020-12-21 08:00:00,42.95,628,
2020-12-21 09:00:00,42.95,628,
2020-12-21 10:00:00,42.91,593,
2020-12-21 11:00:00,42.84,535,
2020-12-21 12:00:00,42.79,497,
2020-12-21 13:00:00,42.75,469,
2020-12-21 14:00:00,42.73,455,
2020-12-21 15:00:00,42.72,448,
2020-12-21 16:00:00,42.74,462,
2020-12-21 17:00:00,42.83,527,
2020-12-21 18:00:00,42.96,637,
2020-12-21 19:00:00,42.98,655,
2020-12-21 20:00:00,42.98,655,
2020-12-21 21:00:00,43.0,674,
2020-12-21 22:00:00,42.99,665,
2020-12-21 23:00:00,42.93,610,
2020-12-22 00:00:00,42.88,567,
2020-12-22 02:00:00,42.82,519,
2020-12-22 04:00:00,42.84,535,
2020-12-22 06:00:00,42.93,610,
2020-12-22 08:00:00,42.88,567,
2020-12-22 10:00:00,42.8,504,
2020-12-22 12:00:00,42.77,483,
2020-12-22 14:00:00,42.98,655,
2020-12-22 16:00:00,43.01,684,
2020-12-22 17:00:00,42.99,665,
2020-12-22 18:00:00,42.91,593,
2020-12-22 20:00:00,42.75,469,
2020-12-23 00:00:00,42.86,551,
2020-12-23 04:00:00,42.8,504,
2020-12-23 08:00:00,42.79,497,
2020-12-23 12:00:00,42.73,455,
2020-12-23 13:00:00,42.88,567,
2020-12-23 16:00:00,42.96,637,
2020-12-23 18:00:00,42.84,535,
2020-12-23 20:00:00,42.78,490,
2020-12-24 00:00:00,42.8,504,
2020-12-24 04:00:00,42.76,476,
2020-12-24 06:00:00,42.79,497,
2020-12-24 08:00:00,42.85,543,1.13
2020-12-24 12:00:00,42.81,511,
2020-12-24 16:00:00,42.82,519,
2020-12-24 18:00:00,42.82,519,
2020-12-24 20:00:00,42.9,584,
2020-12-24 22:00:00,42.93,610,
2020-12-25 00:00:00,42.95,628,
2020-12-25 04:00:00,42.85,543,
2020-12-25 05:00:00,42.79,497,
2020-12-25 06:00:00,42.76,476,
2020-12-25 08:00:00,42.76,476,1.2
2020-12-25 11:00:00,42.71,442,
2020-12-25 12:00:00,42.67,415,
2020-12-25 16:00:00,42.64,396,
2020-12-25 18:00:00,42.68,422,
2020-12-25 20:00:00,42.88,567,
2020-12-25 22:00:00,42.85,543,
2020-12-26 00:00:00,42.82,519,
2020-12-26 04:00:00,42.78,490,
2020-12-26 06:00:00,42.74,462,
2020-12-26 08:00:00,42.71,442,
2020-12-26 10:00:00,42.69,428,
2020-12-26 12:00:00,42.65,402,
2020-12-26 15:00:00,42.75,469,
2020-12-26 16:00:00,42.88,686,
2020-12-26 18:00:00,42.81,608,
2020-12-26 20:00:00,42.74,538,
2020-12-26 22:00:00,42.69,490,
2020-12-27 00:00:00,42.67,473,
2020-12-27 04:00:00,42.71,508,
2020-12-27 08:00:00,42.79,588,0.899
2020-12-27 12:00:00,42.84,641,
2020-12-27 16:00:00,42.9,710,
2020-12-27 17:00:00,42.85,652,
2020-12-27 18:00:00,42.8,598,
2020-12-27 20:00:00,42.84,641,
2020-12-27 22:00:00,42.71,508,
2020-12-28 00:00:00,42.68,481,
2020-12-28 04:00:00,42.64,448,
2020-12-28 08:00:00,42.66,464,0.749
2020-12-28 10:00:00,42.69,490,
2020-12-28 12:00:00,42.73,528,
2020-12-28 16:00:00,42.74,538,
2020-12-28 20:00:00,42.75,548,
2020-12-29 00:00:00,42.72,518,
2020-12-29 04:00:00,42.69,490,
2020-12-29 08:00:00,42.7,499,1.12
2020-12-29 12:00:00,42.76,558,
2020-12-29 14:00:00,42.85,652,
2020-12-29 16:00:00,42.85,652,
2020-12-29 20:00:00,42.86,663,
2020-12-30 00:00:00,42.86,663,
2020-12-30 02:00:00,42.82,619,
2020-12-30 04:00:00,43.01,850,
2020-12-30 06:00:00,43.06,916,
2020-12-30 08:00:00,43.05,903,
2020-12-30 10:00:00,43.0,837,
2020-12-30 12:00:00,42.9,710,
2020-12-30 14:00:00,42.86,663,
2020-12-30 16:00:00,42.84,641,
2020-12-30 18:00:00,42.85,652,
2020-12-30 20:00:00,42.84,641,
2020-12-30 22:00:00,43.02,863,
2020-12-31 00:00:00,42.97,798,
2020-12-31 02:00:00,42.9,710,
2020-12-31 04:00:00,42.81,608,
2020-12-31 06:00:00,42.8,598,
2020-12-31 08:00:00,43.03,876,2.12
2020-12-31 10:00:00,43.07,929,
2020-12-31 12:00:00,43.04,889,
2020-12-31 13:00:00,42.93,610,
2020-12-31 14:00:00,42.86,551,
2020-12-31 15:00:00,42.82,519,
2020-12-31 16:00:00,42.79,497,
2020-12-31 18:00:00,42.77,483,
2020-12-31 20:00:00,42.76,476,
2020-12-31 22:00:00,42.76,476,
2021-01-01 00:00:00,42.79,497,1.37
2021-01-01 02:00:00,43.03,614,
2021-01-01 04:00:00,43.1,650,
2021-01-01 06:00:00,43.1,650,
2021-01-01 08:00:00,42.97,584,0.952
2021-01-01 10:00:00,42.89,545,
2021-01-01 12:00:00,42.83,515,
2021-01-01 13:00:00,42.81,506,0.996
2021-01-01 15:00:00,42.79,497,0.977
2021-01-01 16:00:00,42.79,497,
2021-01-01 20:00:00,42.8,501,
2021-01-02 00:00:00,43.03,614,
2021-01-02 02:00:00,43.1,650,
2021-01-02 04:00:00,43.14,671,
2021-01-02 06:00:00,43.03,614,
2021-01-02 08:00:00,42.91,555,
2021-01-02 10:00:00,42.87,535,
2021-01-02 12:00:00,42.85,524,
2021-01-02 16:00:00,42.89,545,
2021-01-02 18:00:00,43.04,619,
2021-01-02 20:00:00,43.02,609,
2021-01-02 22:00:00,42.92,560,
2021-01-03 00:00:00,42.89,545,
2021-01-03 02:00:00,42.75,481,
2021-01-03 04:00:00,42.97,584,
2021-01-03 06:00:00,43.06,629,
2021-01-03 08:00:00,43.03,614,1.42
2021-01-03 12:00:00,42.82,510,
2021-01-03 16:00:00,42.75,481,
2021-01-03 20:00:00,42.76,484,
2021-01-04 00:00:00,42.77,488,
2021-01-04 02:00:00,42.8,501,
2021-01-04 04:00:00,43.07,634,
2021-01-04 06:00:00,43.11,655,
2021-01-04 08:00:00,43.03,614,
2021-01-04 10:00:00,42.89,545,
2021-01-04 12:00:00,42.8,501,
2021-01-04 14:00:00,42.77,488,
2021-01-04 16:00:00,42.77,488,
2021-01-04 18:00:00,42.79,497,
2021-01-04 20:00:00,42.79,497,
2021-01-04 22:00:00,42.78,492,
2021-01-05 00:00:00,42.75,481,
2021-01-05 04:00:00,42.72,468,
2021-01-05 08:00:00,42.67,448,
2021-01-05 12:00:00,42.64,434,
2021-01-05 16:00:00,42.64,434,
2021-01-05 20:00:00,42.64,434,
2021-01-06 00:00:00,42.63,430,
2021-01-06 04:00:00,42.62,426,
2021-01-06 08:00:00,42.64,434,
2021-01-06 12:00:00,42.68,452,
2021-01-06 16:00:00,42.67,448,
2021-01-06 20:00:00,42.67,448,
2021-01-07 00:00:00,42.63,430,
2021-01-07 04:00:00,42.6,418,
2021-01-07 08:00:00,42.53,392,
2021-01-07 12:00:00,42.54,396,
2021-01-07 16:00:00,42.51,385,
2021-01-07 20:00:00,42.5,382,
2021-01-08 00:00:00,42.55,400,
2021-01-08 04:00:00,42.54,396,
2021-01-08 08:00:00,42.5,382,2.01
2021-01-08 12:00:00,42.45,365,
2021-01-08 16:00:00,42.47,372,
2021-01-08 18:00:00,42.5,382,
2021-01-08 20:00:00,42.52,389,
2021-01-08 22:00:00,42.54,396,
2021-01-09 00:00:00,42.55,400,
2021-01-09 04:00:00,42.55,400,
2021-01-09 06:00:00,42.57,407,
2021-01-09 08:00:00,42.55,400,
2021-01-09 12:00:00,42.49,379,
2021-01-09 16:00:00,42.49,379,
2021-01-09 20:00:00,42.57,407,
2021-01-10 00:00:00,42.59,414,
2021-01-10 04:00:00,42.61,422,
2021-01-10 08:00:00,42.57,407,2.25
2021-01-10 12:00:00,42.53,392,
2021-01-10 16:00:00,42.55,400,
2021-01-10 17:00:00,42.61,422,
2021-01-10 20:00:00,42.65,438,
2021-01-11 00:00:00,42.66,443,
2021-01-11 04:00:00,42.66,443,
2021-01-11 08:00:00,42.65,438,
2021-01-11 12:00:00,42.6,418,
2021-01-11 16:00:00,42.56,403,
2021-01-11 20:00:00,42.62,426,
2021-01-12 00:00:00,42.64,434,
2021-01-12 04:00:00,42.64,434,
2021-01-12 08:00:00,42.61,422,
2021-01-12 12:00:00,42.56,403,
2021-01-12 16:00:00,42.62,426,
2021-01-12 20:00:00,42.64,434,
2021-01-13 00:00:00,42.64,434,
2021-01-13 04:00:00,42.63,430,
2021-01-13 08:00:00,42.63,430,
2021-01-13 12:00:00,42.63,430,
2021-01-13 16:00:00,42.63,430,
2021-01-13 20:00:00,42.63,430,
2021-01-14 00:00:00,42.61,422,
2021-01-14 04:00:00,42.62,426,
2021-01-14 08:00:00,42.62,426,1.36
2021-01-14 12:00:00,42.61,422,
2021-01-14 16:00:00,42.61,422,
2021-01-14 20:00:00,42.61,422,
2021-01-15 00:00:00,42.58,410,
2021-01-15 04:00:00,42.59,414,
2021-01-15 08:00:00,42.59,414,
2021-01-15 12:00:00,42.58,410,
2021-01-15 16:00:00,42.58,410,
2021-01-15 20:00:00,42.56,403,
2021-01-16 00:00:00,42.53,392,
2021-01-16 04:00:00,42.53,392,
2021-01-16 08:00:00,42.5,382,
2021-01-16 12:00:00,42.49,379,
2021-01-16 16:00:00,42.49,379,
2021-01-16 20:00:00,42.47,372,
2021-01-17 00:00:00,42.44,362,
2021-01-17 04:00:00,42.42,356,
2021-01-17 08:00:00,42.43,359,
2021-01-17 12:00:00,42.4,350,
2021-01-17 16:00:00,42.39,347,
2021-01-17 20:00:00,42.38,344,
2021-01-18 00:00:00,42.35,338,
2021-01-18 04:00:00,42.35,338,
2021-01-18 08:00:00,42.37,342,1.02
2021-01-18 12:00:00,42.37,342,
2021-01-18 16:00:00,42.36,339,
2021-01-18 20:00:00,42.37,342,
2021-01-19 00:00:00,42.38,344,
2021-01-19 04:00:00,42.38,344,
2021-01-19 08:00:00,42.38,344,
2021-01-19 12:00:00,42.36,339,
2021-01-19 16:00:00,42.33,333,
2021-01-19 20:00:00,42.32,330,
2021-01-20 00:00:00,42.29,322,
2021-01-20 04:00:00,42.31,328,
2021-01-20 08:00:00,42.34,335,0.796
2021-01-20 12:00:00,42.34,335,
2021-01-20 16:00:00,42.34,335,
2021-01-20 20:00:00,42.33,333,
2021-01-21 00:00:00,42.33,333,
2021-01-21 04:00:00,42.32,330,
2021-01-21 08:00:00,42.31,328,
2021-01-21 12:00:00,42.33,333,
2021-01-21 16:00:00,42.34,335,
2021-01-21 20:00:00,42.34,335,
2021-01-22 00:00:00,42.32,330,
2021-01-22 04:00:00,42.29,322,
2021-01-22 08:00:00,42.29,322,
2021-01-22 12:00:00,42.29,322,
2021-01-22 16:00:00,42.29,322,
2021-01-22 20:00:00,42.29,322,
2021-01-23 00:00:00,42.27,317,
2021-01-23 04:00:00,42.26,314,
2021-01-23 08:00:00,42.27,317,
2021-01-23 12:00:00,42.29,322,
2021-01-23 16:00:00,42.29,322,
2021-01-23 20:00:00,42.29,322,
2021-01-24 00:00:00,42.26,314,
2021-01-24 04:00:00,42.26,314,
2021-01-24 08:00:00,42.26,314,0.634
2021-01-24 12:00:00,42.24,309,
2021-01-24 16:00:00,42.22,303,
2021-01-24 20:00:00,42.19,291,
2021-01-25 00:00:00,42.18,288,
2021-01-25 04:00:00,42.17,285,
2021-01-25 08:00:00,42.16,283,
2021-01-25 12:00:00,42.14,277,
2021-01-25 16:00:00,42.14,277,
2021-01-25 20:00:00,42.15,280,
2021-01-26 00:00:00,42.13,275,
2021-01-26 04:00:00,42.12,272,
2021-01-26 08:00:00,42.11,270,
2021-01-26 12:00:00,42.12,272,
2021-01-26 16:00:00,42.12,272,
2021-01-26 20:00:00,42.13,275,
2021-01-27 00:00:00,42.12,272,
2021-01-27 04:00:00,42.12,272,
2021-01-27 08:00:00,42.12,272,
2021-01-27 12:00:00,42.09,265,
2021-01-27 16:00:00,42.09,265,
2021-01-27 20:00:00,42.09,265,
2021-01-28 00:00:00,42.09,265,
2021-01-28 04:00:00,42.09,265,
2021-01-28 08:00:00,42.09,265,0.674
2021-01-28 12:00:00,42.06,257,
2021-01-28 16:00:00,42.05,255,
2021-01-28 20:00:00,42.07,260,
2021-01-29 00:00:00,42.04,253,
2021-01-29 04:00:00,42.04,253,
2021-01-29 08:00:00,42.05,255,
2021-01-29 10:00:00,42.03,251,
2021-01-29 12:00:00,42.03,251,
2021-01-29 16:00:00,42.03,251,
2021-01-29 20:00:00,42.04,253,
2021-01-30 00:00:00,42.03,251,
2021-01-30 04:00:00,42.03,251,
2021-01-30 08:00:00,42.04,253,
2021-01-30 12:00:00,42.03,251,
2021-01-30 16:00:00,42.04,253,
2021-01-30 20:00:00,42.04,253,
2021-01-31 00:00:00,42.03,251,
2021-01-31 04:00:00,42.02,248,
2021-01-31 08:00:00,42.02,248,0.284
2021-01-31 12:00:00,42.02,248,
2021-01-31 16:00:00,42.02,248,
2021-01-31 20:00:00,42.02,248,
2021-02-01 00:00:00,42.02,248,
2021-02-01 04:00:00,41.98,240,
2021-02-01 08:00:00,41.97,238,
2021-02-01 12:00:00,41.97,238,
2021-02-01 16:00:00,41.97,238,
2021-02-01 20:00:00,41.97,238,
2021-02-02 00:00:00,41.97,238,
2021-02-02 04:00:00,41.97,238,
2021-02-02 08:00:00,41.97,238,
2021-02-02 12:00:00,41.96,236,
2021-02-02 16:00:00,41.96,236,
2021-02-02 20:00:00,41.98,240,
2021-02-03 00:00:00,41.97,238,
2021-02-03 04:00:00,41.96,236,
2021-02-03 08:00:00,41.96,236,
2021-02-03 12:00:00,41.98,240,
2021-02-03 16:00:00,41.96,236,
2021-02-03 20:00:00,41.97,238,
2021-02-04 00:00:00,41.96,236,
2021-02-04 04:00:00,41.96,236,
2021-02-04 08:00:00,41.96,236,
2021-02-04 12:00:00,41.93,230,
2021-02-04 16:00:00,41.92,228,
2021-02-04 20:00:00,41.95,234,
2021-02-05 00:00:00,41.92,228,
2021-02-05 04:00:00,41.91,226,
2021-02-05 08:00:00,41.94,232,0.318
2021-02-05 12:00:00,41.94,232,
2021-02-05 16:00:00,41.92,228,
2021-02-05 20:00:00,41.94,232,
2021-02-06 00:00:00,41.92,228,
2021-02-06 04:00:00,41.91,226,
2021-02-06 08:00:00,41.91,226,
2021-02-06 12:00:00,41.9,224,
2021-02-06 14:00:00,41.89,222,
2021-02-06 16:00:00,41.89,222,
2021-02-06 20:00:00,41.9,227,
2021-02-07 00:00:00,41.91,231,
2021-02-07 04:00:00,41.91,231,
2021-02-07 08:00:00,41.91,231,
2021-02-07 12:00:00,41.92,236,
2021-02-07 16:00:00,41.93,240,
2021-02-07 20:00:00,41.95,250,
2021-02-08 00:00:00,41.96,255,
2021-02-08 04:00:00,41.97,259,
2021-02-08 08:00:00,42.0,274,
2021-02-08 12:00:00,42.03,289,
2021-02-08 13:00:00,42.01,279,
2021-02-08 20:00:00,42.04,294,
2021-02-09 00:00:00,42.04,294,
2021-02-09 04:00:00,42.04,294,
2021-02-09 08:00:00,42.02,284,
2021-02-09 12:00:00,42.02,284,
2021-02-09 16:00:00,42.03,289,
2021-02-09 20:00:00,42.05,299,
2021-02-10 00:00:00,42.06,303,
2021-02-10 04:00:00,42.08,314,
2021-02-10 08:00:00,42.1,325,0.324
2021-02-10 12:00:00,42.09,319,
2021-02-10 16:00:00,42.1,325,
2021-02-10 20:00:00,42.1,325,
2021-02-11 00:00:00,42.09,319,
2021-02-11 04:00:00,42.09,319,
2021-02-11 08:00:00,42.08,314,
2021-02-11 12:00:00,42.07,309,
2021-02-11 16:00:00,42.07,309,
2021-02-11 20:00:00,42.1,325,
2021-02-12 00:00:00,42.09,319,
2021-02-12 04:00:00,42.13,342,
2021-02-12 08:00:00,42.13,342,
2021-02-12 12:00:00,42.07,309,
2021-02-12 16:00:00,42.05,299,
2021-02-12 20:00:00,42.1,325,
2021-02-13 00:00:00,42.06,303,
2021-02-13 04:00:00,42.05,299,
2021-02-13 08:00:00,42.02,284,
2021-02-13 12:00:00,42.05,299,
2021-02-13 16:00:00,42.0,274,
2021-02-13 20:00:00,42.01,279,
2021-02-14 00:00:00,42.01,279,
2021-02-14 04:00:00,42.01,279,
2021-02-14 08:00:00,42.02,284,
2021-02-14 12:00:00,42.0,274,
2021-02-14 16:00:00,42.01,279,
2021-02-14 20:00:00,42.05,299,
2021-02-15 00:00:00,42.11,331,
2021-02-15 04:00:00,42.11,331,
2021-02-15 08:00:00,42.15,355,0.958
2021-02-15 12:00:00,42.17,368,
2021-02-15 16:00:00,42.19,380,
2021-02-15 20:00:00,42.21,394,
2021-02-16 00:00:00,42.2,387,
2021-02-16 04:00:00,42.24,414,
2021-02-16 08:00:00,42.27,435,
2021-02-16 12:00:00,42.31,465,
2021-02-16 16:00:00,42.31,465,
2021-02-16 20:00:00,42.3,457,
2021-02-17 00:00:00,42.33,480,
2021-02-17 04:00:00,42.27,435,
2021-02-17 08:00:00,42.3,457,
2021-02-17 12:00:00,42.29,450,
2021-02-17 16:00:00,42.28,442,
2021-02-17 20:00:00,42.28,442,
2021-02-18 00:00:00,42.27,435,
2021-02-18 04:00:00,42.28,442,
2021-02-18 08:00:00,42.35,496,
2021-02-18 12:00:00,42.31,465,
2021-02-18 16:00:00,42.36,505,
2021-02-18 20:00:00,42.37,513,
2021-02-19 00:00:00,42.44,573,
2021-02-19 02:00:00,42.49,618,
2021-02-19 04:00:00,42.58,705,
2021-02-19 08:00:00,42.66,782,
2021-02-19 10:00:00,42.65,773,
2021-02-19 12:00:00,42.64,763,
2021-02-19 16:00:00,42.65,773,
2021-02-19 20:00:00,42.64,763,
2021-02-20 00:00:00,42.63,753,
2021-02-20 04:00:00,42.59,714,
2021-02-20 08:00:00,42.58,705,2.57
2021-02-20 12:00:00,42.55,676,
2021-02-20 16:00:00,42.53,657,
2021-02-20 20:00:00,42.53,657,
2021-02-21 00:00:00,42.52,648,
2021-02-21 04:00:00,42.51,639,
2021-02-21 08:00:00,42.5,627,
2021-02-21 12:00:00,42.48,609,
2021-02-21 16:00:00,42.46,590,
2021-02-21 20:00:00,42.45,556,
2021-02-22 00:00:00,42.46,563,
2021-02-22 04:00:00,42.43,542,
2021-02-22 06:00:00,42.41,528,
2021-02-22 08:00:00,42.5,592,1.21
2021-02-22 12:00:00,42.57,644,
2021-02-22 16:00:00,42.5,592,
2021-02-22 17:00:00,42.57,644,
2021-02-22 18:00:00,42.65,706,
2021-02-22 20:00:00,42.6,667,
2021-02-23 00:00:00,42.53,614,
2021-02-23 04:00:00,42.5,592,
2021-02-23 08:00:00,42.51,600,
2021-02-23 12:00:00,42.48,578,
2021-02-23 16:00:00,42.48,578,
2021-02-23 20:00:00,42.48,578,
2021-02-24 00:00:00,42.5,592,
2021-02-24 04:00:00,42.49,585,
2021-02-24 08:00:00,42.5,592,
2021-02-24 12:00:00,42.5,592,
2021-02-24 16:00:00,42.51,600,
2021-02-24 20:00:00,42.53,614,
2021-02-24 22:00:00,42.54,622,
2021-02-25 00:00:00,42.6,667,
2021-02-25 02:00:00,42.63,690,
2021-02-25 04:00:00,42.69,737,
2021-02-25 08:00:00,42.7,745,
2021-02-25 10:00:00,42.67,721,
2021-02-25 12:00:00,42.65,706,
2021-02-25 14:00:00,42.62,682,
2021-02-25 16:00:00,42.62,682,
2021-02-25 20:00:00,42.63,690,
2021-02-26 00:00:00,42.64,698,
2021-02-26 04:00:00,42.66,714,
2021-02-26 08:00:00,42.72,761,2.6
2021-02-26 12:00:00,42.78,810,
2021-02-26 16:00:00,42.75,786,
2021-02-26 18:00:00,42.59,659,
2021-02-26 20:00:00,42.56,637,
2021-02-26 22:00:00,42.85,870,
2021-02-27 00:00:00,42.91,922,
2021-02-27 02:00:00,42.83,852,
2021-02-27 04:00:00,42.8,827,
2021-02-27 08:00:00,42.75,786,
2021-02-27 12:00:00,42.73,769,
2021-02-27 16:00:00,42.68,729,
2021-02-27 20:00:00,42.68,729,
2021-02-27 22:00:00,42.74,777,
2021-02-28 00:00:00,42.77,802,
2021-02-28 02:00:00,42.82,844,
2021-02-28 04:00:00,42.79,819,
2021-02-28 06:00:00,42.79,819,
2021-02-28 08:00:00,42.77,802,3.74
2021-02-28 12:00:00,42.76,794,
2021-02-28 16:00:00,42.74,777,
2021-02-28 20:00:00,42.72,761,
2021-03-01 00:00:00,42.75,786,
2021-03-01 02:00:00,42.82,844,
2021-03-01 04:00:00,42.84,861,
2021-03-01 08:00:00,42.85,870,
2021-03-01 10:00:00,42.81,835,
2021-03-01 12:00:00,42.8,827,
2021-03-01 14:00:00,42.79,819,
2021-03-01 16:00:00,42.7,745,
2021-03-01 18:00:00,42.67,721,
2021-03-01 20:00:00,42.99,997,
2021-03-01 22:00:00,43.05,1060,
2021-03-02 00:00:00,42.99,997,
2021-03-02 02:00:00,42.96,969,
2021-03-02 04:00:00,42.9,913,
2021-03-02 06:00:00,42.91,922,
2021-03-02 08:00:00,42.9,913,
2021-03-02 10:00:00,42.87,886,
2021-03-02 12:00:00,42.84,861,
2021-03-02 16:00:00,42.82,844,
2021-03-02 20:00:00,42.82,844,
2021-03-03 00:00:00,42.83,852,
2021-03-03 04:00:00,42.86,878,
2021-03-03 08:00:00,42.85,870,3.93
2021-03-03 12:00:00,42.92,931,
2021-03-03 16:00:00,42.88,895,
2021-03-03 20:00:00,42.9,913,
2021-03-04 00:00:00,42.88,895,
2021-03-04 04:00:00,42.91,922,
2021-03-04 08:00:00,42.92,931,
2021-03-04 12:00:00,42.93,940,
2021-03-04 16:00:00,42.95,959,
2021-03-04 20:00:00,42.93,940,
2021-03-05 00:00:00,43.0,1100,
2021-03-05 04:00:00,42.98,1080,
2021-03-05 08:00:00,42.98,1080,
2021-03-05 12:00:00,43.01,1110,
2021-03-05 16:00:00,43.01,1110,
2021-03-05 20:00:00,42.99,1090,
2021-03-05 22:00:00,43.04,1140,
2021-03-06 00:00:00,43.02,1120,
2021-03-06 04:00:00,42.97,978,
2021-03-06 08:00:00,42.95,959,3.39
2021-03-06 12:00:00,42.97,978,
2021-03-06 16:00:00,42.98,988,
2021-03-06 20:00:00,43.0,1010,
2021-03-07 00:00:00,43.0,1010,
2021-03-07 04:00:00,42.99,997,
2021-03-07 08:00:00,42.99,997,
2021-03-07 12:00:00,42.99,997,
2021-03-07 16:00:00,42.99,997,
2021-03-07 20:00:00,43.02,1030,
2021-03-08 00:00:00,43.02,1030,
2021-03-08 04:00:00,43.02,1030,
2021-03-08 08:00:00,43.02,1030,
2021-03-08 12:00:00,43.0,1010,
2021-03-08 16:00:00,42.99,997,
2021-03-08 20:00:00,42.98,988,
2021-03-09 00:00:00,42.96,969,
2021-03-09 04:00:00,42.96,969,
2021-03-09 12:00:00,42.96,969,
2021-03-09 16:00:00,42.95,959,
2021-03-09 20:00:00,42.95,959,
2021-03-10 00:00:00,42.94,950,
2021-03-10 04:00:00,42.93,940,
2021-03-10 08:00:00,42.92,931,3.08
2021-03-10 12:00:00,42.92,931,
2021-03-10 16:00:00,42.91,922,
2021-03-10 20:00:00,42.95,959,
2021-03-11 00:00:00,42.93,940,
2021-03-11 04:00:00,42.92,931,
2021-03-11 08:00:00,42.93,940,
2021-03-11 12:00:00,42.92,931,
2021-03-11 16:00:00,42.91,922,
2021-03-11 20:00:00,42.9,913,
2021-03-12 00:00:00,42.92,931,
2021-03-12 04:00:00,42.91,922,
2021-03-12 08:00:00,42.93,940,
2021-03-12 12:00:00,42.89,904,
2021-03-12 16:00:00,42.9,913,
2021-03-12 18:00:00,42.96,1060,
2021-03-12 20:00:00,43.01,1110,
2021-03-12 22:00:00,43.04,1140,
2021-03-13 00:00:00,43.01,1110,
2021-03-13 04:00:00,42.98,1080,
2021-03-13 08:00:00,43.04,1140,4.95
2021-03-13 12:00:00,43.08,1180,
2021-03-13 14:00:00,43.12,1220,
2021-03-13 16:00:00,43.18,1280,
2021-03-13 20:00:00,43.2,1300,
2021-03-14 00:00:00,43.19,1290,
2021-03-14 04:00:00,43.25,1360,
2021-03-14 08:00:00,43.29,1400,
2021-03-14 12:00:00,43.27,1380,
2021-03-14 16:00:00,43.29,1400,
2021-03-14 20:00:00,43.32,1430,
2021-03-15 00:00:00,43.32,1430,
2021-03-15 04:00:00,43.35,1470,
2021-03-15 08:00:00,43.37,1490,7.71
2021-03-15 12:00:00,43.36,1480,
2021-03-15 16:00:00,43.34,1460,
2021-03-15 20:00:00,43.37,1490,
2021-03-16 00:00:00,43.34,1460,
2021-03-16 04:00:00,43.35,1470,
2021-03-16 08:00:00,43.33,1450,7.74
2021-03-16 12:00:00,43.26,1270,
2021-03-16 16:00:00,43.18,1190,
2021-03-16 20:00:00,43.14,1150,
2021-03-17 00:00:00,43.1,1110,
2021-03-17 04:00:00,43.07,1080,
2021-03-17 08:00:00,43.04,1050,
2021-03-17 12:00:00,43.04,1050,
2021-03-17 16:00:00,43.05,1060,
2021-03-17 18:00:00,43.11,1210,
2021-03-17 20:00:00,43.16,1260,
2021-03-18 00:00:00,43.2,1300,
2021-03-18 04:00:00,43.28,1390,
2021-03-18 08:00:00,43.32,1430,
2021-03-18 12:00:00,43.35,1470,
2021-03-18 14:00:00,43.4,1530,
2021-03-18 16:00:00,43.41,1540,
2021-03-18 20:00:00,43.46,1590,
2021-03-19 00:00:00,43.5,1620,
2021-03-19 04:00:00,43.51,1630,
2021-03-19 08:00:00,43.56,1660,9.22
2021-03-19 12:00:00,43.54,1610,
2021-03-19 16:00:00,43.54,1610,
2021-03-19 20:00:00,43.49,1500,
2021-03-20 00:00:00,43.42,1380,
2021-03-20 02:00:00,43.36,1290,
2021-03-20 04:00:00,43.32,1230,
2021-03-20 06:00:00,43.27,1170,
2021-03-20 08:00:00,43.23,1130,4.57
2021-03-20 12:00:00,43.19,1080,
2021-03-20 16:00:00,43.17,1060,
2021-03-20 20:00:00,43.19,1080,
2021-03-21 00:00:00,43.15,1050,
2021-03-21 04:00:00,43.16,1060,
2021-03-21 08:00:00,43.22,1110,
2021-03-21 12:00:00,43.33,1240,
2021-03-21 14:00:00,43.24,1140,
2021-03-21 16:00:00,43.17,1060,
2021-03-21 20:00:00,43.21,1100,
2021-03-22 00:00:00,43.16,1060,
2021-03-22 04:00:00,43.11,1010,
2021-03-22 08:00:00,42.99,932,
2021-03-22 12:00:00,43.21,1100,
2021-03-22 14:00:00,43.08,990,
2021-03-22 16:00:00,43.06,977,
2021-03-22 20:00:00,43.05,970,
2021-03-23 00:00:00,43.03,957,
2021-03-23 04:00:00,43.03,957,
2021-03-23 08:00:00,43.02,951,2.13
2021-03-23 10:00:00,43.0,938,
2021-03-23 12:00:00,43.02,951,
2021-03-23 14:00:00,42.98,926,
2021-03-23 16:00:00,42.99,932,
2021-03-23 18:00:00,42.98,926,
2021-03-23 20:00:00,42.96,914,
2021-03-23 22:00:00,42.97,920,
2021-03-24 00:00:00,42.95,908,
2021-03-24 02:00:00,42.97,920,
2021-03-24 04:00:00,42.96,914,
2021-03-24 06:00:00,42.97,920,
2021-03-24 08:00:00,42.96,914,
2021-03-24 12:00:00,42.95,908,
2021-03-24 16:00:00,42.93,896,
2021-03-24 20:00:00,42.95,908,
2021-03-25 00:00:00,42.95,908,
2021-03-25 04:00:00,42.95,908,
2021-03-25 08:00:00,42.96,914,2.61
2021-03-25 12:00:00,42.91,884,
2021-03-25 16:00:00,42.9,879,
2021-03-25 20:00:00,42.88,868,
2021-03-26 00:00:00,42.87,862,
2021-03-26 04:00:00,42.85,852,
2021-03-26 08:00:00,42.87,862,
2021-03-26 12:00:00,42.87,862,
2021-03-26 16:00:00,42.86,857,
2021-03-26 20:00:00,42.89,873,
2021-03-27 00:00:00,42.9,879,
2021-03-27 04:00:00,42.93,896,
2021-03-27 08:00:00,42.93,896,
2021-03-27 12:00:00,42.92,890,
2021-03-27 16:00:00,42.9,879,
2021-03-27 20:00:00,42.9,879,
2021-03-28 00:00:00,42.87,862,
2021-03-28 04:00:00,42.85,852,
2021-03-28 08:00:00,42.85,852,1.96
2021-03-28 12:00:00,42.84,846,
2021-03-28 16:00:00,42.86,857,
2021-03-28 20:00:00,42.86,857,
2021-03-29 00:00:00,42.87,862,
2021-03-29 04:00:00,42.89,873,
2021-03-29 08:00:00,42.92,890,
2021-03-29 12:00:00,42.89,873,
2021-03-29 16:00:00,42.86,857,
2021-03-29 20:00:00,42.85,852,
2021-03-30 00:00:00,42.84,846,
2021-03-30 04:00:00,42.85,852,
2021-03-30 08:00:00,42.87,862,
2021-03-30 12:00:00,42.86,857,
2021-03-30 16:00:00,42.83,841,
2021-03-30 20:00:00,42.85,852,
2021-03-31 00:00:00,42.85,852,
2021-03-31 04:00:00,42.87,862,
2021-03-31 08:00:00,42.89,873,2.5
2021-03-31 12:00:00,42.87,862,
2021-03-31 16:00:00,42.87,862,
2021-03-31 20:00:00,42.84,846,
2021-04-01 00:00:00,42.83,841,
2021-04-01 04:00:00,42.85,852,
2021-04-01 08:00:00,42.88,868,
2021-04-01 12:00:00,42.9,879,
2021-04-01 16:00:00,42.86,857,
2021-04-01 20:00:00,42.85,852,
2021-04-02 00:00:00,42.84,846,
2021-04-02 04:00:00,42.9,879,
2021-04-02 08:00:00,42.92,890,
2021-04-02 12:00:00,42.85,852,
2021-04-02 16:00:00,42.83,841,
2021-04-02 20:00:00,42.81,831,
2021-04-03 00:00:00,42.82,836,
2021-04-03 04:00:00,42.84,846,
2021-04-03 08:00:00,42.85,852,
2021-04-03 09:00:00,42.87,862,
2021-04-03 12:00:00,42.91,884,
2021-04-03 16:00:00,43.01,1020,
2021-04-03 20:00:00,42.99,993,
2021-04-04 00:00:00,42.95,954,
2021-04-04 04:00:00,42.91,920,
2021-04-04 08:00:00,42.89,906,2.58
2021-04-04 12:00:00,42.87,894,
2021-04-04 16:00:00,42.85,881,
2021-04-04 20:00:00,42.84,875,
2021-04-05 00:00:00,42.84,875,
2021-04-05 04:00:00,42.85,881,
2021-04-05 08:00:00,42.86,887,
2021-04-05 12:00:00,42.82,862,
2021-04-05 16:00:00,42.82,862,
2021-04-05 20:00:00,42.83,868,
2021-04-06 00:00:00,42.84,875,
2021-04-06 04:00:00,42.85,881,
2021-04-06 08:00:00,42.88,899,3.29
2021-04-06 12:00:00,42.86,887,
2021-04-06 16:00:00,42.82,862,
2021-04-06 20:00:00,42.8,850,
2021-04-07 00:00:00,42.81,856,
2021-04-07 04:00:00,42.86,887,
2021-04-07 08:00:00,42.84,875,
2021-04-07 12:00:00,42.83,868,
2021-04-07 16:00:00,42.79,844,
2021-04-07 20:00:00,42.76,826,
2021-04-08 00:00:00,42.79,844,
2021-04-08 04:00:00,42.82,862,
2021-04-08 08:00:00,42.83,868,
2021-04-08 12:00:00,42.81,856,
2021-04-08 16:00:00,42.77,832,
2021-04-08 20:00:00,42.77,832,
2021-04-09 00:00:00,42.75,820,
2021-04-09 04:00:00,42.79,844,
2021-04-09 08:00:00,42.82,862,
2021-04-09 12:00:00,42.76,826,
2021-04-09 16:00:00,42.76,826,
2021-04-09 20:00:00,42.76,826,
2021-04-10 00:00:00,42.74,813,
2021-04-10 04:00:00,42.77,832,
2021-04-10 08:00:00,42.79,844,2.12
2021-04-10 12:00:00,42.77,832,
2021-04-10 16:00:00,42.75,820,
2021-04-10 20:00:00,42.75,820,
2021-04-11 00:00:00,42.74,813,
2021-04-11 04:00:00,42.74,813,
2021-04-11 08:00:00,42.77,832,
2021-04-11 12:00:00,42.73,807,
2021-04-11 16:00:00,42.73,807,
2021-04-11 20:00:00,42.71,795,
2021-04-12 00:00:00,42.72,801,
2021-04-12 04:00:00,42.72,801,
2021-04-12 08:00:00,42.73,807,
2021-04-12 12:00:00,42.73,807,
2021-04-12 16:00:00,42.72,801,
2021-04-12 20:00:00,42.71,795,
2021-04-12 22:00:00,42.74,813,
2021-04-13 00:00:00,42.78,838,
2021-04-13 04:00:00,42.8,850,
2021-04-13 08:00:00,42.77,832,
2021-04-13 12:00:00,42.74,813,
2021-04-13 16:00:00,42.74,813,
2021-04-13 20:00:00,42.74,813,
2021-04-14 00:00:00,42.74,813,
2021-04-14 04:00:00,42.73,807,
2021-04-14 08:00:00,42.75,820,2.81
2021-04-14 12:00:00,42.76,826,
2021-04-14 16:00:00,42.72,801,
2021-04-14 20:00:00,42.72,801,
2021-04-15 00:00:00,42.74,813,
2021-04-15 04:00:00,42.75,820,
2021-04-15 08:00:00,42.79,844,
2021-04-15 12:00:00,42.8,850,
2021-04-15 13:00:00,42.75,820,
2021-04-15 16:00:00,42.73,807,
2021-04-15 20:00:00,42.72,801,
2021-04-16 00:00:00,42.69,784,
2021-04-16 04:00:00,42.7,790,
2021-04-16 08:00:00,42.73,807,1.96
2021-04-16 12:00:00,42.72,801,2.07
2021-04-16 14:00:00,42.72,801,2.24
2021-04-16 16:00:00,42.68,778,
2021-04-16 20:00:00,42.72,801,
2021-04-17 00:00:00,42.7,790,
2021-04-17 04:00:00,42.71,795,
2021-04-17 08:00:00,42.7,790,
2021-04-17 12:00:00,42.69,784,
2021-04-17 16:00:00,42.69,784,
2021-04-17 20:00:00,42.7,790,
2021-04-18 00:00:00,42.7,790,
2021-04-18 04:00:00,42.71,795,
2021-04-18 08:00:00,42.72,801,
2021-04-18 12:00:00,42.71,795,
2021-04-18 16:00:00,42.7,790,
2021-04-18 20:00:00,42.71,795,
2021-04-19 00:00:00,42.69,784,
2021-04-19 04:00:00,42.7,790,
2021-04-19 08:00:00,42.72,801,
2021-04-19 12:00:00,42.71,795,
2021-04-19 16:00:00,42.69,784,
2021-04-19 20:00:00,42.71,795,
2021-04-20 00:00:00,42.7,790,
2021-04-20 04:00:00,42.69,784,
2021-04-20 08:00:00,42.71,795,2.12
2021-04-20 12:00:00,42.73,807,
2021-04-20 16:00:00,42.73,807,
2021-04-20 20:00:00,42.7,790,
2021-04-21 00:00:00,42.72,801,
2021-04-21 04:00:00,42.72,801,
2021-04-21 08:00:00,42.73,807,
2021-04-21 12:00:00,42.74,813,
2021-04-21 16:00:00,42.75,820,
2021-04-21 20:00:00,42.73,807,
2021-04-22 00:00:00,42.74,813,
2021-04-22 04:00:00,42.76,826,
2021-04-22 08:00:00,42.76,826,
2021-04-22 12:00:00,42.77,832,
2021-04-22 16:00:00,42.77,832,
2021-04-22 20:00:00,42.78,838,
2021-04-23 00:00:00,42.85,881,
2021-04-23 04:00:00,42.91,922,
2021-04-23 08:00:00,42.86,878,
2021-04-23 12:00:00,42.87,886,
2021-04-23 16:00:00,42.88,895,
2021-04-23 19:00:00,42.93,940,
2021-04-23 20:00:00,42.99,997,
2021-04-24 00:00:00,43.0,1010,
2021-04-24 04:00:00,43.04,1050,
2021-04-24 08:00:00,43.04,1050,2.66
2021-04-24 12:00:00,43.06,1070,
2021-04-24 16:00:00,43.05,1060,
2021-04-24 20:00:00,43.06,1070,
2021-04-25 00:00:00,43.1,1110,
2021-04-25 04:00:00,43.15,1160,
2021-04-25 08:00:00,43.13,1140,
2021-04-25 12:00:00,43.12,1130,
2021-04-25 16:00:00,43.15,1160,
2021-04-25 20:00:00,43.17,1180,
2021-04-25 22:00:00,43.24,1250,
2021-04-26 00:00:00,43.22,1230,
2021-04-26 04:00:00,43.17,1180,
2021-04-26 08:00:00,43.2,1210,
2021-04-26 12:00:00,43.21,1220,
2021-04-26 16:00:00,43.21,1220,
2021-04-26 20:00:00,43.23,1240,
2021-04-27 00:00:00,43.29,1300,
2021-04-27 04:00:00,43.3,1310,
2021-04-27 08:00:00,43.25,1260,
2021-04-27 12:00:00,43.2,1210,
2021-04-27 14:00:00,43.23,1240,
2021-04-27 16:00:00,43.27,1280,
2021-04-27 17:00:00,43.3,1310,
2021-04-27 18:00:00,43.35,1360,
2021-04-27 20:00:00,43.38,1390,
2021-04-28 00:00:00,43.41,1420,
2021-04-28 04:00:00,43.37,1380,
2021-04-28 08:00:00,43.38,1390,4.47
2021-04-28 12:00:00,43.4,1410,
2021-04-28 16:00:00,43.46,1480,
2021-04-28 20:00:00,43.46,1480,
2021-04-29 00:00:00,43.45,1470,
2021-04-29 04:00:00,43.44,1460,
2021-04-29 08:00:00,43.46,1480,
2021-04-29 12:00:00,43.45,1470,
2021-04-29 16:00:00,43.46,1480,
2021-04-29 20:00:00,43.47,1490,
2021-04-30 00:00:00,43.47,1490,
2021-04-30 04:00:00,43.46,1480,
2021-04-30 08:00:00,43.48,1500,5.1
2021-04-30 12:00:00,43.45,1470,
2021-04-30 16:00:00,43.48,1500,
2021-04-30 20:00:00,43.44,1460,
2021-05-01 00:00:00,43.42,1440,
2021-05-01 04:00:00,43.43,1450,
2021-05-01 08:00:00,43.43,1450,
2021-05-01 12:00:00,43.41,1420,
2021-05-01 16:00:00,43.43,1450,
2021-05-01 20:00:00,43.42,1440,
2021-05-02 00:00:00,43.4,1410,
2021-05-02 04:00:00,43.38,1390,
2021-05-02 08:00:00,43.36,1370,4.76
2021-05-02 12:00:00,43.36,1370,
2021-05-02 16:00:00,43.38,1390,
2021-05-02 20:00:00,43.42,1440,
2021-05-03 00:00:00,43.43,1450,
2021-05-03 04:00:00,43.41,1420,
2021-05-03 08:00:00,43.41,1420,
2021-05-03 12:00:00,43.41,1420,
2021-05-03 16:00:00,43.45,1470,
2021-05-03 20:00:00,43.46,1480,
2021-05-04 00:00:00,43.48,1500,
2021-05-04 04:00:00,43.46,1480,
2021-05-04 08:00:00,43.48,1500,6.45
2021-05-04 12:00:00,43.47,1490,
2021-05-04 16:00:00,43.45,1470,
2021-05-04 20:00:00,43.46,1480,
2021-05-05 00:00:00,43.51,1540,
2021-05-05 04:00:00,43.47,1490,
2021-05-05 08:00:00,43.47,1490,
2021-05-05 12:00:00,43.47,1490,
2021-05-05 16:00:00,43.48,1500,
2021-05-05 20:00:00,43.49,1520,
2021-05-06 00:00:00,43.5,1530,
2021-05-06 04:00:00,43.49,1520,
2021-05-06 08:00:00,43.47,1490,5.88
2021-05-06 12:00:00,43.47,1490,
2021-05-06 16:00:00,43.47,1490,
2021-05-06 18:00:00,43.51,1540,
2021-05-06 20:00:00,43.54,1570,
2021-05-06 22:00:00,43.52,1550,
2021-05-07 00:00:00,43.49,1520,
2021-05-07 04:00:00,43.5,1530,
2021-05-07 08:00:00,43.49,1520,
2021-05-07 12:00:00,43.48,1500,
2021-05-07 16:00:00,43.49,1520,
2021-05-07 18:00:00,43.53,1560,
2021-05-07 20:00:00,43.56,1600,
2021-05-08 00:00:00,43.53,1560,
2021-05-08 04:00:00,43.52,1550,
2021-05-08 08:00:00,43.52,1550,4.76
2021-05-08 12:00:00,43.53,1560,
2021-05-08 16:00:00,43.51,1540,
2021-05-08 20:00:00,43.49,1520,
2021-05-09 00:00:00,43.51,1540,
2021-05-09 04:00:00,43.53,1560,
2021-05-09 08:00:00,43.51,1540,
2021-05-09 12:00:00,43.48,1500,
2021-05-09 16:00:00,43.49,1520,
2021-05-09 20:00:00,43.53,1560,
2021-05-10 00:00:00,43.48,1500,
2021-05-10 04:00:00,43.47,1490,
2021-05-10 08:00:00,43.44,1460,4.28
2021-05-10 12:00:00,43.42,1440,
2021-05-10 16:00:00,43.43,1450,
2021-05-10 20:00:00,43.44,1460,
2021-05-11 00:00:00,43.45,1470,
2021-05-11 04:00:00,43.46,1480,
2021-05-11 08:00:00,43.46,1480,
2021-05-11 12:00:00,43.44,1460,
2021-05-11 16:00:00,43.45,1470,
2021-05-11 20:00:00,43.48,1500,
2021-05-12 00:00:00,43.48,1500,
2021-05-12 04:00:00,43.49,1520,
2021-05-12 08:00:00,43.51,1540,4.23
2021-05-12 12:00:00,43.46,1480,
2021-05-12 16:00:00,43.45,1470,
2021-05-12 20:00:00,43.49,1520,
2021-05-13 00:00:00,43.49,1520,
2021-05-13 04:00:00,43.48,1500,
2021-05-13 08:00:00,43.49,1520,
2021-05-13 12:00:00,43.48,1500,
2021-05-13 16:00:00,43.51,1540,
2021-05-13 20:00:00,43.5,1530,
2021-05-14 00:00:00,43.48,1500,
2021-05-14 04:00:00,43.48,1500,
2021-05-14 08:00:00,43.49,1520,4.22
2021-05-14 12:00:00,43.49,1520,
2021-05-14 16:00:00,43.52,1550,
2021-05-14 20:00:00,43.54,1570,
2021-05-15 00:00:00,43.54,1570,
2021-05-15 04:00:00,43.54,1570,
2021-05-15 08:00:00,43.51,1540,
2021-05-15 12:00:00,43.52,1550,
2021-05-15 16:00:00,43.5,1530,
2021-05-15 20:00:00,43.5,1530,
2021-05-16 00:00:00,43.48,1500,
2021-05-16 04:00:00,43.49,1520,
2021-05-16 08:00:00,43.51,1540,
2021-05-16 12:00:00,43.52,1550,
2021-05-16 16:00:00,43.54,1570,
2021-05-16 20:00:00,43.57,1600,
2021-05-17 00:00:00,43.6,1630,
2021-05-17 02:00:00,43.58,1610,
2021-05-17 04:00:00,43.55,1580,
2021-05-17 08:00:00,43.55,1580,4.92
2021-05-17 12:00:00,43.55,1580,
2021-05-17 16:00:00,43.55,1580,
2021-05-17 20:00:00,43.56,1600,
2021-05-18 00:00:00,43.6,1630,
2021-05-18 04:00:00,43.61,1640,
2021-05-18 08:00:00,43.57,1600,
2021-05-18 12:00:00,43.56,1600,
2021-05-18 16:00:00,43.55,1580,
2021-05-18 20:00:00,43.56,1600,
2021-05-19 00:00:00,43.55,1580,
2021-05-19 04:00:00,43.55,1580,
2021-05-19 08:00:00,43.56,1600,
2021-05-19 12:00:00,43.55,1580,
2021-05-19 16:00:00,43.54,1570,
2021-05-19 20:00:00,43.55,1580,
2021-05-20 00:00:00,43.54,1570,
2021-05-20 04:00:00,43.53,1560,
2021-05-20 08:00:00,43.52,1550,5.19
2021-05-20 12:00:00,43.53,1560,
2021-05-20 16:00:00,43.53,1560,
2021-05-20 20:00:00,43.56,1600,
2021-05-21 00:00:00,43.53,1560,
2021-05-21 04:00:00,43.55,1580,
2021-05-21 08:00:00,43.53,1560,
2021-05-21 12:00:00,43.51,1540,
2021-05-21 16:00:00,43.53,1560,
2021-05-21 20:00:00,43.53,1560,
2021-05-22 00:00:00,43.51,1540,
2021-05-22 04:00:00,43.51,1540,
2021-05-22 08:00:00,43.53,1560,3.62
2021-05-22 11:00:00,43.56,1600,3.56
2021-05-22 12:00:00,43.55,1580,
2021-05-22 16:00:00,43.53,1560,
2021-05-22 20:00:00,43.51,1540,
2021-05-23 00:00:00,43.52,1550,
2021-05-23 04:00:00,43.49,1520,
2021-05-23 08:00:00,43.49,1520,
2021-05-23 12:00:00,43.47,1490,
2021-05-23 16:00:00,43.5,1530,
2021-05-23 20:00:00,43.57,1600,
2021-05-24 00:00:00,43.61,1640,
2021-05-24 04:00:00,43.59,1620,
2021-05-24 08:00:00,43.59,1620,4.05
2021-05-24 12:00:00,43.53,1560,
2021-05-24 16:00:00,43.48,1500,
2021-05-24 20:00:00,43.47,1490,
2021-05-25 00:00:00,43.47,1490,
2021-05-25 04:00:00,43.47,1490,
2021-05-25 08:00:00,43.46,1480,
2021-05-25 12:00:00,43.49,1520,
2021-05-25 16:00:00,43.53,1560,
2021-05-25 20:00:00,43.53,1560,
2021-05-26 00:00:00,43.57,1600,
2021-05-26 04:00:00,43.56,1600,
2021-05-26 08:00:00,43.58,1610,4.78
2021-05-26 12:00:00,43.56,1600,
2021-05-26 16:00:00,43.56,1530,
2021-05-26 20:00:00,43.59,1570,
2021-05-27 00:00:00,43.58,1560,
2021-05-27 04:00:00,43.6,1580,
2021-05-27 08:00:00,43.61,1600,
2021-05-27 12:00:00,43.61,1600,
2021-05-27 16:00:00,43.6,1580,
2021-05-27 20:00:00,43.61,1600,
2021-05-28 00:00:00,43.61,1600,
2021-05-28 04:00:00,43.6,1580,
2021-05-28 08:00:00,43.57,1540,3.68
2021-05-28 12:00:00,43.56,1530,
2021-05-28 16:00:00,43.56,1530,
2021-05-28 20:00:00,43.59,1570,
2021-05-29 00:00:00,43.6,1580,
2021-05-29 04:00:00,43.59,1570,
2021-05-29 08:00:00,43.61,1600,
2021-05-29 12:00:00,43.61,1600,
2021-05-29 16:00:00,43.57,1540,
2021-05-29 20:00:00,43.56,1530,
2021-05-30 00:00:00,43.56,1530,
2021-05-30 04:00:00,43.54,1510,
2021-05-30 08:00:00,43.54,1510,
2021-05-30 12:00:00,43.54,1510,
2021-05-30 16:00:00,43.54,1510,
2021-05-30 20:00:00,43.55,1520,
2021-05-31 00:00:00,43.55,1520,
2021-05-31 04:00:00,43.58,1560,
2021-05-31 08:00:00,43.58,1560,3.42
2021-05-31 12:00:00,43.57,1540,
2021-05-31 16:00:00,43.57,1540,
2021-05-31 20:00:00,43.54,1510,
2021-06-01 00:00:00,43.56,1530,
2021-06-01 04:00:00,43.56,1530,
2021-06-01 08:00:00,43.56,1530,3.29
2021-06-01 12:00:00,43.54,1510,
2021-06-01 16:00:00,43.49,1460,
2021-06-01 20:00:00,43.5,1460,
2021-06-02 00:00:00,43.51,1480,
2021-06-02 04:00:00,43.52,1490,
2021-06-02 08:00:00,43.52,1490,3.07
2021-06-02 12:00:00,43.51,1480,
2021-06-02 16:00:00,43.49,1460,
2021-06-02 20:00:00,43.54,1610,
2021-06-03 00:00:00,43.55,1630,
2021-06-03 04:00:00,43.55,1630,
2021-06-03 08:00:00,43.53,1590,3.73
2021-06-03 12:00:00,43.5,1520,
2021-06-03 16:00:00,43.46,1440,
2021-06-03 20:00:00,43.46,1440,
2021-06-04 00:00:00,43.45,1430,
2021-06-04 04:00:00,43.47,1460,
2021-06-04 08:00:00,43.48,1480,4.47
2021-06-04 12:00:00,43.49,1500,
2021-06-04 16:00:00,43.48,1480,
2021-06-04 20:00:00,43.51,1540,
2021-06-05 00:00:00,43.51,1540,
2021-06-05 04:00:00,43.53,1590,
2021-06-05 08:00:00,43.54,1610,3.75
2021-06-05 12:00:00,43.55,1630,
2021-06-05 16:00:00,43.54,1610,
2021-06-05 20:00:00,43.54,1610,
2021-06-06 00:00:00,43.52,1560,
2021-06-06 04:00:00,43.54,1610,
2021-06-06 08:00:00,43.53,1590,3.04
2021-06-06 12:00:00,43.51,1540,
2021-06-06 16:00:00,43.51,1540,
2021-06-06 20:00:00,43.49,1500,
2021-06-07 00:00:00,43.49,1500,
2021-06-07 04:00:00,43.48,1480,
2021-06-07 08:00:00,43.48,1480,3.37
2021-06-07 12:00:00,43.49,1500,
2021-06-07 16:00:00,43.46,1440,
2021-06-07 20:00:00,43.46,1440,
2021-06-08 00:00:00,43.45,1430,
2021-06-08 04:00:00,43.44,1420,
2021-06-08 08:00:00,43.43,1400,3.03
2021-06-08 12:00:00,43.44,1420,
2021-06-08 16:00:00,43.43,1400,
2021-06-08 20:00:00,43.43,1400,
2021-06-09 00:00:00,43.42,1380,
2021-06-09 04:00:00,43.4,1350,
2021-06-09 08:00:00,43.42,1380,3.4
2021-06-09 12:00:00,43.43,1400,
2021-06-09 16:00:00,43.42,1380,
2021-06-09 20:00:00,43.41,1370,
2021-06-10 00:00:00,43.42,1380,
2021-06-10 04:00:00,43.41,1370,
2021-06-10 08:00:00,43.4,1350,3.13
2021-06-10 12:00:00,43.41,1370,
2021-06-10 16:00:00,43.41,1370,
2021-06-10 20:00:00,43.41,1370,
2021-06-11 00:00:00,43.42,1380,
2021-06-11 04:00:00,43.4,1350,
2021-06-11 08:00:00,43.41,1370,3.22
2021-06-11 12:00:00,43.41,1370,
2021-06-11 16:00:00,43.41,1370,
2021-06-11 20:00:00,43.39,1330,
2021-06-12 00:00:00,43.4,1350,
2021-06-12 04:00:00,43.38,1320,
2021-06-12 08:00:00,43.39,1440,2.79
2021-06-12 12:00:00,43.41,1460,
2021-06-12 16:00:00,43.41,1460,
2021-06-12 20:00:00,43.41,1460,
2021-06-13 00:00:00,43.42,1470,
2021-06-13 04:00:00,43.45,1490,
2021-06-13 08:00:00,43.51,1540,3.95
2021-06-13 09:00:00,43.55,1570,
2021-06-13 12:00:00,43.57,1580,
2021-06-13 14:00:00,43.57,1580,
2021-06-13 19:00:00,43.62,1620,
2021-06-13 20:00:00,43.62,1620,
2021-06-14 00:00:00,43.66,1660,
2021-06-14 02:00:00,43.69,1680,
2021-06-14 04:00:00,43.72,1710,
2021-06-14 06:00:00,43.74,1730,
2021-06-14 08:00:00,43.74,1730,3.95
2021-06-14 10:00:00,43.75,1740,
2021-06-14 12:00:00,43.75,1740,
2021-06-14 14:00:00,43.77,1750,
2021-06-14 16:00:00,43.8,1780,
2021-06-14 18:00:00,43.82,1800,
2021-06-14 20:00:00,43.85,1820,
2021-06-14 22:00:00,43.88,1850,
2021-06-15 00:00:00,43.9,1870,
2021-06-15 02:00:00,43.93,1890,
2021-06-15 04:00:00,43.94,1900,
2021-06-15 06:00:00,43.94,1900,
2021-06-15 08:00:00,43.95,1910,4.83
2021-06-15 12:00:00,43.92,1880,
2021-06-15 16:00:00,43.94,1900,
2021-06-15 20:00:00,43.95,1910,
2021-06-16 00:00:00,43.97,1930,
2021-06-16 04:00:00,43.99,1950,
2021-06-16 08:00:00,44.0,1960,4.79
2021-06-16 12:00:00,44.0,1960,
2021-06-16 16:00:00,44.01,1970,
2021-06-16 20:00:00,44.0,1960,
2021-06-17 00:00:00,44.03,1990,
2021-06-17 04:00:00,44.04,2000,
2021-06-17 08:00:00,44.07,2040,4.18
2021-06-17 12:00:00,44.03,1990,
2021-06-17 16:00:00,44.0,1960,
2021-06-17 20:00:00,44.02,1980,
2021-06-18 00:00:00,44.05,2020,
2021-06-18 04:00:00,44.09,2060,
2021-06-18 08:00:00,44.11,2100,5.22
2021-06-18 12:00:00,44.12,2110,
2021-06-18 16:00:00,44.11,2100,
2021-06-18 20:00:00,44.15,2150,
2021-06-19 00:00:00,44.14,2140,
2021-06-19 04:00:00,44.18,2180,
2021-06-19 08:00:00,44.19,2200,4.32
2021-06-19 12:00:00,44.21,2220,
2021-06-19 16:00:00,44.19,2200,
2021-06-19 20:00:00,44.22,2240,
2021-06-20 00:00:00,44.2,2210,
2021-06-20 04:00:00,44.2,2210,
2021-06-20 08:00:00,44.22,2240,4.84
2021-06-20 12:00:00,44.23,2250,
2021-06-20 16:00:00,44.23,2250,
2021-06-20 20:00:00,44.22,2240,
2021-06-21 00:00:00,44.22,2240,
2021-06-21 04:00:00,44.24,2260,
2021-06-21 08:00:00,44.26,2280,4.85
2021-06-21 10:00:00,44.27,2300,
2021-06-21 12:00:00,44.29,2320,
2021-06-21 14:00:00,44.28,2310,
2021-06-21 16:00:00,44.28,2310,
2021-06-21 20:00:00,44.31,2350,
2021-06-22 00:00:00,44.32,2360,
2021-06-22 02:00:00,44.35,2400,
2021-06-22 04:00:00,44.38,2440,
2021-06-22 06:00:00,44.4,2460,
2021-06-22 08:00:00,44.41,2470,5.13
2021-06-22 10:00:00,44.43,2500,
2021-06-22 12:00:00,44.46,2530,
2021-06-22 14:00:00,44.46,2530,
2021-06-22 16:00:00,44.47,2550,
2021-06-22 18:00:00,44.5,2580,
2021-06-22 20:00:00,44.52,2600,
2021-06-22 22:00:00,44.57,2660,
2021-06-23 00:00:00,44.59,2690,
2021-06-23 02:00:00,44.63,2740,
2021-06-23 04:00:00,44.67,2790,
2021-06-23 06:00:00,44.73,2860,
2021-06-23 08:00:00,44.8,2950,4.67
2021-06-23 10:00:00,44.83,2990,
2021-06-23 12:00:00,44.85,3010,
2021-06-23 14:00:00,44.88,3050,
2021-06-23 16:00:00,44.92,3100,
2021-06-23 18:00:00,44.94,3130,
2021-06-23 20:00:00,44.96,3160,
2021-06-23 22:00:00,44.99,3200,
2021-06-24 00:00:00,45.04,3260,
2021-06-24 01:00:00,45.06,3290,
2021-06-24 02:00:00,45.08,3320,
2021-06-24 03:00:00,45.11,3360,
2021-06-24 04:00:00,45.14,3400,
2021-06-24 05:00:00,45.16,3430,
2021-06-24 06:00:00,45.16,3430,
2021-06-24 07:00:00,45.18,3450,
2021-06-24 08:00:00,45.2,3480,4.88
2021-06-24 09:00:00,45.2,3480,
2021-06-24 10:00:00,45.23,3520,
2021-06-24 11:00:00,45.23,3520,
2021-06-24 12:00:00,45.26,3560,
2021-06-24 13:00:00,45.26,3560,
2021-06-24 14:00:00,45.27,3570,
2021-06-24 15:00:00,45.28,3580,
2021-06-24 16:00:00,45.3,3610,
2021-06-24 17:00:00,45.31,3620,
2021-06-24 18:00:00,45.33,3640,
2021-06-24 19:00:00,45.36,3680,
2021-06-24 20:00:00,45.37,3690,
2021-06-24 21:00:00,45.39,3720,
2021-06-24 22:00:00,45.39,3720,
2021-06-24 23:00:00,45.42,3760,
2021-06-25 00:00:00,45.4,3730,
2021-06-25 02:00:00,45.41,3740,
2021-06-25 04:00:00,45.44,3780,
2021-06-25 06:00:00,45.45,3790,
2021-06-25 08:00:00,45.47,3820,5.27
2021-06-25 10:00:00,45.5,3860,
2021-06-25 12:00:00,45.5,3860,
2021-06-25 14:00:00,45.53,3900,
2021-06-25 16:00:00,45.53,3900,
2021-06-25 18:00:00,45.57,3950,
2021-06-25 20:00:00,45.57,3950,
2021-06-25 22:00:00,45.6,3990,
2021-06-26 00:00:00,45.6,3990,
2021-06-26 02:00:00,45.64,4040,
2021-06-26 04:00:00,45.64,4040,
2021-06-26 06:00:00,45.62,4010,
2021-06-26 08:00:00,45.67,4080,5.22
2021-06-26 10:00:00,45.64,4040,
2021-06-26 12:00:00,45.69,4100,
2021-06-26 14:00:00,45.64,4040,
2021-06-26 16:00:00,45.65,4050,
2021-06-26 18:00:00,45.65,4050,
2021-06-26 20:00:00,45.65,4050,
2021-06-26 22:00:00,45.66,4060,
2021-06-27 00:00:00,45.65,4050,
2021-06-27 02:00:00,45.65,4050,
2021-06-27 04:00:00,45.68,4090,
2021-06-27 06:00:00,45.66,4060,
2021-06-27 08:00:00,45.68,4090,4.91
2021-06-27 09:00:00,45.69,4100,5.52
2021-06-27 10:00:00,45.7,4110,
2021-06-27 12:00:00,45.67,4080,
2021-06-27 14:00:00,45.69,4100,
2021-06-27 16:00:00,45.68,4090,
2021-06-27 18:00:00,45.67,4080,
2021-06-27 20:00:00,45.68,4090,
2021-06-27 22:00:00,45.67,4080,
2021-06-28 00:00:00,45.7,4110,
2021-06-28 02:00:00,45.69,4100,
2021-06-28 04:00:00,45.67,4080,
2021-06-28 06:00:00,45.69,4100,
2021-06-28 08:00:00,45.71,4140,5.29
2021-06-28 10:00:00,45.73,4160,
2021-06-28 12:00:00,45.73,4160,
2021-06-28 14:00:00,45.7,4110,
2021-06-28 16:00:00,45.73,4160,
2021-06-28 18:00:00,45.73,4160,
2021-06-28 20:00:00,45.72,4150,
2021-06-28 22:00:00,45.73,4160,
2021-06-29 00:00:00,45.73,4160,
2021-06-29 02:00:00,45.78,4210,
2021-06-29 04:00:00,45.74,4170,
2021-06-29 06:00:00,45.77,4200,
2021-06-29 08:00:00,45.78,4210,5.81
2021-06-29 10:00:00,45.78,4210,
2021-06-29 12:00:00,45.77,4200,
2021-06-29 13:00:00,45.8,4230,
2021-06-29 14:00:00,45.78,4210,
2021-06-29 16:00:00,45.76,4190,
2021-06-29 18:00:00,45.78,4210,
2021-06-29 19:00:00,45.75,4180,
2021-06-29 20:00:00,45.76,4190,
2021-06-29 21:00:00,45.8,4230,
2021-06-29 22:00:00,45.79,4220,
2021-06-29 23:00:00,45.76,4190,
2021-06-30 00:00:00,45.77,4200,
2021-06-30 02:00:00,45.77,4200,
2021-06-30 03:00:00,45.75,4180,
2021-06-30 04:00:00,45.78,4210,
2021-06-30 06:00:00,45.78,4210,
2021-06-30 08:00:00,45.79,4220,5.27
2021-06-30 10:00:00,45.77,4200,
2021-06-30 12:00:00,45.79,4220,
2021-06-30 14:00:00,45.78,4210,
2021-06-30 16:00:00,45.78,4210,
2021-06-30 18:00:00,45.81,4240,
2021-06-30 20:00:00,45.77,4200,
2021-06-30 22:00:00,45.77,4200,
2021-07-01 00:00:00,45.77,4200,
2021-07-01 02:00:00,45.75,4180,
2021-07-01 04:00:00,45.75,4180,
2021-07-01 06:00:00,45.73,4160,
2021-07-01 08:00:00,45.72,4150,4.39
2021-07-01 10:00:00,45.71,4140,
2021-07-01 12:00:00,45.67,4080,
2021-07-01 14:00:00,45.68,4090,
2021-07-01 16:00:00,45.73,4160,
2021-07-01 18:00:00,45.71,4140,
2021-07-01 20:00:00,45.71,4140,
2021-07-01 22:00:00,45.74,4170,
2021-07-02 00:00:00,45.69,4100,
2021-07-02 02:00:00,45.71,4140,
2021-07-02 04:00:00,45.71,4140,
2021-07-02 06:00:00,45.7,4110,
2021-07-02 08:00:00,45.68,4090,4.74
2021-07-02 10:00:00,45.69,4100,
2021-07-02 12:00:00,45.66,4060,
2021-07-02 14:00:00,45.66,4060,
2021-07-02 16:00:00,45.64,4040,
2021-07-02 18:00:00,45.64,4040,
2021-07-02 20:00:00,45.62,4010,
2021-07-02 22:00:00,45.65,4050,
2021-07-03 00:00:00,45.65,4050,
2021-07-03 02:00:00,45.65,4050,
2021-07-03 04:00:00,45.63,4030,
2021-07-03 06:00:00,45.64,4040,
2021-07-03 08:00:00,45.64,4040,4.53
2021-07-03 10:00:00,45.62,4010,
2021-07-03 12:00:00,45.61,4000,
2021-07-03 14:00:00,45.62,4010,
2021-07-03 16:00:00,45.6,3990,
2021-07-03 18:00:00,45.64,4040,
2021-07-03 20:00:00,45.62,4010,
2021-07-03 22:00:00,45.65,4050,
2021-07-04 00:00:00,45.61,4000,
2021-07-04 02:00:00,45.61,4000,
2021-07-04 04:00:00,45.6,3990,
2021-07-04 05:00:00,45.58,3960,
2021-07-04 06:00:00,45.61,4000,
2021-07-04 08:00:00,45.6,3990,4.72
2021-07-04 10:00:00,45.57,3950,
2021-07-04 12:00:00,45.54,3900,
2021-07-04 14:00:00,45.54,3900,
2021-07-04 16:00:00,45.53,3890,
2021-07-04 18:00:00,45.53,3890,
2021-07-04 20:00:00,45.51,3860,
2021-07-04 22:00:00,45.48,3810,
2021-07-05 00:00:00,45.48,3810,
2021-07-05 02:00:00,45.43,3740,
2021-07-05 04:00:00,45.4,3690,
2021-07-05 05:00:00,45.32,3570,
2021-07-05 06:00:00,45.31,3550,
2021-07-05 08:00:00,45.27,3490,4.01
2021-07-05 09:00:00,45.25,3460,
2021-07-05 10:00:00,45.19,3360,
2021-07-05 11:00:00,45.16,3320,
2021-07-05 12:00:00,45.12,3260,
2021-07-05 13:00:00,45.08,3190,
2021-07-05 14:00:00,45.06,3160,
2021-07-05 15:00:00,45.03,3120,
2021-07-05 16:00:00,45.0,3080,
2021-07-05 17:00:00,44.96,3020,
2021-07-05 18:00:00,44.93,2980,
2021-07-05 19:00:00,44.9,2930,
2021-07-05 20:00:00,44.89,2920,
2021-07-05 21:00:00,44.87,2890,
2021-07-05 22:00:00,44.85,2860,
2021-07-05 23:00:00,44.82,2830,
2021-07-06 00:00:00,44.78,2780,
2021-07-06 01:00:00,44.77,2760,
2021-07-06 02:00:00,44.75,2740,
2021-07-06 03:00:00,44.74,2730,
2021-07-06 04:00:00,44.73,2710,
2021-07-06 05:00:00,44.73,2710,
2021-07-06 06:00:00,44.7,2680,
2021-07-06 07:00:00,44.7,2680,
2021-07-06 08:00:00,44.67,2650,4.57
2021-07-06 10:00:00,44.65,2620,
2021-07-06 12:00:00,44.66,2630,
2021-07-06 14:00:00,44.65,2620,
2021-07-06 16:00:00,44.65,2620,
2021-07-06 18:00:00,44.68,2660,
2021-07-06 20:00:00,44.72,2700,
2021-07-06 22:00:00,44.73,2710,
2021-07-07 00:00:00,44.78,2780,
2021-07-07 02:00:00,44.81,2810,
2021-07-07 04:00:00,44.8,2800,
2021-07-07 06:00:00,44.81,2810,
2021-07-07 08:00:00,44.79,2790,4.85
2021-07-07 09:00:00,44.77,2760,7.93
2021-07-07 10:00:00,44.74,2730,
2021-07-07 12:00:00,44.68,2660,
2021-07-07 14:00:00,44.6,2570,
2021-07-07 16:00:00,44.56,2530,
2021-07-07 17:00:00,44.53,2500,16.0
2021-07-07 18:00:00,44.53,2500,
2021-07-07 19:00:00,44.51,2480,15.4
2021-07-07 20:00:00,44.49,2460,15.6
2021-07-07 21:00:00,44.47,2440,
2021-07-07 22:00:00,44.44,2420,
2021-07-08 00:00:00,44.44,2420,
2021-07-08 01:00:00,44.42,2410,
2021-07-08 02:00:00,44.39,2390,
2021-07-08 03:00:00,44.36,2370,
2021-07-08 04:00:00,44.34,2360,
2021-07-08 06:00:00,44.3,2330,
2021-07-08 07:00:00,44.29,2320,
2021-07-08 08:00:00,44.26,2310,45.9
2021-07-08 10:00:00,44.22,2280,46.4
2021-07-08 12:00:00,44.2,2270,
2021-07-08 14:00:00,44.18,2250,46.6
2021-07-08 16:00:00,44.17,2250,
2021-07-08 18:00:00,44.15,2230,
2021-07-08 19:00:00,44.19,2260,43.9
2021-07-08 20:00:00,44.18,2250,44.0
2021-07-08 22:00:00,44.15,2230,
2021-07-09 00:00:00,44.14,2220,
2021-07-09 02:00:00,44.11,2190,
2021-07-09 04:00:00,44.06,2130,
2021-07-09 06:00:00,44.03,2090,
2021-07-09 07:00:00,44.01,2070,28.8
2021-07-09 08:00:00,44.0,2060,29.0
2021-07-09 10:00:00,43.92,1950,
2021-07-09 11:00:00,43.88,1900,21.7
2021-07-09 12:00:00,43.9,1930,
2021-07-09 14:00:00,43.82,1810,
2021-07-09 16:00:00,43.76,1720,
2021-07-09 18:00:00,43.69,1600,
2021-07-09 20:00:00,43.63,1500,14.0
2021-07-09 22:00:00,43.57,1400,
2021-07-10 00:00:00,43.51,1300,
2021-07-10 02:00:00,43.46,1220,
2021-07-10 04:00:00,43.41,1140,
2021-07-10 06:00:00,43.38,1090,
2021-07-10 08:00:00,43.34,1030,6.59
2021-07-10 10:00:00,43.29,964,
2021-07-10 12:00:00,43.26,925,
2021-07-10 14:00:00,43.25,912,
2021-07-10 16:00:00,43.22,876,
2021-07-10 18:00:00,43.2,853,
2021-07-10 20:00:00,43.19,842,
2021-07-10 22:00:00,43.18,831,
2021-07-11 00:00:00,43.16,810,
2021-07-11 02:00:00,43.14,790,
2021-07-11 04:00:00,43.14,790,
2021-07-11 06:00:00,43.12,771,
2021-07-11 08:00:00,43.11,761,4.18
2021-07-11 10:00:00,43.1,752,
2021-07-11 12:00:00,43.09,743,
2021-07-11 14:00:00,43.08,734,
2021-07-11 16:00:00,43.08,734,
2021-07-11 18:00:00,43.07,726,
2021-07-11 20:00:00,43.05,709,
2021-07-11 22:00:00,43.06,717,
2021-07-12 00:00:00,43.07,726,
2021-07-12 02:00:00,43.08,734,
2021-07-12 04:00:00,43.07,726,
2021-07-12 06:00:00,43.08,734,
2021-07-12 08:00:00,43.08,734,4.1
2021-07-12 12:00:00,43.05,709,
2021-07-12 16:00:00,43.05,709,
2021-07-12 20:00:00,43.06,717,
2021-07-13 00:00:00,43.06,717,
2021-07-13 04:00:00,43.06,717,
2021-07-13 08:00:00,43.04,701,3.5
2021-07-13 12:00:00,43.03,693,
2021-07-13 16:00:00,43.01,678,
2021-07-13 20:00:00,43.01,678,
2021-07-14 00:00:00,42.99,664,
2021-07-14 02:00:00,42.97,651,
2021-07-14 04:00:00,42.98,664,
2021-07-14 06:00:00,42.99,677,
2021-07-14 08:00:00,42.99,677,2.13
2021-07-14 10:00:00,43.04,745,
2021-07-14 12:00:00,43.11,846,
2021-07-14 14:00:00,43.17,941,
2021-07-14 16:00:00,43.21,1010,
2021-07-14 18:00:00,43.23,1040,
2021-07-14 20:00:00,43.23,1040,
2021-07-14 22:00:00,43.25,1070,
2021-07-15 00:00:00,43.26,1080,
2021-07-15 04:00:00,43.24,1050,
2021-07-15 08:00:00,43.24,1050,2.83
2021-07-15 12:00:00,43.24,1050,
2021-07-15 16:00:00,43.23,1040,
2021-07-15 20:00:00,43.26,1080,
2021-07-16 00:00:00,43.25,1070,
2021-07-16 04:00:00,43.24,1050,
2021-07-16 08:00:00,43.23,1040,3.63
2021-07-16 12:00:00,43.23,1040,
2021-07-16 16:00:00,43.22,1020,
2021-07-16 20:00:00,43.21,1010,
2021-07-17 00:00:00,43.2,989,
2021-07-17 04:00:00,43.18,971,
2021-07-17 08:00:00,43.16,953,3.02
2021-07-17 12:00:00,43.14,935,
2021-07-17 16:00:00,43.13,927,
2021-07-17 20:00:00,43.13,927,
2021-07-18 00:00:00,43.12,918,
2021-07-18 04:00:00,43.11,909,
2021-07-18 08:00:00,43.08,882,2.55
2021-07-18 12:00:00,43.04,845,
2021-07-18 16:00:00,42.97,789,
2021-07-18 20:00:00,42.95,775,
2021-07-19 00:00:00,42.9,739,
2021-07-19 04:00:00,42.86,711,
2021-07-19 08:00:00,42.82,684,1.62
2021-07-19 12:00:00,42.81,678,
2021-07-19 16:00:00,42.78,661,
2021-07-19 20:00:00,42.78,661,
2021-07-20 00:00:00,42.77,655,
2021-07-20 04:00:00,42.76,650,
2021-07-20 08:00:00,42.75,645,1.39
2021-07-20 12:00:00,42.75,651,
2021-07-20 16:00:00,42.76,663,
2021-07-20 20:00:00,42.77,674,
2021-07-21 00:00:00,42.79,697,
2021-07-21 01:00:00,42.8,709,
2021-07-21 02:00:00,42.82,733,
2021-07-21 03:00:00,42.84,757,
2021-07-21 04:00:00,42.88,805,
2021-07-21 05:00:00,42.91,844,
2021-07-21 06:00:00,42.95,898,
2021-07-21 07:00:00,42.99,956,
2021-07-21 08:00:00,43.0,970,4.85
2021-07-21 09:00:00,43.06,1060,
2021-07-21 10:00:00,43.09,1100,
2021-07-21 11:00:00,43.12,1150,
2021-07-21 12:00:00,43.18,1240,
2021-07-21 13:00:00,43.25,1360,
2021-07-21 14:00:00,43.28,1410,
2021-07-21 15:00:00,43.38,1580,
2021-07-21 16:00:00,43.47,1740,
2021-07-21 17:00:00,43.56,1910,
2021-07-21 18:00:00,43.69,2140,
2021-07-21 19:00:00,43.82,2370,
2021-07-21 20:00:00,43.92,2530,
2021-07-21 21:00:00,44.02,2680,
2021-07-21 22:00:00,44.18,2910,
2021-07-21 23:00:00,44.31,3090,
2021-07-22 00:00:00,44.45,3280,
2021-07-22 01:00:00,44.57,3420,
2021-07-22 02:00:00,44.66,3530,
2021-07-22 03:00:00,44.8,3680,
2021-07-22 04:00:00,44.92,3780,
2021-07-22 05:00:00,44.94,3790,
2021-07-22 06:00:00,45.01,3840,
2021-07-22 07:00:00,45.06,3870,
2021-07-22 08:00:00,45.11,3900,15.6
2021-07-22 09:00:00,45.17,3930,
2021-07-22 10:00:00,45.22,3960,
2021-07-22 11:00:00,45.32,4000,
2021-07-22 12:00:00,45.36,4030,
2021-07-22 13:00:00,45.36,3890,
2021-07-22 14:00:00,45.34,3860,
2021-07-22 15:00:00,45.38,3930,
2021-07-22 16:00:00,45.35,3880,
2021-07-22 17:00:00,45.22,3650,13.4
2021-07-22 18:00:00,45.23,3670,
2021-07-22 19:00:00,45.22,3650,14.2
2021-07-22 20:00:00,45.15,3540,
2021-07-22 21:00:00,45.08,3430,
2021-07-22 22:00:00,45.02,3340,
2021-07-22 23:00:00,44.98,3280,
2021-07-23 00:00:00,44.93,3200,
2021-07-23 01:00:00,44.86,3110,
2021-07-23 02:00:00,44.78,3000,
2021-07-23 03:00:00,44.73,2940,
2021-07-23 04:00:00,44.7,2890,
2021-07-23 05:00:00,44.65,2830,
2021-07-23 06:00:00,44.59,2750,
2021-07-23 07:00:00,44.56,2710,
2021-07-23 08:00:00,44.5,2630,15.2
2021-07-23 09:00:00,44.49,2610,
2021-07-23 10:00:00,44.45,2560,
2021-07-23 11:00:00,44.43,2530,
2021-07-23 12:00:00,44.4,2500,
2021-07-23 13:00:00,44.37,2460,
2021-07-23 14:00:00,44.34,2420,
2021-07-23 15:00:00,44.31,2380,
2021-07-23 16:00:00,44.3,2360,
2021-07-23 17:00:00,44.27,2320,
2021-07-23 18:00:00,44.27,2320,
2021-07-23 19:00:00,44.25,2300,
2021-07-23 20:00:00,44.24,2280,
2021-07-23 21:00:00,44.23,2270,
2021-07-23 22:00:00,44.23,2270,
2021-07-23 23:00:00,44.21,2240,
2021-07-24 00:00:00,44.19,2220,
2021-07-24 02:00:00,44.18,2200,
2021-07-24 04:00:00,44.16,2180,
2021-07-24 06:00:00,44.15,2160,
2021-07-24 08:00:00,44.14,2150,6.33
2021-07-24 12:00:00,44.13,2140,
2021-07-24 16:00:00,44.16,2180,
2021-07-24 18:00:00,44.17,2190,
2021-07-24 20:00:00,44.19,2220,
2021-07-25 00:00:00,44.18,2200,
2021-07-25 02:00:00,44.17,2190,
2021-07-25 04:00:00,44.15,2160,
2021-07-25 06:00:00,44.14,2150,
2021-07-25 08:00:00,44.13,2140,6.48
2021-07-25 12:00:00,44.15,2160,
2021-07-25 16:00:00,44.14,2150,
2021-07-25 20:00:00,44.17,2190,
2021-07-26 00:00:00,44.18,2200,
2021-07-26 04:00:00,44.18,2200,
2021-07-26 08:00:00,44.18,2200,3.88
2021-07-26 12:00:00,44.16,2180,
2021-07-26 16:00:00,44.15,2160,
2021-07-26 20:00:00,44.12,2120,
2021-07-27 00:00:00,44.09,2080,
2021-07-27 04:00:00,44.11,2110,
2021-07-27 08:00:00,44.08,2070,5.45
2021-07-27 12:00:00,44.06,2040,
2021-07-27 16:00:00,44.03,2000,
2021-07-27 20:00:00,43.98,1930,
2021-07-28 00:00:00,43.93,1870,
2021-07-28 02:00:00,43.92,1860,
2021-07-28 04:00:00,43.88,1800,
2021-07-28 06:00:00,43.85,1770,
2021-07-28 08:00:00,43.79,1700,4.31
2021-07-28 10:00:00,43.76,1660,
2021-07-28 12:00:00,43.74,1640,
2021-07-28 14:00:00,43.7,1590,
2021-07-28 16:00:00,43.66,1540,
2021-07-28 18:00:00,43.62,1490,
2021-07-28 20:00:00,43.6,1460,
2021-07-28 22:00:00,43.57,1420,
2021-07-29 00:00:00,43.57,1420,
2021-07-29 02:00:00,43.55,1400,
2021-07-29 04:00:00,43.52,1360,
2021-07-29 06:00:00,43.5,1340,
2021-07-29 08:00:00,43.48,1320,3.61
2021-07-29 10:00:00,43.45,1280,
2021-07-29 12:00:00,43.41,1240,
2021-07-29 14:00:00,43.4,1220,
2021-07-29 16:00:00,43.39,1210,
2021-07-29 18:00:00,43.37,1190,
2021-07-29 20:00:00,43.34,1160,
2021-07-29 22:00:00,43.31,1130,
2021-07-30 00:00:00,43.28,1100,
2021-07-30 02:00:00,43.25,1070,
2021-07-30 04:00:00,43.23,1050,
2021-07-30 06:00:00,43.21,1030,
2021-07-30 08:00:00,43.21,1030,3.02
2021-07-30 12:00:00,43.18,1000,
2021-07-30 16:00:00,43.17,991,
2021-07-30 20:00:00,43.15,970,
2021-07-31 00:00:00,43.16,981,
2021-07-31 04:00:00,43.15,970,
2021-07-31 08:00:00,43.14,960,2.39
2021-07-31 12:00:00,43.12,941,
2021-07-31 16:00:00,43.1,923,
2021-07-31 20:00:00,43.1,923,
2021-08-01 00:00:00,43.07,897,
2021-08-01 04:00:00,43.07,897,
2021-08-01 08:00:00,43.04,871,2.38
2021-08-01 12:00:00,43.03,863,
2021-08-01 16:00:00,43.0,840,
2021-08-01 20:00:00,43.0,840,
2021-08-02 00:00:00,42.99,833,
2021-08-02 04:00:00,42.97,819,
2021-08-02 08:00:00,42.96,812,1.78
2021-08-02 12:00:00,42.95,806,
2021-08-02 16:00:00,42.92,788,
2021-08-02 20:00:00,42.91,782,
2021-08-03 00:00:00,42.91,782,
2021-08-03 04:00:00,42.9,776,
2021-08-03 08:00:00,42.9,776,1.16
2021-08-03 12:00:00,42.9,776,
2021-08-03 16:00:00,42.9,776,
2021-08-03 20:00:00,42.9,776,
2021-08-04 00:00:00,42.89,770,
2021-08-04 04:00:00,42.9,776,
2021-08-04 08:00:00,42.89,770,1.01
2021-08-04 12:00:00,42.88,765,
2021-08-04 16:00:00,42.86,755,
2021-08-04 20:00:00,42.85,750,
2021-08-05 00:00:00,42.85,750,
2021-08-05 04:00:00,42.83,742,
2021-08-05 08:00:00,42.84,746,1.33
2021-08-05 12:00:00,42.82,739,
2021-08-05 16:00:00,42.84,746,
2021-08-05 20:00:00,42.83,742,
2021-08-06 00:00:00,42.84,746,
2021-08-06 04:00:00,42.82,739,
2021-08-06 08:00:00,42.8,731,1.13
2021-08-06 12:00:00,42.8,731,
2021-08-06 16:00:00,42.77,719,
2021-08-06 20:00:00,42.76,715,
2021-08-07 00:00:00,42.75,711,
2021-08-07 04:00:00,42.77,719,
2021-08-07 08:00:00,42.77,719,1.16
2021-08-07 12:00:00,42.78,723,
2021-08-07 16:00:00,42.79,727,
2021-08-07 20:00:00,42.79,727,
2021-08-08 00:00:00,42.79,727,
2021-08-08 04:00:00,42.81,735,
2021-08-08 08:00:00,42.81,735,1.25
2021-08-08 12:00:00,42.79,727,
2021-08-08 16:00:00,42.77,719,
2021-08-08 20:00:00,42.77,719,
2021-08-09 00:00:00,42.76,715,
2021-08-09 04:00:00,42.75,711,
2021-08-09 08:00:00,42.72,698,1.28
2021-08-09 12:00:00,42.72,698,
2021-08-09 16:00:00,42.73,702,
2021-08-09 20:00:00,42.72,698,
2021-08-10 00:00:00,42.72,698,
2021-08-10 04:00:00,42.71,694,
2021-08-10 08:00:00,42.7,689,1.25
2021-08-10 12:00:00,42.68,680,
2021-08-10 16:00:00,42.69,684,
2021-08-10 20:00:00,42.69,684,
2021-08-11 00:00:00,42.69,684,
2021-08-11 04:00:00,42.69,684,
2021-08-11 08:00:00,42.69,684,1.14
2021-08-11 12:00:00,42.68,680,
2021-08-11 16:00:00,42.66,670,
2021-08-11 20:00:00,42.65,665,
2021-08-12 00:00:00,42.65,665,
2021-08-12 04:00:00,42.63,655,
2021-08-12 08:00:00,42.59,634,1.17
2021-08-12 12:00:00,42.55,611,
2021-08-12 16:00:00,42.52,592,
2021-08-12 20:00:00,42.51,586,
2021-08-13 00:00:00,42.49,574,
2021-08-13 04:00:00,42.46,556,
2021-08-13 08:00:00,42.43,537,1.08
2021-08-13 12:00:00,42.43,537,
2021-08-13 16:00:00,42.42,531,
2021-08-13 20:00:00,42.42,531,
2021-08-14 00:00:00,42.42,531,
2021-08-14 04:00:00,42.42,531,
2021-08-14 08:00:00,42.42,531,1.06
2021-08-14 12:00:00,42.41,526,
2021-08-14 16:00:00,42.42,531,
2021-08-14 20:00:00,42.43,537,
2021-08-15 00:00:00,42.44,543,
2021-08-15 04:00:00,42.47,562,
2021-08-15 08:00:00,42.51,586,1.11
2021-08-15 12:00:00,42.55,611,
2021-08-15 16:00:00,42.57,623,
2021-08-15 20:00:00,42.6,639,
2021-08-16 00:00:00,42.59,634,
2021-08-16 04:00:00,42.59,634,
2021-08-16 08:00:00,42.59,634,1.23
2021-08-16 12:00:00,42.55,611,
2021-08-16 16:00:00,42.53,599,
2021-08-16 20:00:00,42.52,592,
2021-08-17 00:00:00,42.51,586,
2021-08-17 04:00:00,42.49,574,
2021-08-17 08:00:00,42.47,562,0.969
2021-08-17 12:00:00,42.45,549,
2021-08-17 16:00:00,42.43,537,
2021-08-17 20:00:00,42.43,537,
2021-08-18 00:00:00,42.42,531,
2021-08-18 04:00:00,42.43,537,
2021-08-18 08:00:00,42.4,520,1.44
2021-08-18 12:00:00,42.39,515,
2021-08-18 16:00:00,42.38,509,
2021-08-18 20:00:00,42.38,509,
2021-08-19 00:00:00,42.38,509,
2021-08-19 04:00:00,42.37,504,
2021-08-19 08:00:00,42.37,504,0.905
2021-08-19 12:00:00,42.35,499,
2021-08-19 16:00:00,42.36,509,
2021-08-19 20:00:00,42.36,509,
2021-08-20 00:00:00,42.36,509,
2021-08-20 04:00:00,42.38,528,
2021-08-20 08:00:00,42.41,557,1.12
2021-08-20 12:00:00,42.4,547,
2021-08-20 16:00:00,42.39,537,
2021-08-20 20:00:00,42.38,528,
2021-08-21 00:00:00,42.36,509,
2021-08-21 04:00:00,42.37,518,
2021-08-21 08:00:00,42.35,499,1.1
2021-08-21 12:00:00,42.35,499,
2021-08-21 16:00:00,42.35,499,
2021-08-21 20:00:00,42.35,499,
2021-08-22 00:00:00,42.35,499,
2021-08-22 04:00:00,42.35,499,
2021-08-22 08:00:00,42.36,509,1.06
2021-08-22 12:00:00,42.36,509,
2021-08-22 16:00:00,42.36,509,
2021-08-22 20:00:00,42.36,509,
2021-08-23 00:00:00,42.36,509,
2021-08-23 04:00:00,42.37,518,
2021-08-23 08:00:00,42.38,528,1.09
2021-08-23 12:00:00,42.35,499,
2021-08-23 16:00:00,42.36,509,
2021-08-23 20:00:00,42.38,528,
2021-08-24 00:00:00,42.4,547,
2021-08-24 04:00:00,42.41,557,
2021-08-24 08:00:00,42.41,557,1.33
2021-08-24 12:00:00,42.41,557,
2021-08-24 16:00:00,42.4,547,
2021-08-24 20:00:00,42.41,557,
2021-08-25 00:00:00,42.41,557,
2021-08-25 04:00:00,42.41,557,
2021-08-25 08:00:00,42.44,585,0.949
2021-08-25 10:00:00,42.45,594,0.953
2021-08-25 12:00:00,42.45,594,
2021-08-25 16:00:00,42.46,602,
2021-08-25 20:00:00,42.49,631,
2021-08-26 00:00:00,42.5,640,
2021-08-26 04:00:00,42.52,659,
2021-08-26 08:00:00,42.55,688,1.59
2021-08-26 12:00:00,42.6,736,
2021-08-26 16:00:00,42.62,757,
2021-08-26 20:00:00,42.66,795,
2021-08-27 00:00:00,42.67,805,
2021-08-27 04:00:00,42.65,786,
2021-08-27 08:00:00,42.64,776,1.85
2021-08-27 12:00:00,42.62,757,
2021-08-27 16:00:00,42.6,736,
2021-08-27 20:00:00,42.57,707,
2021-08-28 00:00:00,42.54,678,
2021-08-28 04:00:00,42.52,659,
2021-08-28 08:00:00,42.48,621,1.59
2021-08-28 12:00:00,42.47,612,
2021-08-28 16:00:00,42.43,575,
2021-08-28 20:00:00,42.42,566,
2021-08-29 00:00:00,42.42,566,
2021-08-29 04:00:00,42.41,557,
2021-08-29 08:00:00,42.39,537,1.19
2021-08-29 12:00:00,42.39,537,
2021-08-29 16:00:00,42.37,518,
2021-08-29 20:00:00,42.37,518,
2021-08-30 00:00:00,42.38,528,
2021-08-30 04:00:00,42.42,566,
2021-08-30 08:00:00,42.44,585,1.49
2021-08-30 12:00:00,42.43,575,
2021-08-30 16:00:00,42.45,594,
2021-08-30 20:00:00,42.46,602,
2021-08-31 00:00:00,42.5,640,
2021-08-31 04:00:00,42.52,659,
2021-08-31 06:00:00,42.56,697,
2021-08-31 08:00:00,42.62,757,2.01
2021-08-31 12:00:00,42.62,757,
2021-08-31 16:00:00,42.67,805,
2021-08-31 20:00:00,42.7,834,
2021-09-01 00:00:00,42.74,872,
2021-09-01 02:00:00,42.77,901,
2021-09-01 04:00:00,42.81,937,
2021-09-01 06:00:00,42.87,995,
2021-09-01 08:00:00,42.92,1050,4.88
2021-09-01 10:00:00,42.98,1110,
2021-09-01 12:00:00,43.02,1150,
2021-09-01 14:00:00,43.07,1200,
2021-09-01 16:00:00,43.11,1240,
2021-09-01 18:00:00,43.17,1300,
2021-09-01 20:00:00,43.2,1330,
2021-09-01 22:00:00,43.26,1390,
2021-09-02 00:00:00,43.31,1440,
2021-09-02 02:00:00,43.36,1490,
2021-09-02 04:00:00,43.42,1540,
2021-09-02 06:00:00,43.46,1580,
2021-09-02 08:00:00,43.51,1630,6.56
2021-09-02 10:00:00,43.56,1680,
2021-09-02 12:00:00,43.62,1740,
2021-09-02 14:00:00,43.65,1760,
2021-09-02 16:00:00,43.7,1810,
2021-09-02 18:00:00,43.71,1820,
2021-09-02 20:00:00,43.75,1860,
2021-09-02 22:00:00,43.76,1870,
2021-09-03 00:00:00,43.79,1900,
2021-09-03 02:00:00,43.82,1920,
2021-09-03 04:00:00,43.82,1920,
2021-09-03 08:00:00,43.81,1910,4.91
2021-09-03 12:00:00,43.84,1940,
2021-09-03 16:00:00,43.83,1930,
2021-09-03 20:00:00,43.86,1960,
2021-09-03 22:00:00,43.89,1990,
2021-09-04 00:00:00,43.92,2020,
2021-09-04 02:00:00,43.94,2040,
2021-09-04 04:00:00,44.0,2100,
2021-09-04 06:00:00,44.03,2130,
2021-09-04 08:00:00,44.07,2170,5.08
2021-09-04 10:00:00,44.1,2200,
2021-09-04 12:00:00,44.13,2230,
2021-09-04 14:00:00,44.17,2270,
2021-09-04 16:00:00,44.19,2290,
2021-09-04 18:00:00,44.21,2310,
2021-09-04 20:00:00,44.22,2320,
2021-09-04 22:00:00,44.23,2330,
2021-09-05 00:00:00,44.24,2330,
2021-09-05 02:00:00,44.24,2330,
2021-09-05 04:00:00,44.23,2300,
2021-09-05 06:00:00,44.19,2220,
2021-09-05 08:00:00,44.18,2200,5.54
2021-09-05 10:00:00,44.16,2160,
2021-09-05 12:00:00,44.12,2090,
2021-09-05 14:00:00,44.12,2090,
2021-09-05 16:00:00,44.09,2040,
2021-09-05 18:00:00,44.07,2010,
2021-09-05 20:00:00,44.02,1940,
2021-09-05 22:00:00,43.99,1890,
2021-09-06 00:00:00,43.96,1850,
2021-09-06 02:00:00,43.91,1790,
2021-09-06 04:00:00,43.87,1740,
2021-09-06 06:00:00,43.84,1710,
2021-09-06 08:00:00,43.83,1700,3.26
2021-09-06 10:00:00,43.8,1660,
2021-09-06 12:00:00,43.78,1640,
2021-09-06 14:00:00,43.76,1620,
2021-09-06 16:00:00,43.76,1620,
2021-09-06 18:00:00,43.73,1580,
2021-09-06 20:00:00,43.71,1560,
2021-09-06 22:00:00,43.7,1550,
2021-09-07 00:00:00,43.67,1520,
2021-09-07 04:00:00,43.64,1480,
2021-09-07 08:00:00,43.62,1460,3.47
2021-09-07 12:00:00,43.57,1410,
2021-09-07 16:00:00,43.53,1370,
2021-09-07 20:00:00,43.48,1320,
2021-09-08 00:00:00,43.43,1270,
2021-09-08 04:00:00,43.39,1220,
2021-09-08 08:00:00,43.36,1190,2.96
2021-09-08 12:00:00,43.31,1140,
2021-09-08 16:00:00,43.28,1110,
2021-09-08 20:00:00,43.27,1100,
2021-09-09 00:00:00,43.28,1110,
2021-09-09 04:00:00,43.29,1120,
2021-09-09 08:00:00,43.32,1150,2.71
2021-09-09 12:00:00,43.31,1140,
2021-09-09 16:00:00,43.3,1130,
2021-09-09 20:00:00,43.3,1130,
2021-09-10 00:00:00,43.28,1110,
2021-09-10 04:00:00,43.24,1070,
2021-09-10 08:00:00,43.21,1040,1.92
2021-09-10 12:00:00,43.18,1010,
2021-09-10 16:00:00,43.15,979,
2021-09-10 20:00:00,43.1,931,
2021-09-11 00:00:00,43.08,912,
2021-09-11 04:00:00,43.07,903,
2021-09-11 06:00:00,43.07,903,
2021-09-11 08:00:00,43.07,903,2.0
2021-09-11 12:00:00,43.06,893,
2021-09-11 16:00:00,43.05,884,
2021-09-11 20:00:00,43.04,875,
2021-09-12 00:00:00,43.03,866,
2021-09-12 04:00:00,43.01,847,
2021-09-12 08:00:00,43.0,838,1.87
2021-09-12 12:00:00,42.99,829,
2021-09-12 16:00:00,42.96,802,
2021-09-12 20:00:00,42.95,793,
2021-09-13 00:00:00,42.92,767,
2021-09-13 04:00:00,42.89,742,
2021-09-13 08:00:00,42.88,733,1.36
2021-09-13 12:00:00,42.85,708,
2021-09-13 16:00:00,42.82,684,
2021-09-13 20:00:00,42.83,692,
2021-09-14 00:00:00,42.81,676,
2021-09-14 04:00:00,42.8,665,
2021-09-14 08:00:00,42.79,657,1.16
2021-09-14 12:00:00,42.79,657,
2021-09-14 16:00:00,42.8,665,
2021-09-14 20:00:00,42.81,676,
2021-09-15 00:00:00,42.81,676,
2021-09-15 04:00:00,42.79,657,
2021-09-15 08:00:00,42.77,642,1.19
2021-09-15 12:00:00,42.76,634,
2021-09-15 16:00:00,42.73,612,
2021-09-15 17:00:00,42.73,612,
2021-09-15 20:00:00,42.72,605,
2021-09-16 00:00:00,42.7,591,
2021-09-16 04:00:00,42.67,571,
2021-09-16 08:00:00,42.65,558,1.17
2021-09-16 12:00:00,42.62,539,
2021-09-16 16:00:00,42.6,527,
2021-09-16 20:00:00,42.59,521,
2021-09-17 00:00:00,42.58,516,
2021-09-17 04:00:00,42.58,516,
2021-09-17 08:00:00,42.57,510,1.05
2021-09-17 12:00:00,42.57,516,
2021-09-17 16:00:00,42.58,523,
2021-09-17 20:00:00,42.61,546,
2021-09-18 00:00:00,42.62,553,
2021-09-18 04:00:00,42.62,553,
2021-09-18 08:00:00,42.64,569,1.36
2021-09-18 12:00:00,42.67,593,
2021-09-18 16:00:00,42.71,626,
2021-09-18 20:00:00,42.76,670,
2021-09-19 00:00:00,42.81,714,
2021-09-19 02:00:00,42.87,772,
2021-09-19 04:00:00,42.93,833,
2021-09-19 06:00:00,43.01,925,
2021-09-19 08:00:00,43.07,995,1.71
2021-09-19 10:00:00,43.14,1080,
2021-09-19 12:00:00,43.21,1160,
2021-09-19 14:00:00,43.25,1210,
2021-09-19 16:00:00,43.29,1260,
2021-09-19 18:00:00,43.33,1310,
2021-09-19 20:00:00,43.35,1340,
2021-09-19 22:00:00,43.39,1390,
2021-09-20 00:00:00,43.41,1410,
2021-09-20 02:00:00,43.48,1510,
2021-09-20 04:00:00,43.54,1580,
2021-09-20 06:00:00,43.6,1660,
2021-09-20 08:00:00,43.64,1710,4.4
2021-09-20 10:00:00,43.69,1780,
2021-09-20 12:00:00,43.73,1840,
2021-09-20 14:00:00,43.74,1850,
2021-09-20 16:00:00,43.79,1910,
2021-09-20 18:00:00,43.82,1940,
2021-09-20 20:00:00,43.87,2000,
2021-09-20 22:00:00,43.9,2030,
2021-09-21 00:00:00,43.95,2090,
2021-09-21 01:00:00,43.96,2100,
2021-09-21 02:00:00,44.01,2150,
2021-09-21 03:00:00,44.03,2180,
2021-09-21 04:00:00,44.09,2240,
2021-09-21 05:00:00,44.12,2280,
2021-09-21 06:00:00,44.17,2340,
2021-09-21 07:00:00,44.24,2430,
2021-09-21 08:00:00,44.29,2510,6.32
2021-09-21 09:00:00,44.32,2550,
2021-09-21 10:00:00,44.38,2630,
2021-09-21 11:00:00,44.42,2680,
2021-09-21 12:00:00,44.47,2760,
2021-09-21 13:00:00,44.55,2860,
2021-09-21 14:00:00,44.6,2920,
2021-09-21 15:00:00,44.64,2980,
2021-09-21 16:00:00,44.7,3050,
2021-09-21 17:00:00,44.76,3120,
2021-09-21 18:00:00,44.79,3160,
2021-09-21 19:00:00,44.84,3220,
2021-09-21 20:00:00,44.87,3250,
2021-09-21 21:00:00,44.89,3280,
2021-09-21 22:00:00,44.94,3340,
2021-09-21 23:00:00,45.02,3420,
2021-09-22 00:00:00,45.06,3460,
2021-09-22 01:00:00,45.09,3490,
2021-09-22 02:00:00,45.09,3490,
2021-09-22 03:00:00,45.12,3520,
2021-09-22 04:00:00,45.21,3600,
2021-09-22 05:00:00,45.18,3570,
2021-09-22 06:00:00,45.2,3590,
2021-09-22 07:00:00,45.23,3620,
2021-09-22 08:00:00,45.26,3640,6.86
2021-09-22 09:00:00,45.25,3630,
2021-09-22 10:00:00,45.22,3610,
2021-09-22 12:00:00,45.27,3650,
2021-09-22 14:00:00,45.24,3620,
2021-09-22 16:00:00,45.29,3670,
2021-09-22 18:00:00,45.31,3680,
2021-09-22 20:00:00,45.28,3590,
2021-09-22 22:00:00,45.3,3640,
2021-09-23 00:00:00,45.26,3550,
2021-09-23 02:00:00,45.23,3490,
2021-09-23 04:00:00,45.19,3410,
2021-09-23 06:00:00,45.19,3410,
2021-09-23 08:00:00,45.19,3410,7.25
2021-09-23 10:00:00,45.16,3350,
2021-09-23 12:00:00,45.19,3410,
2021-09-23 14:00:00,45.16,3350,
2021-09-23 16:00:00,45.15,3330,
2021-09-23 18:00:00,45.15,3330,
2021-09-23 20:00:00,45.16,3350,
2021-09-23 22:00:00,45.15,3330,
2021-09-24 00:00:00,45.17,3370,
2021-09-24 02:00:00,45.14,3310,
2021-09-24 04:00:00,45.11,3260,
2021-09-24 06:00:00,45.07,3190,
2021-09-24 08:00:00,45.08,3200,4.42
2021-09-24 10:00:00,45.03,3110,
2021-09-24 12:00:00,44.96,3000,
2021-09-24 14:00:00,44.95,2990,
2021-09-24 16:00:00,44.91,2930,
2021-09-24 18:00:00,44.86,2870,
2021-09-24 20:00:00,44.83,2830,
2021-09-24 22:00:00,44.77,2750,
2021-09-25 00:00:00,44.74,2720,
2021-09-25 02:00:00,44.74,2720,
2021-09-25 04:00:00,44.72,2700,
2021-09-25 06:00:00,44.71,2690,
2021-09-25 08:00:00,44.69,2670,5.81
2021-09-25 10:00:00,44.63,2610,
2021-09-25 12:00:00,44.63,2610,
2021-09-25 14:00:00,44.61,2590,
2021-09-25 16:00:00,44.6,2580,
2021-09-25 18:00:00,44.58,2560,
2021-09-25 20:00:00,44.57,2550,
2021-09-25 22:00:00,44.56,2550,
2021-09-26 00:00:00,44.52,2510,
2021-09-26 02:00:00,44.52,2510,
2021-09-26 04:00:00,44.52,2540,
2021-09-26 06:00:00,44.52,2540,
2021-09-26 08:00:00,44.54,2570,4.33
2021-09-26 12:00:00,44.52,2540,
2021-09-26 16:00:00,44.52,2540,
2021-09-26 17:00:00,44.54,2570,
2021-09-26 20:00:00,44.52,2540,
2021-09-26 23:00:00,44.55,2590,
2021-09-27 00:00:00,44.53,2560,
2021-09-27 04:00:00,44.51,2520,
2021-09-27 08:00:00,44.52,2540,5.82
2021-09-27 12:00:00,44.54,2570,5.71
2021-09-27 16:00:00,44.51,2520,
2021-09-27 20:00:00,44.53,2560,
2021-09-28 00:00:00,44.58,2650,
2021-09-28 02:00:00,44.63,2730,
2021-09-28 04:00:00,44.65,2760,
2021-09-28 06:00:00,44.68,2810,
2021-09-28 08:00:00,44.71,2860,6.13
2021-09-28 10:00:00,44.74,2910,
2021-09-28 11:00:00,44.77,2950,
2021-09-28 12:00:00,44.81,3010,
2021-09-28 13:00:00,44.84,3060,
2021-09-28 14:00:00,44.88,3120,
2021-09-28 15:00:00,44.93,3180,
2021-09-28 16:00:00,45.01,3290,
2021-09-28 17:00:00,45.05,3350,
2021-09-28 18:00:00,45.07,3380,
2021-09-28 19:00:00,45.12,3440,
2021-09-28 20:00:00,45.19,3540,
2021-09-28 21:00:00,45.19,3540,
2021-09-28 22:00:00,45.26,3630,
2021-09-28 23:00:00,45.31,3700,
2021-09-29 00:00:00,45.32,3710,
2021-09-29 01:00:00,45.38,3770,
2021-09-29 02:00:00,45.38,3770,
2021-09-29 03:00:00,45.46,3880,
2021-09-29 04:00:00,45.48,3910,
2021-09-29 05:00:00,45.5,3940,
2021-09-29 06:00:00,45.56,4030,
2021-09-29 07:00:00,45.59,4080,
2021-09-29 08:00:00,45.67,4200,7.04
2021-09-29 09:00:00,45.7,4250,
2021-09-29 10:00:00,45.69,4230,
2021-09-29 11:00:00,45.74,4310,
2021-09-29 12:00:00,45.74,4310,
2021-09-29 13:00:00,45.76,4340,
2021-09-29 14:00:00,45.81,4410,
2021-09-29 15:00:00,45.82,4430,
2021-09-29 16:00:00,45.9,4540,
2021-09-29 17:00:00,45.92,4580,
2021-09-29 18:00:00,45.94,4600,
2021-09-29 19:00:00,45.99,4660,
2021-09-29 20:00:00,46.03,4700,
2021-09-29 21:00:00,46.06,4720,
2021-09-29 22:00:00,46.08,4740,
2021-09-29 23:00:00,46.09,4750,
2021-09-30 00:00:00,46.1,4760,
2021-09-30 01:00:00,46.13,4780,
2021-09-30 02:00:00,46.16,4790,
2021-09-30 03:00:00,46.19,4810,
2021-09-30 04:00:00,46.2,4810,
2021-09-30 05:00:00,46.23,4820,
2021-09-30 06:00:00,46.26,4840,
2021-09-30 07:00:00,46.23,4820,
2021-09-30 08:00:00,46.23,4820,6.43
2021-09-30 09:00:00,46.25,4830,
2021-09-30 10:00:00,46.23,4820,
2021-09-30 11:00:00,46.24,4830,
2021-09-30 12:00:00,46.21,4810,
2021-09-30 13:00:00,46.22,4820,
2021-09-30 14:00:00,46.22,4820,
2021-09-30 15:00:00,46.22,4820,
2021-09-30 16:00:00,46.23,4820,
2021-09-30 17:00:00,46.25,4830,
2021-09-30 18:00:00,46.24,4830,
2021-09-30 19:00:00,46.27,4840,
2021-09-30 20:00:00,46.27,4840,
2021-09-30 21:00:00,46.26,4840,
2021-09-30 22:00:00,46.23,4820,
2021-09-30 23:00:00,46.23,4820,
2021-10-01 00:00:00,46.21,4680,
2021-10-01 02:00:00,46.21,4680,
2021-10-01 04:00:00,46.21,4680,
2021-10-01 06:00:00,46.18,4650,
2021-10-01 08:00:00,46.19,4660,5.6
2021-10-01 10:00:00,46.19,4660,
2021-10-01 12:00:00,46.19,4660,
2021-10-01 14:00:00,46.17,4640,
2021-10-01 16:00:00,46.19,4910,
2021-10-01 18:00:00,46.2,4920,
2021-10-01 20:00:00,46.19,4910,
2021-10-01 22:00:00,46.23,4950,
2021-10-02 00:00:00,46.25,4960,
2021-10-02 02:00:00,46.24,4950,
2021-10-02 04:00:00,46.25,4960,
2021-10-02 06:00:00,46.27,4970,
2021-10-02 08:00:00,46.27,4970,10.4
2021-10-02 10:00:00,46.25,4960,
2021-10-02 12:00:00,46.24,4950,
2021-10-02 14:00:00,46.24,4830,
2021-10-02 16:00:00,46.27,4840,
2021-10-02 18:00:00,46.29,4850,
2021-10-02 20:00:00,46.32,4870,
2021-10-02 22:00:00,46.32,4870,
2021-10-03 00:00:00,46.32,4870,
2021-10-03 02:00:00,46.33,4890,
2021-10-03 04:00:00,46.35,4900,
2021-10-03 06:00:00,46.38,4910,
2021-10-03 08:00:00,46.37,4910,6.4
2021-10-03 10:00:00,46.39,4920,
2021-10-03 12:00:00,46.38,4910,
2021-10-03 14:00:00,46.43,4960,
2021-10-03 16:00:00,46.43,4960,
2021-10-03 18:00:00,46.4,4930,
2021-10-03 19:00:00,46.42,4950,
2021-10-03 20:00:00,46.39,4920,
2021-10-03 22:00:00,46.39,4920,
2021-10-04 00:00:00,46.41,4940,
2021-10-04 02:00:00,46.42,4950,
2021-10-04 04:00:00,46.39,4920,
2021-10-04 06:00:00,46.44,4980,
2021-10-04 08:00:00,46.45,4990,6.25
2021-10-04 10:00:00,46.43,4960,
2021-10-04 12:00:00,46.45,4990,
2021-10-04 14:00:00,46.43,4960,
2021-10-04 16:00:00,46.43,4960,
2021-10-04 18:00:00,46.44,4980,
2021-10-04 20:00:00,46.45,4990,
2021-10-04 22:00:00,46.42,4950,
2021-10-05 00:00:00,46.43,4960,
2021-10-05 02:00:00,46.42,4950,
2021-10-05 04:00:00,46.42,4950,
2021-10-05 06:00:00,46.42,4950,
2021-10-05 08:00:00,46.44,4980,5.89
2021-10-05 10:00:00,46.45,4990,
2021-10-05 12:00:00,46.43,4960,
2021-10-05 14:00:00,46.44,4980,
2021-10-05 16:00:00,46.39,4920,
2021-10-05 18:00:00,46.41,4940,
2021-10-05 20:00:00,46.42,4950,
2021-10-05 22:00:00,46.44,4980,
2021-10-06 00:00:00,46.45,4990,
2021-10-06 02:00:00,46.42,4950,
2021-10-06 04:00:00,46.44,4980,
2021-10-06 06:00:00,46.4,4930,
2021-10-06 08:00:00,46.39,4920,5.72
2021-10-06 10:00:00,46.38,4910,
2021-10-06 12:00:00,46.36,4910,
2021-10-06 14:00:00,46.34,4890,
2021-10-06 16:00:00,46.35,4900,
2021-10-06 18:00:00,46.34,4890,
2021-10-06 20:00:00,46.34,4890,
2021-10-06 22:00:00,46.34,4890,
2021-10-07 00:00:00,46.36,4910,
2021-10-07 02:00:00,46.35,4900,
2021-10-07 04:00:00,46.36,4910,
2021-10-07 06:00:00,46.34,4890,
2021-10-07 08:00:00,46.33,4890,6.67
2021-10-07 10:00:00,46.32,4870,
2021-10-07 12:00:00,46.32,4870,
2021-10-07 14:00:00,46.29,4850,
2021-10-07 16:00:00,46.32,4870,
2021-10-07 18:00:00,46.32,4870,
2021-10-07 20:00:00,46.31,4870,
2021-10-07 22:00:00,46.33,4890,
2021-10-08 00:00:00,46.31,4870,
2021-10-08 02:00:00,46.32,4870,
2021-10-08 04:00:00,46.27,4840,
2021-10-08 06:00:00,46.29,4850,
2021-10-08 08:00:00,46.27,4840,5.97
2021-10-08 10:00:00,46.28,4850,
2021-10-08 12:00:00,46.25,4830,
2021-10-08 14:00:00,46.27,4840,
2021-10-08 16:00:00,46.26,4840,
2021-10-08 18:00:00,46.26,4840,
2021-10-08 20:00:00,46.26,4840,
2021-10-08 22:00:00,46.26,4840,
2021-10-09 00:00:00,46.26,4840,
2021-10-09 02:00:00,46.26,4840,
2021-10-09 04:00:00,46.25,4830,
2021-10-09 06:00:00,46.28,4850,
2021-10-09 08:00:00,46.26,4840,5.26
2021-10-09 10:00:00,46.26,4840,
2021-10-09 12:00:00,46.28,4850,
2021-10-09 14:00:00,46.24,4830,
2021-10-09 16:00:00,46.27,4840,
2021-10-09 18:00:00,46.26,4840,
2021-10-09 20:00:00,46.26,4840,
2021-10-09 22:00:00,46.27,4840,
2021-10-10 00:00:00,46.27,4840,
2021-10-10 02:00:00,46.25,4830,
2021-10-10 04:00:00,46.22,4820,
2021-10-10 06:00:00,46.22,4820,
2021-10-10 08:00:00,46.24,4830,5.5
2021-10-10 10:00:00,46.21,4810,
2021-10-10 12:00:00,46.21,4810,
2021-10-10 14:00:00,46.19,4810,
2021-10-10 16:00:00,46.19,4810,
2021-10-10 18:00:00,46.2,4810,
2021-10-10 20:00:00,46.22,4820,
2021-10-10 22:00:00,46.22,4820,
2021-10-11 00:00:00,46.23,4820,
2021-10-11 02:00:00,46.25,4830,
2021-10-11 04:00:00,46.25,4830,
2021-10-11 06:00:00,46.26,4840,
2021-10-11 08:00:00,46.27,4840,6.24
2021-10-11 10:00:00,46.25,4830,
2021-10-11 12:00:00,46.23,4820,
2021-10-11 14:00:00,46.23,4820,
2021-10-11 16:00:00,46.24,4830,
2021-10-11 18:00:00,46.25,4830,
2021-10-11 20:00:00,46.27,4840,
2021-10-11 22:00:00,46.28,4850,
2021-10-12 00:00:00,46.3,4860,
2021-10-12 02:00:00,46.26,4840,
2021-10-12 04:00:00,46.26,4840,
2021-10-12 06:00:00,46.28,4850,
2021-10-12 08:00:00,46.27,4840,8.26
2021-10-12 10:00:00,46.23,4820,
2021-10-12 12:00:00,46.25,4830,
2021-10-12 14:00:00,46.22,4820,
2021-10-12 16:00:00,46.24,4830,
2021-10-12 18:00:00,46.23,4820,
2021-10-12 20:00:00,46.23,4820,
2021-10-12 22:00:00,46.23,4820,
2021-10-13 00:00:00,46.25,4830,
2021-10-13 02:00:00,46.25,4830,
2021-10-13 04:00:00,46.26,4840,
2021-10-13 06:00:00,46.25,4830,
2021-10-13 08:00:00,46.22,4820,10.2
2021-10-13 10:00:00,46.24,4830,
2021-10-13 12:00:00,46.25,4830,
2021-10-13 14:00:00,46.24,4830,
2021-10-13 16:00:00,46.25,4830,
2021-10-13 18:00:00,46.26,4840,
2021-10-13 20:00:00,46.24,4830,
2021-10-13 22:00:00,46.23,4820,
2021-10-14 00:00:00,46.21,4810,
2021-10-14 02:00:00,46.22,4820,
2021-10-14 04:00:00,46.2,4810,
2021-10-14 06:00:00,46.22,4820,
2021-10-14 08:00:00,46.22,4820,10.5
2021-10-14 10:00:00,46.21,4810,
2021-10-14 12:00:00,46.16,4790,
2021-10-14 14:00:00,46.17,4800,
2021-10-14 16:00:00,46.13,4780,
2021-10-14 18:00:00,46.16,4790,
2021-10-14 20:00:00,46.14,4780,
2021-10-14 22:00:00,46.12,4780,
2021-10-15 00:00:00,46.18,4800,
2021-10-15 02:00:00,46.18,4800,
2021-10-15 04:00:00,46.15,4790,
2021-10-15 06:00:00,46.19,4810,
2021-10-15 08:00:00,46.17,4800,9.64
2021-10-15 10:00:00,46.16,4790,
2021-10-15 12:00:00,46.16,4790,
2021-10-15 14:00:00,46.17,4800,
2021-10-15 16:00:00,46.19,4810,
2021-10-15 18:00:00,46.19,4810,
2021-10-15 20:00:00,46.18,4800,
2021-10-15 22:00:00,46.16,4790,
2021-10-16 00:00:00,46.19,4810,
2021-10-16 02:00:00,46.15,4790,
2021-10-16 04:00:00,46.15,4790,
2021-10-16 06:00:00,46.15,4790,
2021-10-16 08:00:00,46.18,4800,6.15
2021-10-16 10:00:00,46.14,4780,
2021-10-16 12:00:00,46.16,4790,
2021-10-16 14:00:00,46.15,4790,
2021-10-16 16:00:00,46.13,4780,
2021-10-16 18:00:00,46.13,4780,
2021-10-16 20:00:00,46.18,4800,
2021-10-16 22:00:00,46.19,4810,
2021-10-17 00:00:00,46.17,4800,
2021-10-17 02:00:00,46.18,4800,
2021-10-17 04:00:00,46.18,4800,
2021-10-17 06:00:00,46.19,4810,
2021-10-17 08:00:00,46.18,4800,5.98
2021-10-17 10:00:00,46.17,4800,
2021-10-17 12:00:00,46.17,4800,
2021-10-17 14:00:00,46.2,4810,
2021-10-17 16:00:00,46.2,4810,
2021-10-17 18:00:00,46.23,4820,
2021-10-17 20:00:00,46.21,4810,
2021-10-17 22:00:00,46.19,4790,
2021-10-18 00:00:00,46.19,4790,
2021-10-18 02:00:00,46.19,4790,
2021-10-18 04:00:00,46.15,4760,
2021-10-18 06:00:00,46.17,4780,
2021-10-18 08:00:00,46.15,4760,5.36
2021-10-18 10:00:00,46.15,4760,
2021-10-18 12:00:00,46.1,4710,
2021-10-18 14:00:00,46.15,4760,
2021-10-18 16:00:00,46.16,4770,
2021-10-18 18:00:00,46.16,4770,
2021-10-18 20:00:00,46.14,4750,
2021-10-18 22:00:00,46.14,4750,
2021-10-19 00:00:00,46.18,4790,
2021-10-19 02:00:00,46.13,4740,
2021-10-19 04:00:00,46.15,4760,
2021-10-19 06:00:00,46.18,4790,
2021-10-19 08:00:00,46.17,4780,5.63
2021-10-19 10:00:00,46.1,4710,
2021-10-19 12:00:00,46.09,4700,
2021-10-19 14:00:00,46.08,4690,
2021-10-19 16:00:00,46.08,4690,
2021-10-19 18:00:00,46.11,4720,
2021-10-19 20:00:00,46.09,4700,
2021-10-19 22:00:00,46.11,4720,
2021-10-20 00:00:00,46.11,4720,
2021-10-20 02:00:00,46.14,4750,
2021-10-20 04:00:00,46.15,4760,
2021-10-20 06:00:00,46.14,4750,
2021-10-20 08:00:00,46.18,4790,5.26
2021-10-20 10:00:00,46.17,4780,
2021-10-20 12:00:00,46.16,4770,
2021-10-20 14:00:00,46.19,4790,
2021-10-20 16:00:00,46.19,4790,
2021-10-20 18:00:00,46.21,4810,
2021-10-20 20:00:00,46.2,4800,
2021-10-20 22:00:00,46.19,4790,
2021-10-21 00:00:00,46.23,4820,
2021-10-21 02:00:00,46.21,4810,
2021-10-21 04:00:00,46.19,4790,
2021-10-21 06:00:00,46.21,4810,
2021-10-21 08:00:00,46.18,4790,5.41
2021-10-21 10:00:00,46.19,4790,
2021-10-21 12:00:00,46.16,4770,
2021-10-21 14:00:00,46.18,4790,
2021-10-21 16:00:00,46.16,4770,
2021-10-21 18:00:00,46.17,4780,
2021-10-21 20:00:00,46.15,4760,
2021-10-21 22:00:00,46.15,4760,
2021-10-22 00:00:00,46.1,4710,
2021-10-22 02:00:00,46.05,4650,
2021-10-22 04:00:00,46.05,4650,
2021-10-22 06:00:00,46.03,4620,
2021-10-22 08:00:00,45.99,4540,5.32
2021-10-22 09:00:00,45.96,4480,
2021-10-22 10:00:00,45.95,4470,
2021-10-22 11:00:00,45.93,4430,
2021-10-22 12:00:00,45.91,4400,
2021-10-22 13:00:00,45.89,4380,
2021-10-22 14:00:00,45.88,4360,
2021-10-22 15:00:00,45.84,4300,
2021-10-22 16:00:00,45.81,4250,
2021-10-22 17:00:00,45.76,4160,
2021-10-22 18:00:00,45.77,4180,
2021-10-22 19:00:00,45.72,4100,
2021-10-22 20:00:00,45.69,4050,
2021-10-22 21:00:00,45.65,3980,
2021-10-22 22:00:00,45.65,3980,
2021-10-22 23:00:00,45.59,3880,
2021-10-23 00:00:00,45.58,3860,
2021-10-23 01:00:00,45.52,3760,
2021-10-23 02:00:00,45.48,3690,
2021-10-23 03:00:00,45.43,3610,
2021-10-23 04:00:00,45.39,3540,
2021-10-23 05:00:00,45.35,3480,
2021-10-23 06:00:00,45.32,3440,
2021-10-23 07:00:00,45.28,3390,
2021-10-23 08:00:00,45.23,3320,5.4
2021-10-23 09:00:00,45.19,3270,
2021-10-23 10:00:00,45.13,3190,
2021-10-23 11:00:00,45.12,3170,
2021-10-23 12:00:00,45.06,3100,
2021-10-23 13:00:00,45.03,3060,
2021-10-23 14:00:00,44.99,3010,
2021-10-23 15:00:00,44.99,3010,
2021-10-23 16:00:00,44.96,2970,
2021-10-23 17:00:00,44.95,2960,
2021-10-23 18:00:00,44.88,2870,
2021-10-23 19:00:00,44.87,2860,
2021-10-23 20:00:00,44.83,2810,
2021-10-23 21:00:00,44.81,2780,
2021-10-23 22:00:00,44.79,2750,
2021-10-23 23:00:00,44.77,2720,
2021-10-24 00:00:00,44.74,2680,
2021-10-24 01:00:00,44.75,2690,
2021-10-24 02:00:00,44.69,2610,
2021-10-24 03:00:00,44.71,2640,
2021-10-24 04:00:00,44.7,2620,
2021-10-24 05:00:00,44.65,2560,
2021-10-24 06:00:00,44.65,2560,
2021-10-24 07:00:00,44.63,2530,
2021-10-24 08:00:00,44.6,2490,3.72
2021-10-24 09:00:00,44.57,2450,
2021-10-24 10:00:00,44.55,2430,
2021-10-24 11:00:00,44.54,2420,
2021-10-24 12:00:00,44.53,2400,
2021-10-24 13:00:00,44.51,2380,
2021-10-24 14:00:00,44.47,2330,
2021-10-24 15:00:00,44.47,2330,
2021-10-24 16:00:00,44.45,2300,
2021-10-24 17:00:00,44.45,2300,
2021-10-24 18:00:00,44.46,2310,
2021-10-24 19:00:00,44.41,2250,
2021-10-24 20:00:00,44.39,2230,
2021-10-24 21:00:00,44.34,2170,
2021-10-24 22:00:00,44.35,2180,
2021-10-24 23:00:00,44.32,2140,
2021-10-25 00:00:00,44.32,2140,
2021-10-25 01:00:00,44.29,2110,
2021-10-25 02:00:00,44.27,2090,
2021-10-25 03:00:00,44.25,2060,
2021-10-25 04:00:00,44.25,2060,
2021-10-25 05:00:00,44.23,2040,
2021-10-25 06:00:00,44.23,2040,
2021-10-25 07:00:00,44.2,2000,
2021-10-25 08:00:00,44.23,2040,4.92
2021-10-25 09:00:00,44.22,2030,
2021-10-25 10:00:00,44.19,1990,
2021-10-25 11:00:00,44.17,1970,
2021-10-25 12:00:00,44.16,1960,
2021-10-25 13:00:00,44.15,1950,
2021-10-25 14:00:00,44.13,1930,
2021-10-25 15:00:00,44.14,1940,
2021-10-25 16:00:00,44.14,1940,
2021-10-25 17:00:00,44.12,1920,
2021-10-25 18:00:00,44.13,1930,
2021-10-25 19:00:00,44.14,1940,
2021-10-25 20:00:00,44.12,1920,
2021-10-25 21:00:00,44.13,1930,
2021-10-25 22:00:00,44.1,1900,
2021-10-25 23:00:00,44.11,1910,
2021-10-26 00:00:00,44.11,1910,
2021-10-26 04:00:00,44.09,1900,
2021-10-26 08:00:00,44.07,1880,3.4
2021-10-26 12:00:00,44.03,1850,
2021-10-26 16:00:00,44.04,1860,
2021-10-26 20:00:00,44.01,1840,
2021-10-27 00:00:00,44.02,1840,
2021-10-27 04:00:00,44.01,1840,
2021-10-27 08:00:00,44.0,1830,3.46
2021-10-27 10:00:00,43.99,1820,3.34
2021-10-27 12:00:00,43.97,1810,
2021-10-27 16:00:00,43.96,1810,
2021-10-27 20:00:00,43.93,1790,
2021-10-28 00:00:00,43.93,1790,
2021-10-28 04:00:00,43.91,1780,
2021-10-28 08:00:00,43.91,1780,2.52
2021-10-28 12:00:00,43.88,1760,
2021-10-28 16:00:00,43.88,1760,
2021-10-28 20:00:00,43.85,1750,
2021-10-29 00:00:00,43.84,1750,
2021-10-29 04:00:00,43.82,1740,
2021-10-29 08:00:00,43.82,1740,2.46
2021-10-29 12:00:00,43.82,1740,
2021-10-29 16:00:00,43.82,1740,
2021-10-29 20:00:00,43.8,1730,
2021-10-30 00:00:00,43.78,1720,
2021-10-30 04:00:00,43.79,1750,
2021-10-30 08:00:00,43.83,1810,2.2
2021-10-30 12:00:00,43.83,1810,
2021-10-30 16:00:00,43.88,1870,
2021-10-30 20:00:00,43.93,1940,
2021-10-31 00:00:00,43.97,1990,
2021-10-31 02:00:00,44.01,2040,
2021-10-31 04:00:00,44.06,2110,
2021-10-31 06:00:00,44.1,2160,
2021-10-31 08:00:00,44.13,2190,5.02
2021-10-31 10:00:00,44.12,2180,
2021-10-31 12:00:00,44.17,2240,
2021-10-31 14:00:00,44.19,2260,
2021-10-31 16:00:00,44.2,2270,
2021-10-31 18:00:00,44.2,2270,
2021-10-31 20:00:00,44.22,2290,
2021-10-31 22:00:00,44.24,2310,
2021-11-01 00:00:00,44.26,2340,
2021-11-01 04:00:00,44.27,2350,
2021-11-01 08:00:00,44.3,2380,4.35
2021-11-01 12:00:00,44.32,2400,
2021-11-01 16:00:00,44.34,2420,
2021-11-01 20:00:00,44.32,2390,
2021-11-02 00:00:00,44.32,2390,
2021-11-02 04:00:00,44.31,2370,
2021-11-02 08:00:00,44.3,2350,
2021-11-02 10:00:00,44.26,2290,
2021-11-02 12:00:00,44.25,2270,
2021-11-02 14:00:00,44.22,2220,
2021-11-02 16:00:00,44.15,2110,
2021-11-02 18:00:00,44.13,2080,
2021-11-02 20:00:00,44.09,2020,
2021-11-02 22:00:00,44.05,1960,
2021-11-03 00:00:00,44.0,1890,
2021-11-03 01:00:00,43.95,1820,
2021-11-03 02:00:00,43.92,1780,
2021-11-03 04:00:00,43.88,1740,
2021-11-03 06:00:00,43.86,1710,
2021-11-03 08:00:00,43.81,1660,
2021-11-03 10:00:00,43.81,1660,
2021-11-03 12:00:00,43.78,1630,
2021-11-03 14:00:00,43.74,1590,
2021-11-03 16:00:00,43.71,1570,
2021-11-03 18:00:00,43.71,1570,
2021-11-03 20:00:00,43.68,1540,
2021-11-03 22:00:00,43.66,1530,
2021-11-04 00:00:00,43.65,1520,
2021-11-04 02:00:00,43.66,1530,
2021-11-04 04:00:00,43.66,1530,
2021-11-04 06:00:00,43.68,1540,
2021-11-04 08:00:00,43.71,1710,3.25
2021-11-04 10:00:00,43.74,1750,
2021-11-04 12:00:00,43.76,1770,
2021-11-04 14:00:00,43.79,1810,
2021-11-04 16:00:00,43.82,1850,
2021-11-04 18:00:00,43.88,1930,
2021-11-04 20:00:00,43.88,1930,
2021-11-04 22:00:00,43.89,1940,
2021-11-05 00:00:00,43.9,1950,
2021-11-05 02:00:00,43.91,1960,
2021-11-05 04:00:00,43.92,1970,
2021-11-05 06:00:00,43.96,2020,
2021-11-05 08:00:00,43.97,2030,
2021-11-05 12:00:00,43.98,2050,
2021-11-05 16:00:00,43.99,2060,
2021-11-05 20:00:00,43.97,2030,
2021-11-06 00:00:00,44.03,2110,
2021-11-06 04:00:00,44.05,2130,
2021-11-06 08:00:00,44.04,2120,
2021-11-06 12:00:00,44.06,2140,
2021-11-06 16:00:00,44.08,2170,
2021-11-06 20:00:00,44.1,2190,
2021-11-07 00:00:00,44.13,2220,
2021-11-07 04:00:00,44.18,2280,
2021-11-07 08:00:00,44.21,2310,4.18
2021-11-07 12:00:00,44.23,2330,
2021-11-07 16:00:00,44.25,2350,
2021-11-07 20:00:00,44.27,2370,
2021-11-08 00:00:00,44.3,2400,
2021-11-08 04:00:00,44.35,2440,
2021-11-08 08:00:00,44.33,2420,
2021-11-08 12:00:00,44.3,2400,
2021-11-08 16:00:00,44.23,2330,
2021-11-08 20:00:00,44.23,2330,
2021-11-09 00:00:00,44.22,2320,
2021-11-09 04:00:00,44.23,2330,
2021-11-09 08:00:00,44.21,2310,
2021-11-09 12:00:00,44.2,2300,
2021-11-09 16:00:00,44.18,2280,
2021-11-09 20:00:00,44.19,2290,
2021-11-10 00:00:00,44.15,2250,
2021-11-10 04:00:00,44.14,2240,
2021-11-10 08:00:00,44.16,2260,4.3
2021-11-10 12:00:00,44.14,2240,
2021-11-10 16:00:00,44.1,2190,
2021-11-10 20:00:00,44.12,2210,
2021-11-11 00:00:00,44.1,2190,
2021-11-11 04:00:00,44.09,2180,
2021-11-11 08:00:00,44.12,2210,
2021-11-11 12:00:00,44.07,2160,
2021-11-11 16:00:00,44.04,2120,
2021-11-11 20:00:00,44.07,2160,
2021-11-12 00:00:00,44.05,2130,
2021-11-12 04:00:00,44.06,2140,
2021-11-12 08:00:00,44.05,2130,
2021-11-12 12:00:00,44.02,2090,
2021-11-12 16:00:00,44.01,2080,
2021-11-12 20:00:00,44.02,2090,
2021-11-13 00:00:00,44.03,2110,
2021-11-13 04:00:00,44.03,2110,
2021-11-13 08:00:00,44.03,2110,3.86
2021-11-13 12:00:00,44.06,2140,
2021-11-13 16:00:00,44.09,2180,
2021-11-13 20:00:00,44.07,2160,
2021-11-14 00:00:00,44.05,2130,
2021-11-14 04:00:00,44.06,2140,
2021-11-14 08:00:00,44.1,2190,
2021-11-14 12:00:00,44.1,2190,
2021-11-14 16:00:00,44.08,2170,
2021-11-14 20:00:00,44.07,2160,
2021-11-15 00:00:00,44.04,2120,
2021-11-15 04:00:00,44.05,2130,
2021-11-15 08:00:00,43.99,2060,
2021-11-15 12:00:00,43.95,2010,
2021-11-15 16:00:00,43.89,1940,
2021-11-15 20:00:00,43.85,1890,
2021-11-16 00:00:00,43.79,1810,
2021-11-16 04:00:00,43.76,1770,
2021-11-16 08:00:00,43.72,1720,3.67
2021-11-16 12:00:00,43.71,1710,
2021-11-16 16:00:00,43.68,1680,
2021-11-16 20:00:00,43.69,1690,
2021-11-17 00:00:00,43.66,1650,
2021-11-17 04:00:00,43.65,1640,
2021-11-17 08:00:00,43.6,1590,
2021-11-17 10:00:00,43.56,1540,
2021-11-17 12:00:00,43.51,1480,
2021-11-17 16:00:00,43.47,1430,
2021-11-17 20:00:00,43.49,1580,
2021-11-18 00:00:00,43.51,1600,
2021-11-18 04:00:00,43.5,1590,
2021-11-18 08:00:00,43.52,1610,
2021-11-18 12:00:00,43.52,1610,
2021-11-18 16:00:00,43.54,1640,
2021-11-18 20:00:00,43.55,1650,
2021-11-19 00:00:00,43.55,1650,
2021-11-19 04:00:00,43.53,1630,
2021-11-19 08:00:00,43.53,1630,2.86
2021-11-19 12:00:00,43.49,1580,2.8
2021-11-19 16:00:00,43.45,1530,
2021-11-19 20:00:00,43.43,1510,
2021-11-20 00:00:00,43.41,1480,
2021-11-20 04:00:00,43.4,1470,
2021-11-20 08:00:00,43.39,1460,2.58
2021-11-20 12:00:00,43.37,1440,
2021-11-20 16:00:00,43.38,1450,
2021-11-20 20:00:00,43.37,1440,
2021-11-21 00:00:00,43.35,1410,
2021-11-21 04:00:00,43.37,1440,
2021-11-21 08:00:00,43.38,1450,
2021-11-21 12:00:00,43.37,1440,
2021-11-21 16:00:00,43.37,1440,
2021-11-21 20:00:00,43.37,1440,
2021-11-22 00:00:00,43.34,1400,
2021-11-22 04:00:00,43.33,1390,
2021-11-22 08:00:00,43.34,1400,
2021-11-22 12:00:00,43.33,1390,
2021-11-22 16:00:00,43.31,1370,
2021-11-22 20:00:00,43.33,1390,
2021-11-23 00:00:00,43.31,1370,
2021-11-23 04:00:00,43.31,1370,
2021-11-23 08:00:00,43.31,1370,
2021-11-23 12:00:00,43.29,1340,
2021-11-23 16:00:00,43.28,1330,
2021-11-23 20:00:00,43.28,1330,
2021-11-24 00:00:00,43.29,1340,
2021-11-24 04:00:00,43.31,1370,
2021-11-24 08:00:00,43.32,1380,3.29
2021-11-24 12:00:00,43.3,1360,
2021-11-24 16:00:00,43.3,1360,
2021-11-24 20:00:00,43.32,1380,
2021-11-25 00:00:00,43.28,1330,
2021-11-25 04:00:00,43.26,1310,
2021-11-25 08:00:00,43.27,1320,
2021-11-25 12:00:00,43.28,1330,
2021-11-25 16:00:00,43.3,1360,
2021-11-25 20:00:00,43.28,1330,
2021-11-26 00:00:00,43.28,1330,
2021-11-26 04:00:00,43.28,1330,
2021-11-26 08:00:00,43.31,1370,
2021-11-26 12:00:00,43.37,1440,
2021-11-26 16:00:00,43.31,1370,
2021-11-26 20:00:00,43.31,1370,
2021-11-27 00:00:00,43.33,1390,
2021-11-27 04:00:00,43.32,1380,
2021-11-27 08:00:00,43.34,1400,3.11
2021-11-27 12:00:00,43.34,1400,
2021-11-27 16:00:00,43.37,1440,
2021-11-27 20:00:00,43.34,1400,
2021-11-28 00:00:00,43.35,1410,
2021-11-28 04:00:00,43.35,1410,
2021-11-28 08:00:00,43.35,1410,
2021-11-28 12:00:00,43.33,1390,
2021-11-28 16:00:00,43.34,1400,
2021-11-28 20:00:00,43.33,1390,
2021-11-29 00:00:00,43.31,1370,
2021-11-29 04:00:00,43.3,1360,
2021-11-29 08:00:00,43.31,1370,
2021-11-29 12:00:00,43.31,1370,
2021-11-29 16:00:00,43.29,1340,
2021-11-29 20:00:00,43.28,1330,
2021-11-30 00:00:00,43.26,1310,
2021-11-30 04:00:00,43.29,1340,
2021-11-30 08:00:00,43.29,1340,2.58
2021-11-30 12:00:00,43.28,1330,
2021-11-30 16:00:00,43.28,1330,
2021-11-30 20:00:00,43.3,1360,
2021-12-01 00:00:00,43.29,1340,
2021-12-01 04:00:00,43.29,1340,
2021-12-01 08:00:00,43.29,1340,3.32
2021-12-01 12:00:00,43.27,1320,
2021-12-01 16:00:00,43.29,1340,
2021-12-01 20:00:00,43.3,1360,
2021-12-02 00:00:00,43.26,1310,
2021-12-02 04:00:00,43.26,1310,
2021-12-02 08:00:00,43.27,1320,3.49
2021-12-02 09:00:00,43.27,1320,3.56
2021-12-02 10:00:00,43.25,1300,
2021-12-02 11:00:00,43.25,1300,3.42
2021-12-02 12:00:00,43.25,1300,
2021-12-02 16:00:00,43.24,1290,
2021-12-02 20:00:00,43.27,1320,
2021-12-03 00:00:00,43.22,1270,
2021-12-03 04:00:00,43.18,1220,
2021-12-03 08:00:00,43.13,1160,
2021-12-03 12:00:00,43.1,1120,
2021-12-03 16:00:00,43.07,1070,
2021-12-03 20:00:00,43.07,1070,
2021-12-04 00:00:00,43.03,1010,
2021-12-04 04:00:00,43.05,1040,
2021-12-04 08:00:00,43.03,1010,
2021-12-04 12:00:00,42.94,901,
2021-12-04 13:00:00,43.0,974,
2021-12-04 14:00:00,43.14,1170,
2021-12-04 15:00:00,43.19,1230,
2021-12-04 16:00:00,43.18,1220,
2021-12-04 18:00:00,43.11,1130,
2021-12-04 20:00:00,43.05,1040,
2021-12-04 22:00:00,42.99,961,
2021-12-05 00:00:00,42.97,937,
2021-12-05 04:00:00,42.98,949,
2021-12-05 08:00:00,43.0,974,1.54
2021-12-05 12:00:00,42.97,937,
2021-12-05 16:00:00,42.99,961,
2021-12-05 20:00:00,42.96,925,
2021-12-06 00:00:00,42.97,937,
2021-12-06 04:00:00,42.96,925,
2021-12-06 08:00:00,42.96,925,
2021-12-06 12:00:00,42.91,868,
2021-12-06 16:00:00,43.03,1010,
2021-12-06 20:00:00,43.14,1170,
2021-12-07 00:00:00,43.13,1160,
2021-12-07 04:00:00,43.0,974,
2021-12-07 08:00:00,42.97,937,
2021-12-07 12:00:00,42.92,879,
2021-12-07 16:00:00,42.92,879,
2021-12-07 20:00:00,42.92,879,
2021-12-08 00:00:00,42.91,868,
2021-12-08 04:00:00,42.89,848,
2021-12-08 08:00:00,42.89,848,
2021-12-08 12:00:00,42.93,890,
2021-12-08 16:00:00,42.9,858,
2021-12-08 20:00:00,42.9,858,
2021-12-09 00:00:00,42.9,858,
2021-12-09 04:00:00,42.88,838,
2021-12-09 08:00:00,42.87,829,1.31
2021-12-09 12:00:00,42.89,848,
2021-12-09 16:00:00,42.89,848,
2021-12-09 20:00:00,42.88,838,
2021-12-10 00:00:00,42.87,829,
2021-12-10 04:00:00,42.84,802,
2021-12-10 08:00:00,42.86,819,1.47
2021-12-10 12:00:00,42.86,819,
2021-12-10 16:00:00,42.85,810,
2021-12-10 20:00:00,42.84,802,
2021-12-11 00:00:00,42.83,793,
2021-12-11 04:00:00,42.88,838,
2021-12-11 08:00:00,42.9,858,
2021-12-11 12:00:00,42.91,868,
2021-12-11 16:00:00,42.93,890,
2021-12-11 20:00:00,42.94,901,
2021-12-12 00:00:00,42.95,912,
2021-12-12 04:00:00,42.94,901,
2021-12-12 08:00:00,42.95,912,
2021-12-12 12:00:00,42.96,925,
2021-12-12 16:00:00,42.95,912,
2021-12-12 20:00:00,42.97,937,
2021-12-13 00:00:00,42.96,925,
2021-12-13 04:00:00,42.97,937,
2021-12-13 08:00:00,42.96,925,
2021-12-13 12:00:00,42.95,912,
2021-12-13 16:00:00,42.94,901,
2021-12-13 20:00:00,42.92,879,
2021-12-14 00:00:00,42.92,879,
2021-12-14 04:00:00,42.92,879,
2021-12-14 08:00:00,42.91,868,1.52
2021-12-14 12:00:00,42.9,858,
2021-12-14 16:00:00,42.92,879,
2021-12-14 20:00:00,42.9,858,
2021-12-15 00:00:00,42.88,838,
2021-12-15 04:00:00,42.88,838,
2021-12-15 08:00:00,42.89,848,
2021-12-15 12:00:00,42.89,848,
2021-12-15 16:00:00,42.91,868,
2021-12-15 20:00:00,42.9,858,
2021-12-16 00:00:00,42.91,868,
2021-12-16 04:00:00,42.94,901,
2021-12-16 08:00:00,42.94,901,
2021-12-16 12:00:00,42.94,901,
2021-12-16 16:00:00,42.96,925,
2021-12-16 20:00:00,42.97,937,
2021-12-17 00:00:00,42.97,937,
2021-12-17 04:00:00,42.99,961,
2021-12-17 08:00:00,43.02,1000,
2021-12-17 12:00:00,43.01,987,
2021-12-17 16:00:00,43.0,974,
2021-12-17 20:00:00,43.03,1010,
2021-12-18 00:00:00,43.06,1050,
2021-12-18 04:00:00,43.05,1040,
2021-12-18 08:00:00,43.06,1050,2.29
2021-12-18 12:00:00,43.06,1050,
2021-12-18 16:00:00,43.09,1110,
2021-12-18 20:00:00,43.08,1090,
2021-12-19 00:00:00,43.05,1040,
2021-12-19 04:00:00,43.06,1050,
2021-12-19 08:00:00,43.06,1050,
2021-12-19 12:00:00,43.06,1050,
2021-12-19 16:00:00,43.07,1070,
2021-12-19 20:00:00,43.09,1110,
2021-12-20 00:00:00,43.05,1040,
2021-12-20 04:00:00,43.07,1070,
2021-12-20 08:00:00,43.05,1040,2.65
2021-12-20 12:00:00,43.08,1090,
2021-12-20 16:00:00,43.07,1070,
2021-12-20 20:00:00,43.06,1050,
2021-12-21 00:00:00,43.04,1030,
2021-12-21 04:00:00,43.05,1040,
2021-12-21 08:00:00,43.06,1050,
2021-12-21 12:00:00,43.05,1040,
2021-12-21 16:00:00,43.05,1040,
2021-12-21 20:00:00,43.05,1040,
2021-12-22 00:00:00,43.05,1040,
2021-12-22 04:00:00,43.07,1070,
2021-12-22 08:00:00,43.07,1070,
2021-12-22 12:00:00,43.05,1040,
2021-12-22 16:00:00,43.05,1040,
2021-12-22 20:00:00,43.06,1050,
2021-12-23 00:00:00,43.05,1040,
2021-12-23 04:00:00,43.07,1070,
2021-12-23 08:00:00,43.07,1070,
2021-12-23 12:00:00,43.06,1050,
2021-12-23 16:00:00,43.05,1040,
2021-12-23 20:00:00,43.04,1030,
2021-12-24 00:00:00,43.06,1050,
2021-12-24 04:00:00,43.13,1160,
2021-12-24 08:00:00,43.14,1170,
2021-12-24 12:00:00,43.16,1190,
2021-12-24 16:00:00,43.18,1220,
2021-12-24 20:00:00,43.15,1180,
2021-12-25 00:00:00,43.14,1170,
2021-12-25 04:00:00,43.12,1150,
2021-12-25 08:00:00,43.12,1150,1.81
2021-12-25 12:00:00,43.12,1150,
2021-12-25 16:00:00,43.12,1150,
2021-12-25 20:00:00,43.14,1170,
2021-12-26 00:00:00,43.16,1190,
2021-12-26 04:00:00,43.14,1170,
2021-12-26 08:00:00,43.14,1170,
2021-12-26 12:00:00,43.16,1190,
2021-12-26 16:00:00,43.13,1160,
2021-12-26 20:00:00,43.15,1180,
2021-12-27 00:00:00,43.15,1180,
2021-12-27 04:00:00,43.16,1190,
2021-12-27 08:00:00,43.16,1190,
2021-12-27 12:00:00,43.15,1180,
2021-12-27 16:00:00,43.12,1150,
2021-12-27 20:00:00,43.14,1170,
2021-12-28 00:00:00,43.11,1130,
2021-12-28 04:00:00,43.12,1150,
2021-12-28 08:00:00,43.1,1120,
2021-12-28 12:00:00,43.09,1110,
2021-12-28 16:00:00,43.1,1120,
2021-12-28 20:00:00,43.09,1110,
2021-12-29 00:00:00,43.07,1070,
2021-12-29 04:00:00,43.08,1090,
2021-12-29 08:00:00,43.08,1090,
2021-12-29 12:00:00,43.09,1110,
2021-12-29 16:00:00,43.12,1150,
2021-12-29 20:00:00,43.1,1120,
2021-12-30 00:00:00,43.11,1130,
2021-12-30 04:00:00,43.1,1120,
2021-12-30 08:00:00,43.1,1120,3.12
2021-12-30 12:00:00,43.08,1090,
2021-12-30 16:00:00,43.07,1070,
2021-12-30 20:00:00,43.06,1050,
2021-12-31 00:00:00,43.07,1070,
2021-12-31 04:00:00,43.07,1070,
2021-12-31 08:00:00,43.09,1110,2.39
2021-12-31 12:00:00,43.1,1120,
2021-12-31 16:00:00,43.09,1110,
2021-12-31 20:00:00,43.07,1070,
